{
    "1": 4.0550000000000015,
    "2": 7.842500000000001,
    "3": 11.63,
    "4": 16.68,
    "5": 19.61,
    "6": 22.26,
    "7": 26.994999999999997,
    "8": 29.48,
    "9": 34.510000000000005,
    "10": 40.12,
    "11": 44.555,
    "12": 50.2,
    "13": 54.26,
    "14": 59.36,
    "15": 65.23,
    "16": 68.0,
    "17": 73.735,
    "18": 76.8,
    "19": 79.61,
    "20": 82.22,
    "21": 85.215,
    "22": 88.07,
    "23": 90.77749999999999,
    "24": 93.74,
    "25": 97.12,
    "26": 101.515,
    "27": 106.12,
    "28": 111.775,
    "29": 114.35,
    "30": 117.19,
    "31": 120.31,
    "32": 125.05,
    "33": 130.77499999999998,
    "34": 134.095,
    "35": 136.54,
    "36": 138.69,
    "37": 140.76,
    "38": 142.815,
    "39": 145.46,
    "40": 148.62,
    "41": 151.5,
    "42": 153.935,
    "43": 158.42,
    "44": 161.195,
    "45": 163.82,
    "46": 168.76,
    "47": 174.98,
    "48": 178.58999999999997,
    "49": 182.8,
    "50": 186.01999999999998,
    "51": 188.7,
    "52": 192.67000000000002,
    "53": 195.5,
    "54": 201.01,
    "55": 206.24,
    "56": 211.76,
    "57": 217.45499999999998,
    "58": 223.245,
    "59": 227.66,
    "60": 233.89999999999998,
    "61": 237.68,
    "62": 242.78,
    "63": 246.04000000000002,
    "64": 251.03,
    "65": 258.535,
    "66": 266.36,
    "67": 271.7,
    "68": 273.5,
    "69": 273.5,
    "70": 273.5,
    "71": 273.5,
    "72": 273.5
}