{
    "1": 0.5649999999999995,
    "2": 5.5375,
    "3": 10.51,
    "4": 17.14,
    "5": 22.25,
    "6": 25.18,
    "7": 30.134999999999998,
    "8": 34.28,
    "9": 39.209999999999994,
    "10": 44.7,
    "11": 50.864999999999995,
    "12": 55.97,
    "13": 62.32,
    "14": 68.96,
    "15": 77.97,
    "16": 81.44,
    "17": 87.525,
    "18": 90.3,
    "19": 94.07,
    "20": 97.48,
    "21": 100.57499999999999,
    "22": 104.395,
    "23": 107.51749999999998,
    "24": 112.06,
    "25": 117.34,
    "26": 124.85499999999999,
    "27": 129.9,
    "28": 135.655,
    "29": 139.07,
    "30": 142.09,
    "31": 146.29000000000002,
    "32": 151.31,
    "33": 156.595,
    "34": 159.755,
    "35": 162.06,
    "36": 164.57999999999998,
    "37": 167.72,
    "38": 170.335,
    "39": 173.48,
    "40": 176.70999999999998,
    "41": 180.08,
    "42": 183.45499999999998,
    "43": 188.8,
    "44": 192.315,
    "45": 195.78,
    "46": 200.0,
    "47": 206.78,
    "48": 210.99,
    "49": 217.14,
    "50": 219.695,
    "51": 222.88,
    "52": 227.20999999999998,
    "53": 230.3,
    "54": 236.64,
    "55": 242.42,
    "56": 250.06,
    "57": 254.41500000000002,
    "58": 261.745,
    "59": 266.34,
    "60": 274.37,
    "61": 277.58,
    "62": 282.32,
    "63": 285.03999999999996,
    "64": 289.57,
    "65": 298.19500000000005,
    "66": 307.65,
    "67": 311.7,
    "68": 313.5,
    "69": 313.5,
    "70": 313.5,
    "71": 313.5,
    "72": 313.5
}