{
    "1": 7.145000000000002,
    "2": 12.087500000000002,
    "3": 17.03,
    "4": 23.62,
    "5": 28.72,
    "6": 32.68,
    "7": 37.315,
    "8": 41.42,
    "9": 47.42,
    "10": 52.0,
    "11": 57.05,
    "12": 62.45,
    "13": 68.1,
    "14": 75.06,
    "15": 82.14,
    "16": 87.0,
    "17": 91.695,
    "18": 94.94,
    "19": 99.49000000000001,
    "20": 103.0,
    "21": 106.13499999999999,
    "22": 109.565,
    "23": 112.7175,
    "24": 116.4,
    "25": 121.62,
    "26": 128.935,
    "27": 132.74,
    "28": 139.89499999999998,
    "29": 143.83,
    "30": 147.22,
    "31": 151.17000000000002,
    "32": 157.31,
    "33": 163.865,
    "34": 167.07999999999998,
    "35": 169.5,
    "36": 172.18,
    "37": 174.86,
    "38": 177.8,
    "39": 182.08,
    "40": 185.85000000000002,
    "41": 189.36,
    "42": 193.535,
    "43": 199.94,
    "44": 204.375,
    "45": 208.38,
    "46": 215.5,
    "47": 222.28,
    "48": 226.89999999999998,
    "49": 231.34,
    "50": 236.095,
    "51": 240.34,
    "52": 245.64999999999998,
    "53": 249.66,
    "54": 255.61,
    "55": 260.88,
    "56": 267.8,
    "57": 273.225,
    "58": 279.55499999999995,
    "59": 285.38,
    "60": 292.245,
    "61": 297.2,
    "62": 303.68,
    "63": 308.15,
    "64": 313.9,
    "65": 323.775,
    "66": 331.74,
    "67": 336.16,
    "68": 338.32,
    "69": 338.32,
    "70": 338.32,
    "71": 338.32,
    "72": 338.32
}