{
    "1": 2.385,
    "2": 6.0075,
    "3": 9.63,
    "4": 14.46,
    "5": 17.77,
    "6": 20.54,
    "7": 25.395000000000003,
    "8": 29.3,
    "9": 34.19,
    "10": 40.08,
    "11": 43.625,
    "12": 48.69,
    "13": 52.84,
    "14": 57.56,
    "15": 64.77,
    "16": 68.48,
    "17": 72.555,
    "18": 75.36,
    "19": 79.49000000000001,
    "20": 83.22,
    "21": 86.875,
    "22": 90.255,
    "23": 93.0775,
    "24": 96.50999999999999,
    "25": 100.14,
    "26": 106.18,
    "27": 112.82,
    "28": 118.255,
    "29": 120.85,
    "30": 124.39,
    "31": 127.83,
    "32": 133.1,
    "33": 138.875,
    "34": 142.595,
    "35": 144.4,
    "36": 146.43,
    "37": 148.46,
    "38": 150.615,
    "39": 154.26,
    "40": 157.91000000000003,
    "41": 161.44,
    "42": 164.175,
    "43": 169.78,
    "44": 173.64499999999998,
    "45": 177.24,
    "46": 183.94,
    "47": 190.82,
    "48": 194.78,
    "49": 198.62,
    "50": 202.775,
    "51": 205.36,
    "52": 211.12,
    "53": 214.58,
    "54": 222.5,
    "55": 226.86,
    "56": 232.44,
    "57": 238.715,
    "58": 244.615,
    "59": 249.42,
    "60": 256.75,
    "61": 261.8,
    "62": 267.86,
    "63": 271.0,
    "64": 275.26,
    "65": 284.95500000000004,
    "66": 289.53999999999996,
    "67": 295.26,
    "68": 325.84,
    "69": 325.84,
    "70": 325.84,
    "71": 325.84,
    "72": 325.84
}