{
    "1": 3.1099999999999977,
    "2": 7.564999999999999,
    "3": 12.02,
    "4": 17.96,
    "5": 22.73,
    "6": 26.42,
    "7": 32.055,
    "8": 36.44,
    "9": 42.95,
    "10": 48.26,
    "11": 53.215,
    "12": 59.870000000000005,
    "13": 65.76,
    "14": 72.92,
    "15": 81.50999999999999,
    "16": 88.52,
    "17": 92.875,
    "18": 98.4,
    "19": 101.67,
    "20": 106.0,
    "21": 109.875,
    "22": 113.97500000000001,
    "23": 117.4375,
    "24": 121.31,
    "25": 124.92,
    "26": 131.525,
    "27": 138.56,
    "28": 145.475,
    "29": 148.99,
    "30": 152.8,
    "31": 157.37,
    "32": 163.45,
    "33": 170.675,
    "34": 173.935,
    "35": 176.46,
    "36": 179.02999999999997,
    "37": 182.0,
    "38": 185.365,
    "39": 189.02,
    "40": 193.17000000000002,
    "41": 196.9,
    "42": 200.015,
    "43": 205.18,
    "44": 208.83499999999998,
    "45": 213.1,
    "46": 220.52,
    "47": 228.7,
    "48": 232.98000000000002,
    "49": 238.86,
    "50": 241.985,
    "51": 248.08,
    "52": 252.31,
    "53": 256.84,
    "54": 266.88,
    "55": 269.26,
    "56": 278.3,
    "57": 283.115,
    "58": 290.615,
    "59": 295.8,
    "60": 302.09000000000003,
    "61": 306.02,
    "62": 311.46,
    "63": 315.2,
    "64": 321.18,
    "65": 328.475,
    "66": 332.69,
    "67": 339.42,
    "68": 341.6,
    "69": 341.6,
    "70": 341.6,
    "71": 341.6,
    "72": 341.6
}