{
    "1": 5.584999999999999,
    "2": 9.2075,
    "3": 12.83,
    "4": 17.66,
    "5": 21.310000000000002,
    "6": 25.1,
    "7": 29.354999999999997,
    "8": 33.52,
    "9": 39.230000000000004,
    "10": 42.86,
    "11": 46.605000000000004,
    "12": 50.83,
    "13": 55.8,
    "14": 61.34,
    "15": 66.47,
    "16": 69.36,
    "17": 73.155,
    "18": 75.72,
    "19": 78.73,
    "20": 81.42,
    "21": 83.775,
    "22": 86.915,
    "23": 89.245,
    "24": 92.65,
    "25": 96.36,
    "26": 102.07499999999999,
    "27": 104.98,
    "28": 109.555,
    "29": 112.47,
    "30": 115.15,
    "31": 118.63,
    "32": 123.63,
    "33": 128.435,
    "34": 131.555,
    "35": 133.78,
    "36": 136.37,
    "37": 139.18,
    "38": 142.035,
    "39": 144.7,
    "40": 147.96,
    "41": 150.76,
    "42": 153.575,
    "43": 158.46,
    "44": 161.185,
    "45": 164.3,
    "46": 170.18,
    "47": 176.04,
    "48": 178.85,
    "49": 181.94,
    "50": 185.255,
    "51": 188.82,
    "52": 192.72,
    "53": 196.5,
    "54": 201.2,
    "55": 205.52,
    "56": 210.52,
    "57": 214.58499999999998,
    "58": 220.83499999999998,
    "59": 224.7,
    "60": 230.83999999999997,
    "61": 234.14,
    "62": 238.64,
    "63": 242.0,
    "64": 247.41000000000003,
    "65": 256.71500000000003,
    "66": 261.6,
    "67": 265.14,
    "68": 266.96,
    "69": 266.96,
    "70": 266.96,
    "71": 266.96,
    "72": 266.96
}