{
    "1": 13.605000000000006,
    "2": 17.137500000000003,
    "3": 20.67,
    "4": 25.38,
    "5": 28.36,
    "6": 31.66,
    "7": 35.875,
    "8": 39.56,
    "9": 43.95,
    "10": 49.76,
    "11": 53.33,
    "12": 57.97,
    "13": 62.26,
    "14": 68.28,
    "15": 74.89,
    "16": 78.02,
    "17": 83.265,
    "18": 86.84,
    "19": 91.25,
    "20": 94.68,
    "21": 97.79499999999999,
    "22": 101.325,
    "23": 103.9375,
    "24": 108.03,
    "25": 110.94,
    "26": 117.235,
    "27": 121.96,
    "28": 126.875,
    "29": 129.43,
    "30": 132.13,
    "31": 135.70999999999998,
    "32": 141.93,
    "33": 148.275,
    "34": 151.115,
    "35": 153.38,
    "36": 155.61,
    "37": 158.06,
    "38": 160.515,
    "39": 163.7,
    "40": 166.70999999999998,
    "41": 169.66,
    "42": 173.335,
    "43": 179.62,
    "44": 182.655,
    "45": 185.76,
    "46": 191.66,
    "47": 196.98,
    "48": 200.38,
    "49": 204.62,
    "50": 207.175,
    "51": 210.08,
    "52": 213.81,
    "53": 217.04,
    "54": 222.82,
    "55": 227.68,
    "56": 232.44,
    "57": 236.815,
    "58": 242.115,
    "59": 246.96,
    "60": 252.93,
    "61": 256.74,
    "62": 262.54,
    "63": 265.36,
    "64": 270.63,
    "65": 278.015,
    "66": 281.28999999999996,
    "67": 284.44,
    "68": 326.5,
    "69": 326.5,
    "70": 326.5,
    "71": 326.5,
    "72": 326.5
}