{
    "1": 1.7749999999999986,
    "2": 6.192499999999999,
    "3": 10.61,
    "4": 16.5,
    "5": 20.07,
    "6": 23.76,
    "7": 28.455,
    "8": 32.68,
    "9": 38.75,
    "10": 42.9,
    "11": 47.185,
    "12": 52.47,
    "13": 58.1,
    "14": 64.04,
    "15": 71.83,
    "16": 75.96,
    "17": 80.505,
    "18": 84.2,
    "19": 88.61,
    "20": 92.42,
    "21": 96.29499999999999,
    "22": 100.33,
    "23": 103.5775,
    "24": 107.67,
    "25": 111.98,
    "26": 116.57499999999999,
    "27": 122.44,
    "28": 128.255,
    "29": 131.77,
    "30": 134.43,
    "31": 137.82999999999998,
    "32": 143.43,
    "33": 149.29500000000002,
    "34": 152.555,
    "35": 154.94,
    "36": 157.2,
    "37": 159.54,
    "38": 162.575,
    "39": 165.6,
    "40": 168.47,
    "41": 171.06,
    "42": 174.095,
    "43": 178.6,
    "44": 181.48000000000002,
    "45": 184.32,
    "46": 188.72,
    "47": 194.66,
    "48": 198.47,
    "49": 202.7,
    "50": 206.785,
    "51": 210.54,
    "52": 215.81,
    "53": 220.44,
    "54": 226.82999999999998,
    "55": 231.58,
    "56": 237.32,
    "57": 243.015,
    "58": 250.245,
    "59": 255.6,
    "60": 263.04999999999995,
    "61": 266.82,
    "62": 271.34,
    "63": 274.28,
    "64": 279.19,
    "65": 283.235,
    "66": 286.55,
    "67": 291.72,
    "68": 293.6,
    "69": 293.6,
    "70": 293.6,
    "71": 293.6,
    "72": 293.6
}