{
    "1": 4.340000000000001,
    "2": 8.0,
    "3": 11.66,
    "4": 16.54,
    "5": 19.810000000000002,
    "6": 23.1,
    "7": 27.755000000000003,
    "8": 31.84,
    "9": 37.07,
    "10": 42.1,
    "11": 46.115,
    "12": 51.709999999999994,
    "13": 55.36,
    "14": 62.1,
    "15": 68.55,
    "16": 70.9,
    "17": 76.035,
    "18": 78.6,
    "19": 81.81,
    "20": 84.94,
    "21": 87.735,
    "22": 91.08500000000001,
    "23": 93.55749999999999,
    "24": 97.72,
    "25": 100.68,
    "26": 106.095,
    "27": 112.76,
    "28": 118.57499999999999,
    "29": 121.15,
    "30": 124.55,
    "31": 128.45,
    "32": 134.75,
    "33": 141.695,
    "34": 145.415,
    "35": 148.34,
    "36": 151.25,
    "37": 154.34,
    "38": 157.035,
    "39": 160.68,
    "40": 163.93,
    "41": 166.6,
    "42": 169.115,
    "43": 173.36,
    "44": 176.345,
    "45": 179.44,
    "46": 185.38,
    "47": 190.82,
    "48": 194.41000000000003,
    "49": 197.9,
    "50": 201.375,
    "51": 204.84,
    "52": 209.03,
    "53": 213.7,
    "54": 222.005,
    "55": 225.16,
    "56": 231.04,
    "57": 235.41500000000002,
    "58": 241.495,
    "59": 247.82,
    "60": 255.8,
    "61": 259.06,
    "62": 264.42,
    "63": 267.28,
    "64": 271.95,
    "65": 281.875,
    "66": 289.40999999999997,
    "67": 293.3,
    "68": 295.1,
    "69": 295.1,
    "70": 295.1,
    "71": 295.1,
    "72": 295.1
}