{
    "1": 0,
    "2": 0.8099999999999987,
    "3": 7.02,
    "4": 15.3,
    "5": 23.009999999999998,
    "6": 27.06,
    "7": 34.175,
    "8": 38.68,
    "9": 44.59,
    "10": 50.62,
    "11": 55.235,
    "12": 62.19,
    "13": 65.82,
    "14": 70.88,
    "15": 80.03,
    "16": 83.82,
    "17": 87.93,
    "18": 90.96,
    "19": 93.95,
    "20": 96.9,
    "21": 99.215,
    "22": 102.015,
    "23": 104.30250000000001,
    "24": 107.16,
    "25": 110.46,
    "26": 117.525,
    "27": 123.06,
    "28": 128.075,
    "29": 130.55,
    "30": 132.93,
    "31": 136.32,
    "32": 141.89,
    "33": 146.515,
    "34": 149.115,
    "35": 150.94,
    "36": 152.87,
    "37": 154.7,
    "38": 157.015,
    "39": 159.92,
    "40": 162.87,
    "41": 165.6,
    "42": 168.515,
    "43": 172.42,
    "44": 174.91500000000002,
    "45": 177.58,
    "46": 182.06,
    "47": 196.56,
    "48": 203.59,
    "49": 212.26,
    "50": 218.675,
    "51": 225.04,
    "52": 233.44,
    "53": 241.66,
    "54": 252.14,
    "55": 257.7,
    "56": 268.72,
    "57": 272.835,
    "58": 285.445,
    "59": 294.14,
    "60": 303.605,
    "61": 307.56,
    "62": 312.32,
    "63": 314.86,
    "64": 319.27,
    "65": 327.595,
    "66": 330.45,
    "67": 334.44,
    "68": 372.76,
    "69": 372.76,
    "70": 372.76,
    "71": 372.76,
    "72": 372.76
}