{
    "1": 0.45999999999999974,
    "2": 1.6058685525299612,
    "3": 3.324671381324903,
    "4": 4.2795618417665375,
    "5": 6.0938537166056435,
    "6": 7.268744177047278,
    "7": 8.80485337063084,
    "8": 9.751459374195527,
    "9": 10.515371742548835,
    "10": 11.279284110902141,
    "11": 12.04319647925545,
    "12": 13.377418454066557,
    "13": 16.982289107040668,
    "14": 17.9659116764037,
    "15": 18.76982404475701,
    "16": 19.533736413110315,
    "17": 20.39647317219543,
    "18": 21.472539241905256,
    "19": 22.264677415387844,
    "20": 23.423248227903937,
    "21": 24.34623253114183,
    "22": 25.561122991583467,
    "23": 26.325035359936773,
    "24": 27.11447386414504,
    "25": 31.02768421518649,
    "26": 33.462574675628126,
    "27": 35.277465136069765,
    "28": 36.37102003538455,
    "29": 37.857934809164554,
    "30": 38.737834689631086,
    "31": 39.43958174761548,
    "32": 40.22349411596879,
    "33": 41.43838457641042,
    "34": 42.76876408289622,
    "35": 43.40329587732487,
    "36": 43.48920908847937,
    "37": 44.615391648397775,
    "38": 45.81126020092774,
    "39": 46.89356437672885,
    "40": 48.35495349016432,
    "41": 49.88277822687093,
    "42": 50.93315773335673,
    "43": 51.983537239842526,
    "44": 53.03391674632832,
    "45": 54.08429625281412,
    "46": 57.613610911159896,
    "47": 58.70109947841428,
    "48": 59.815434772271516,
    "49": 62.28581427875731,
    "50": 63.04972664711062,
    "51": 63.8284109918327,
    "52": 64.58073435201871,
    "53": 65.68464672037202,
    "54": 66.52855908872532,
    "55": 67.29247145707862,
    "56": 68.05638382543192,
    "57": 68.82029619378524,
    "58": 69.95518665422688,
    "59": 70.65784861880627,
    "60": 71.3083875180161,
    "61": 71.92636985854385,
    "62": 73.54385061758961,
    "63": 74.01874107803125,
    "64": 75.6787719534131,
    "65": 76.6362171836339,
    "66": 78.1836958586324,
    "67": 78.35686466810193,
    "68": 79.8094414392552,
    "69": 81.10433189969682,
    "70": 82.10412213402506,
    "71": 82.85215663640342,
    "72": 83.81352354842252,
    "73": 84.54101918930397,
    "74": 85.2052420265925,
    "75": 85.95111057912246,
    "76": 86.68465275443495,
    "77": 87.44856512278825,
    "78": 88.53639612311456,
    "79": 88.75990076262029,
    "80": 89.45323650411315,
    "81": 89.849514466174,
    "82": 90.32377297985967,
    "83": 90.80719034025228,
    "84": 91.51986406961473,
    "85": 94.80385665165257,
    "86": 97.47339063506872,
    "87": 98.17950612506579,
    "88": 98.9434184934191,
    "89": 99.54935155139366,
    "90": 100.9728804288119,
    "91": 101.90920053585101,
    "92": 102.65004605892065,
    "93": 103.68286034259704,
    "94": 104.48884888771559,
    "95": 105.74373934815723,
    "96": 106.50765171651054,
    "97": 107.46254217695217,
    "98": 108.22645454530549,
    "99": 109.2103669136588,
    "100": 110.5742792820121,
    "101": 111.52916974245373,
    "102": 112.29308211080703,
    "103": 112.85699447916035,
    "104": 113.75434822282088,
    "105": 114.2267754000436,
    "106": 114.72464443136334,
    "107": 115.32557822883855,
    "108": 116.78949059719186,
    "109": 117.58670148277258,
    "110": 118.21731533389848,
    "111": 118.67457187831525,
    "112": 119.40514007060509,
    "113": 121.37296480731172,
    "114": 122.11687717566501,
    "115": 123.06460763833662,
    "116": 123.43205166338456,
    "117": 124.14801569512241,
    "118": 124.91192806347571,
    "119": 234.78783361727318,
    "120": 235.08657132409968,
    "121": 236.04263121217434,
    "122": 237.35635224498296,
    "123": 240.87124270542458,
    "124": 242.0661331658662,
    "125": 243.0410236263079,
    "126": 243.9959140867495,
    "127": 245.0308963698881,
    "128": 246.20569500763276,
    "129": 247.70610768506782,
    "130": 248.815475928516,
    "131": 249.75036638895767,
    "132": 250.7052568493993,
    "133": 251.70014730984093,
    "134": 252.65503777028255,
    "135": 253.2313985646145,
    "136": 253.50346011205647,
    "137": 254.15217382364466,
    "138": 255.17189941807368,
    "139": 256.66426624646857,
    "140": 258.9921902664662,
    "141": 259.919270993374,
    "142": 261.7941614538156,
    "143": 262.7490519142573,
    "144": 263.55296428261056,
    "145": 264.44843832548196,
    "146": 266.4903945096586,
    "147": 267.26235069383523,
    "148": 268.04295026325246,
    "149": 268.89626306218855,
    "150": 270.3582192463652,
    "151": 271.2203508610837,
    "152": 271.8652789688311,
    "153": 272.50817559779034,
    "154": 273.23813194921553,
    "155": 273.5122800100349,
    "156": 273.7598690542754,
    "157": 274.48382507120357,
    "158": 275.28160615933535,
    "159": 276.0274747118653,
    "160": 276.8233432643953,
    "161": 277.5394745446168,
    "162": 278.341693456485,
    "163": 278.9126000154131,
    "164": 279.6156058248383,
    "165": 280.35512401803004,
    "166": 280.9495181931917,
    "167": 281.77147437736835,
    "168": 282.52686112308993,
    "169": 283.33077349144327,
    "170": 284.1346858597966,
    "171": 284.89929911407495,
    "172": 285.6625105965032,
    "173": 286.70605741214115,
    "174": 288.2103353332098,
    "175": 289.08307063296996,
    "176": 289.84724010487463,
    "177": 290.64310865740464,
    "178": 291.3935756905969,
    "179": 292.2949485874882,
    "180": 293.1707143149944,
    "181": 294.2488609558415,
    "182": 294.8410980568022,
    "183": 295.2827733241948,
    "184": 296.12829672176576,
    "185": 296.91668569254807,
    "186": 297.4487405041394,
    "187": 298.2811961218028,
    "188": 299.05255424507806,
    "189": 299.8090208585094,
    "190": 300.8993998402941,
    "191": 301.656845595216,
    "192": 302.441136945354,
    "193": 303.18700549788394,
    "194": 303.98287405041395,
    "195": 304.71249506862927,
    "196": 305.46461115547396,
    "197": 306.2104797080038,
    "198": 306.9821160868446,
    "199": 307.7281445420425,
    "200": 308.67602845519787,
    "201": 309.33798463937455,
    "202": 310.0699408235512,
    "203": 310.8237940154557,
    "204": 311.60770638380905,
    "205": 312.6258093760812,
    "206": 313.83553112051567,
    "207": 314.799443488869,
    "208": 315.6233558572223,
    "209": 316.4009023383633,
    "210": 317.2111805939289,
    "211": 318.3387065133447,
    "212": 319.53900533063546,
    "213": 320.22291769898885,
    "214": 321.2302451010132,
    "215": 321.9707424356954,
    "216": 322.7346548040487,
    "217": 323.49856717240203,
    "218": 325.45173567852873,
    "219": 326.42639190910864,
    "220": 327.190304277462,
    "221": 329.47190330414134,
    "222": 331.89830270663765,
    "223": 334.10204138252186,
    "224": 334.8659537508752,
    "225": 338.7596251338398,
    "226": 339.6937784875818,
    "227": 340.42661451356105,
    "228": 340.9532825794307,
    "229": 341.82992806675503,
    "230": 343.36942796099504,
    "231": 344.2300272844586,
    "232": 345.4772526977017,
    "233": 347.38116506605496,
    "234": 348.1850774344083,
    "235": 348.99348470414236,
    "236": 350.7152239080068,
    "237": 351.3768145394682,
    "238": 352.14072690782154,
    "239": 352.89231963808743,
    "240": 353.6285516445281,
    "241": 354.3924640128814,
    "242": 355.27637638123474,
    "243": 356.04028874958806,
    "244": 357.01758960501485,
    "245": 358.559091578383,
    "246": 359.5539820388246,
    "247": 360.9778944071779,
    "248": 362.74180677553124,
    "249": 363.3828595719423,
    "250": 364.12963151223784,
    "251": 364.8935438805911,
    "252": 365.6574562489444,
    "253": 366.4699160642169,
    "254": 367.3505619713021,
    "255": 368.1491933540044,
    "256": 368.95310572235763,
    "257": 369.497018090711,
    "258": 369.8392373157602,
    "259": 370.26648428274177,
    "260": 370.90875519577094,
    "261": 371.67266756412425,
    "262": 372.4848698987163,
    "263": 374.35455996432034,
    "264": 375.60440466918413,
    "265": 376.76831703753743,
    "266": 377.55611470294537,