{
    "1": 0.0,
    "2": 1.5,
    "3": 4.21,
    "4": 5.46,
    "5": 8.055,
    "6": 9.305,
    "7": 11.305,
    "8": 12.555,
    "9": 16.915,
    "10": 17.995,
    "11": 19.035,
    "12": 20.115,
    "13": 21.2925,
    "14": 22.5175,
    "15": 23.597499999999997,
    "16": 24.737499999999997,
    "17": 25.9775,
    "18": 27.215,
    "19": 28.535,
    "20": 31.175,
    "21": 33.835,
    "22": 35.8275,
    "23": 37.7975,
    "24": 38.6175,
    "25": 42.38979166666667,
    "26": 43.42639583333334,
    "27": 43.50157291666667,
    "28": 44.48979166666667,
    "29": 45.48979166666667,
    "30": 46.87239583333333,
    "31": 47.82454166666667,
    "32": 48.81239583333333,
    "33": 50.03479166666666,
    "34": 51.40979166666666,
    "35": 52.40979166666666,
    "36": 54.34187499999996,
    "37": 58.14968749999999,
    "38": 59.73979166666666,
    "39": 62.669687499999995,
    "40": 64.6696875,
    "41": 67.0896875,
    "42": 68.45479166666667,
    "43": 70.00979166666667,
    "44": 71.25239583333334,
    "45": 72.33979166666666,
    "46": 73.03347916666667,
    "47": 73.69667708333333,
    "48": 74.84479166666667,
    "49": 76.18968749999999,
    "50": 77.18968749999999,
    "51": 78.04970833333331,
    "52": 78.3494375,
    "53": 79.09593749999999,
    "54": 80.15343749999997,
    "55": 81.44072916666666,
    "56": 82.6559375,
    "57": 83.6559375,
    "58": 84.55221875,
    "59": 85.33395833333331,
    "60": 86.33395833333331,
    "61": 87.33395833333331,
    "62": 89.84784375000001,
    "63": 90.51145833333332,
    "64": 92.48145833333332,
    "65": 94.77145833333333,
    "66": 97.54968749999998,
    "67": 98.71645833333332,
    "68": 101.17645833333331,
    "69": 102.42645833333331,
    "70": 103.42645833333331,
    "71": 104.54645833333332,
    "72": 106.09645833333332,
    "73": 107.09645833333332,
    "74": 108.59645833333332,
    "75": 110.41645833333331,
    "76": 111.41645833333331,
    "77": 112.41645833333331,
    "78": 113.67645833333331,
    "79": 114.17645833333331,
    "80": 114.85483333333332,
    "81": 116.54968749999998,
    "82": 117.70919791666667,
    "83": 118.56791666666666,
    "84": 119.31645833333332,
    "85": 122.59335416666666,
    "86": 124.55395833333331,
    "87": 125.61395833333331,
    "88": 126.79395833333331,
    "89": 127.69071875,
    "90": 128.40395833333332,
    "91": 129.40395833333332,
    "92": 130.20395833333333,
    "93": 130.70221875,
    "94": 130.97395833333331,
    "95": 132.23593749999998,
    "96": 133.31031249999998,
    "97": 134.59395833333332,
    "98": 135.60697916666666,
    "99": 136.52697916666665,
    "100": 137.52697916666665,
    "101": 139.06395833333332,
    "102": 140.14395833333333,
    "103": 140.70463541666666,
    "104": 141.67161458333334,
    "105": 142.6159375,
    "106": 143.41593749999998,
    "107": 144.33656249999999,
    "108": 145.34697916666667,
    "109": 146.56697916666667,
    "110": 147.86697916666665,
    "111": 148.86697916666665,
    "112": 149.78697916666667,
    "113": 150.90847916666667,
    "114": 151.58697916666665,
    "115": 153.57895833333333,
    "116": 154.43895833333332,
    "117": 155.43895833333332,
    "118": 156.43895833333332,
    "119": 158.43458333333325,
    "120": 159.17944791666665,
    "121": 160.13874999999996,
    "122": 161.49406249999998,
    "123": 162.73895833333333,
    "124": 163.90604166666662,
    "125": 165.17895833333333,
    "126": 166.5230208333333,
    "127": 167.87895833333332,
    "128": 169.12895833333334,
    "129": 170.7747916666666,
    "130": 172.13447916666667,
    "131": 173.89791666666665,
    "132": 175.32687499999997,
    "133": 177.03874999999996,
    "134": 178.82260416666665,
    "135": 180.11895833333332,
    "136": 180.64895833333333,
    "137": 181.73895833333333,
    "138": 182.75447916666667,
    "139": 184.39895833333333,
    "140": 185.38895833333333,
    "141": 186.01967708333333,
    "142": 189.47447916666664,
    "143": 190.77895833333332,
    "144": 191.21895833333332,
    "145": 192.21895833333332,
    "146": 193.21895833333332,
    "147": 194.0393333333333,
    "148": 194.55895833333332,
    "149": 195.22297916666668,
    "150": 195.40213541666665,
    "151": 196.27895833333332,
    "152": 196.79895833333333,
    "153": 199.07895833333333,
    "154": 200.11895833333332,
    "155": 201.1389583333333,
    "156": 202.05909375,
    "157": 202.5389583333333,
    "158": 203.5389583333333,
    "159": 204.5389583333333,
    "160": 205.5389583333333,
    "161": 206.35895833333333,
    "162": 206.78176041666669,
    "163": 207.23933333333332,
    "164": 207.88495833333332,
    "165": 208.33895833333332,
    "166": 209.33895833333332,
    "167": 209.90896874999999,
    "168": 210.37895833333332,
    "169": 211.13290625000002,
    "170": 212.05895833333332,
    "171": 212.99895833333332,
    "172": 213.99895833333332,
    "173": 214.99895833333332,
    "174": 215.99895833333332,
    "175": 216.99895833333332,
    "176": 217.99895833333332,
    "177": 218.99895833333332,
    "178": 219.99895833333332,
    "179": 220.99895833333332,
    "180": 221.99895833333332,
    "181": 222.89895833333333,
    "182": 223.89895833333333,
    "183": 224.89895833333333,
    "184": 225.89895833333333,
    "185": 226.89895833333333,
    "186": 228.01895833333333,
    "187": 229.05854166666666,
    "188": 230.1989583333333,
    "189": 231.1989583333333,
    "190": 232.21895833333332,
    "191": 233.21895833333332,
    "192": 234.14276041666668,
    "193": 234.6989583333333,
    "194": 234.79897916666667,
    "195": 235.6389583333333,
    "196": 236.99895833333332,
    "197": 239.1989583333333,
    "198": 241.7589583333333,
    "199": 242.8189583333333,
    "200": 243.8189583333333,
    "201": 244.8189583333333,
    "202": 246.11895833333332,
    "203": 247.55895833333332,
    "204": 248.8189583333333,
    "205": 249.79895833333333,
    "206": 250.79895833333333,
    "207": 251.83895833333332,
    "208": 252.83895833333332,
    "209": 253.23796875,
    "210": 253.68927083333332,
    "211": 254.27442708333334,
    "212": 255.71895833333332,
    "213": 258.5989583333333,
    "214": 259.4189583333333,
    "215": 260.4389583333333,
    "216": 262.3389583333333,
    "217": 263.33947916666665,
    "218": 264.4794791666667,
    "219": 266.7394791666667,
    "220": 267.77947916666665,
    "221": 268.89947916666665,
    "222": 270.57947916666666,
    "223": 271.6866145833333,
    "224": 272.45947916666665,
    "225": 273.4194791666667,
    "226": 273.53294791666667,
    "227": 274.37947916666667,
    "228": 275.37947916666667,
    "229": 276.37947916666667,
    "230": 277.37947916666667,
    "231": 278.37947916666667,
    "232": 279.13953125,
    "233": 280.13947916666666,
    "234": 280.95947916666665,
    "235": 281.9994791666667,
    "236": 283.0594791666667,
    "237": 284.0994791666667,
    "238": 285.0994791666667,
    "239": 286.33947916666665,
    "240": 288.1194791666667,
    "241": 289.2194791666667,
    "242": 290.2194791666667,
    "243": 291.2194791666667,
    "244": 292.6579166666667,
    "245": 294.0289583333334,
    "246": 294.85996875,
    "247": 295.7994791666667,
    "248": 296.9194791666667,
    "249": 297.69947916666666,
    "250": 298.75947916666667,
    "251": 299.75947916666667,
    "252": 301.07947916666666,
    "253": 302.07947916666666,
    "254": 303.07947916666666,
    "255": 304.07947916666666,
    "256": 305.0394791666667,
    "257": 306.01947916666666,
    "258": 307.01947916666666,
    "259": 308.19947916666666,
    "260": 309.19947916666666,
    "261": 310.07947916666666,
    "262": 311.07947916666666,
    "263": 312.33947916666665,
    "264": 313.7994791666667,
    "265": 314.9994791666667,
    "266": 316.0594791666667,
    "267": 317.1194791666667,
    "268": 318.7789583333333,
    "269": 319.91895833333336,
    "270": 321.05895833333335,
    "271": 322.05895833333335,
    "272": 323.05895833333335,
    "273": 325.05895833333335,
    "274": 326.4589583333333,
    "275": 327.4589583333333,