{
    "1": 0.0,
    "2": 1.6,
    "3": 3.83,
    "4": 5.1,
    "5": 8.745,
    "6": 10.025,
    "7": 12.02175,
    "8": 13.094999999999999,
    "9": 14.094999999999999,
    "10": 15.094999999999999,
    "11": 16.335,
    "12": 17.335,
    "13": 20.712500000000006,
    "14": 22.33249999999999,
    "15": 25.4975,
    "16": 26.4975,
    "17": 27.617499999999996,
    "18": 28.855,
    "19": 29.855,
    "20": 31.715,
    "21": 32.376,
    "22": 33.46425,
    "23": 34.3975,
    "24": 36.097500000000004,
    "25": 42.13166666666667,
    "26": 43.87989583333333,
    "27": 45.445625,
    "28": 47.26979166666666,
    "29": 49.16979166666667,
    "30": 50.692395833333336,
    "31": 52.37072916666665,
    "32": 56.986875,
    "33": 59.05479166666667,
    "34": 60.369791666666664,
    "35": 61.194583333333334,
    "36": 61.759791666666665,
    "37": 63.24645833333331,
    "38": 67.31979166666666,
    "39": 71.40968749999999,
    "40": 73.40968749999999,
    "41": 75.53697916666664,
    "42": 77.404375,
    "43": 78.82979166666667,
    "44": 81.39239583333334,
    "45": 83.00069791666667,
    "46": 84.37479166666667,
    "47": 85.62979166666666,
    "48": 87.62479166666667,
    "49": 89.54968749999999,
    "50": 90.5896875,
    "51": 91.91593749999998,
    "52": 92.72156249999999,
    "53": 93.67593749999999,
    "54": 94.77593749999998,
    "55": 95.77593749999998,
    "56": 98.59593749999999,
    "57": 99.93833333333332,
    "58": 101.71395833333331,
    "59": 102.79395833333331,
    "60": 103.79395833333331,
    "61": 104.93395833333331,
    "62": 108.956875,
    "63": 110.19145833333333,
    "64": 112.24145833333333,
    "65": 113.37145833333332,
    "66": 115.78968749999999,
    "67": 119.39645833333331,
    "68": 124.39645833333331,
    "69": 125.64645833333331,
    "70": 126.64645833333331,
    "71": 127.95770833333327,
    "72": 130.43645833333332,
    "73": 132.9164583333333,
    "74": 134.4564583333333,
    "75": 135.4564583333333,
    "76": 136.4564583333333,
    "77": 139.76471875,
    "78": 144.3564583333333,
    "79": 145.65645833333332,
    "80": 147.38364583333325,
    "81": 149.3290624999999,
    "82": 150.43645833333332,
    "83": 152.51291666666663,
    "84": 153.5764583333333,
    "85": 158.77395833333333,
    "86": 161.77395833333333,
    "87": 162.7339583333333,
    "88": 163.93395833333332,
    "89": 165.22395833333331,
    "90": 166.14395833333333,
    "91": 167.14395833333333,
    "92": 167.96395833333332,
    "93": 169.13177083333332,
    "94": 169.77916666666667,
    "95": 170.1559375,
    "96": 170.8359375,
    "97": 171.98585416666666,
    "98": 172.54697916666666,
    "99": 173.54697916666666,
    "100": 174.82177083333332,
    "101": 176.58395833333333,
    "102": 178.76395833333333,
    "103": 179.76395833333333,
    "104": 181.30697916666665,
    "105": 182.79593749999998,
    "106": 183.85593749999998,
    "107": 185.10697916666666,
    "108": 186.10697916666666,
    "109": 187.08697916666665,
    "110": 187.36697916666665,
    "111": 188.36697916666665,
    "112": 189.34697916666667,
    "113": 191.32697916666666,
    "114": 192.32697916666666,
    "115": 194.99895833333332,
    "116": 196.03874999999996,
    "117": 197.51895833333333,
    "118": 198.61895833333332,
    "119": 199.61895833333332,
    "120": 200.76895833333333,
    "121": 201.85895833333333,
    "122": 203.35447916666666,
    "123": 204.4789583333333,
    "124": 206.12895833333334,
    "125": 212.1389583333333,
    "126": 214.70552083333308,
    "127": 217.27895833333332,
    "128": 219.38895833333333,
    "129": 220.6389583333333,
    "130": 221.93447916666668,
    "131": 228.2172916666661,
    "132": 229.60895833333333,
    "133": 232.48229166666644,
    "134": 233.9140625,
    "135": 234.95895833333333,
    "136": 236.109375,
    "137": 237.27916666666667,
    "138": 237.53447916666664,
    "139": 238.37494791666666,
    "140": 238.97814583333331,
    "141": 240.07895833333333,
    "142": 240.99447916666668,
    "143": 242.20609374999998,
    "144": 243.17895833333333,
    "145": 244.17895833333333,
    "146": 245.11067708333331,
    "147": 245.71937499999999,
    "148": 246.6989583333333,
    "149": 248.33895833333332,
    "150": 249.33895833333332,
    "151": 250.05895833333332,
    "152": 250.4789583333333,
    "153": 251.29895833333333,
    "154": 252.35895833333333,
    "155": 253.37895833333332,
    "156": 254.4189583333333,
    "157": 255.37895833333332,
    "158": 256.1189583333333,
    "159": 256.7389583333333,
    "160": 257.7389583333333,
    "161": 258.69895833333334,
    "162": 259.69895833333334,
    "163": 259.9789583333333,
    "164": 260.9789583333333,
    "165": 261.9989583333333,
    "166": 263.0389583333333,
    "167": 264.1789583333333,
    "168": 264.84796875,
    "169": 265.0427604166667,
    "170": 265.4589583333333,
    "171": 266.4789583333333,
    "172": 267.4389583333333,
    "173": 268.4389583333333,
    "174": 269.4389583333333,
    "175": 270.4389583333333,
    "176": 271.4191666666667,
    "177": 272.31895833333334,
    "178": 273.2389583333333,
    "179": 274.2389583333333,
    "180": 275.85770833333333,
    "181": 277.75895833333334,
    "182": 278.75895833333334,
    "183": 279.75895833333334,
    "184": 281.4189583333333,
    "185": 282.4189583333333,
    "186": 283.4189583333333,
    "187": 284.3589583333333,
    "188": 284.9989583333333,
    "189": 285.8389583333333,
    "190": 287.11854166666666,
    "191": 289.6383333333333,
    "192": 290.8789583333333,
    "193": 291.93833333333333,
    "194": 295.4189583333333,
    "195": 296.6589583333333,
    "196": 297.6789583333333,
    "197": 298.6789583333333,
    "198": 299.6789583333333,
    "199": 300.6789583333333,
    "200": 301.6789583333333,
    "201": 302.7989583333333,
    "202": 303.7189583333333,
    "203": 304.69895833333334,
    "204": 305.7189583333333,
    "205": 306.6789583333333,
    "206": 307.81895833333334,
    "207": 308.81895833333334,
    "208": 309.7189583333333,
    "209": 310.7189583333333,
    "210": 311.69895833333334,
    "211": 312.69895833333334,
    "212": 313.69895833333334,
    "213": 314.93874999999997,
    "214": 316.25895833333334,
    "215": 317.25895833333334,
    "216": 318.25895833333334,
    "217": 320.0994791666667,
    "218": 321.3594791666667,
    "219": 322.3594791666667,
    "220": 323.51947916666666,
    "221": 324.51947916666666,
    "222": 325.5394791666667,
    "223": 326.9394791666667,
    "224": 327.9394791666667,
    "225": 329.31947916666667,
    "226": 330.49906250000004,
    "227": 331.6194791666667,
    "228": 332.4994791666667,
    "229": 333.4994791666667,
    "230": 334.4994791666667,
    "231": 335.33947916666665,
    "232": 336.13947916666666,
    "233": 336.9994791666667,
    "234": 337.75947916666667,
    "235": 338.75947916666667,
    "236": 338.85798958333334,
    "237": 339.0594791666667,
    "238": 340.0594791666667,
    "239": 341.0394791666667,
    "240": 342.0394791666667,
    "241": 342.89947916666665,
    "242": 343.89947916666665,
    "243": 344.89947916666665,
    "244": 346.16895833333336,
    "245": 347.18895833333335,
    "246": 348.4394791666667,
    "247": 349.4394791666667,
    "248": 350.4394791666667,
    "249": 351.4394791666667,
    "250": 352.42661458333333,
    "251": 353.31947916666667,
    "252": 354.07947916666666,
    "253": 355.07947916666666,
    "254": 356.0594791666667,
    "255": 357.0594791666667,
    "256": 358.0594791666667,
    "257": 359.07947916666666,
    "258": 360.63947916666666,
    "259": 361.7994791666667,
    "260": 363.13947916666666,
    "261": 366.19947916666666,
    "262": 368.3594791666667,
    "263": 369.75947916666667,
    "264": 372.4394791666667,
    "265": 373.45937499999997,
    "266": 374.89947916666665,
    "267": 376.3594791666667,
    "268": 377.37895833333334,
    "269": 378.67625000000004,
    "270": 380.0375000000001,
    "271": 382.7789583333333,
    "272": 383.7789583333333,
    "273": 384.85812500000003,
    "274": 385.7995833333334,