{
    "1": 0.0,
    "2": 4.36,
    "3": 8.559999999999999,
    "4": 10.8,
    "5": 14.07,
    "6": 17.51,
    "7": 20.565,
    "8": 23.595,
    "9": 29.14999999999999,
    "10": 31.595,
    "11": 34.33,
    "12": 35.415,
    "13": 37.1875,
    "14": 38.917500000000004,
    "15": 40.557500000000005,
    "16": 42.20249999999999,
    "17": 43.82749999999999,
    "18": 45.355000000000004,
    "19": 46.980000000000004,
    "20": 48.875,
    "21": 50.555,
    "22": 51.9975,
    "23": 53.3225,
    "24": 54.737500000000004,
    "25": 60.85604166666666,
    "26": 63.7878125,
    "27": 66.58979166666667,
    "28": 68.99916666666667,
    "29": 70.82979166666667,
    "30": 73.05239583333334,
    "31": 74.99572916666666,
    "32": 77.25239583333334,
    "33": 79.03270833333333,
    "34": 80.88979166666667,
    "35": 82.88145833333333,
    "36": 85.39979166666666,
    "37": 86.98135416666666,
    "38": 88.69979166666667,
    "39": 90.2296875,
    "40": 91.7496875,
    "41": 93.18422916666667,
    "42": 94.29479166666667,
    "43": 96.30979166666667,
    "44": 98.11239583333334,
    "45": 99.50770833333333,
    "46": 101.35479166666667,
    "47": 102.74979166666667,
    "48": 104.60479166666667,
    "49": 105.99343749999998,
    "50": 107.10968749999999,
    "51": 108.80218749999996,
    "52": 110.77989583333331,
    "53": 112.4142708333333,
    "54": 114.10385416666664,
    "55": 115.54468749999998,
    "56": 117.18385416666663,
    "57": 118.64781249999996,
    "58": 120.58354166666665,
    "59": 121.97312499999997,
    "60": 123.55395833333331,
    "61": 124.55656249999998,
    "62": 129.12749999999997,
    "63": 132.3314583333333,
    "64": 135.79375,
    "65": 138.25145833333332,
    "66": 142.14968749999997,
    "67": 144.33645833333333,
    "68": 147.71291666666662,
    "69": 149.02645833333332,
    "70": 151.86645833333333,
    "71": 154.2804166666666,
    "72": 156.71645833333332,
    "73": 158.09104166666663,
    "74": 159.85104166666665,
    "75": 161.63124999999994,
    "76": 163.2964583333333,
    "77": 165.31645833333332,
    "78": 166.86562499999997,
    "79": 168.18374999999997,
    "80": 169.8183333333333,
    "81": 171.49885416666663,
    "82": 172.5764583333333,
    "83": 173.92395833333327,
    "84": 175.55645833333332,
    "85": 180.5139583333333,
    "86": 189.05395833333333,
    "87": 191.33666666666662,
    "88": 193.14270833333327,
    "89": 194.78541666666663,
    "90": 196.32395833333334,
    "91": 198.11833333333334,
    "92": 199.72791666666666,
    "93": 201.2939583333333,
    "94": 202.92624999999995,
    "95": 205.36072916666666,
    "96": 207.34947916666664,
    "97": 209.29833333333332,
    "98": 211.43072916666654,
    "99": 212.80697916666665,
    "100": 214.53916666666666,
    "101": 216.1639583333333,
    "102": 217.74395833333332,
    "103": 219.76395833333333,
    "104": 221.72697916666667,
    "105": 223.75270833333332,
    "106": 225.4230208333333,
    "107": 228.0217708333333,
    "108": 230.10697916666666,
    "109": 232.76791666666662,
    "110": 233.76697916666666,
    "111": 235.04697916666666,
    "112": 237.18697916666665,
    "113": 239.96697916666665,
    "114": 241.54697916666666,
    "115": 243.9189583333333,
    "116": 245.83791666666664,
    "117": 249.57729166666664,
    "118": 254.93895833333332,
    "119": 256.0589583333333,
    "120": 257.74895833333335,
    "121": 259.13895833333333,
    "122": 260.67447916666663,
    "123": 261.81895833333334,
    "124": 263.349375,
    "125": 264.6589583333333,
    "126": 265.73703125,
    "127": 266.8589583333333,
    "128": 267.98895833333336,
    "129": 269.035625,
    "130": 270.09447916666664,
    "131": 270.83916666666664,
    "132": 271.8089583333333,
    "133": 272.819375,
    "134": 273.67240625,
    "135": 274.5490625,
    "136": 275.36538541666664,
    "137": 276.19962499999997,
    "138": 276.99646875,
    "139": 277.8589583333333,
    "140": 278.60489583333333,
    "141": 279.41988541666666,
    "142": 280.47447916666664,
    "143": 281.8589583333333,
    "144": 282.9189583333333,
    "145": 283.90609374999997,
    "146": 284.7989583333333,
    "147": 285.5794583333333,
    "148": 286.4589583333333,
    "149": 287.323125,
    "150": 288.0989583333333,
    "151": 288.94906249999997,
    "152": 289.7990625,
    "153": 290.6189583333333,
    "154": 291.41923958333336,
    "155": 292.27265625,
    "156": 293.07895833333333,
    "157": 293.91265625,
    "158": 294.6589583333333,
    "159": 295.63895833333333,
    "160": 296.4589583333333,
    "161": 297.3389583333333,
    "162": 298.19895833333334,
    "163": 298.73965625,
    "164": 299.69895833333334,
    "165": 300.4589583333333,
    "166": 301.3789583333333,
    "167": 302.0389583333333,
    "168": 302.81895833333334,
    "169": 303.47985416666666,
    "170": 304.3989583333333,
    "171": 305.02869791666666,
    "172": 305.65288541666666,
    "173": 306.3389583333333,
    "174": 306.9848958333333,
    "175": 307.70869791666667,
    "176": 308.39937499999996,
    "177": 309.0595833333333,
    "178": 310.01937499999997,
    "179": 310.57931249999996,
    "180": 311.7789583333333,
    "181": 312.5589583333333,
    "182": 313.319375,
    "183": 314.01947916666666,
    "184": 314.74645833333335,
    "185": 315.4595833333333,
    "186": 316.2158958333333,
    "187": 317.0389583333333,
    "188": 318.2789583333333,
    "189": 319.1692708333333,
    "190": 319.89968749999997,
    "191": 320.6589583333333,
    "192": 321.3989583333333,
    "193": 322.1272916666666,
    "194": 322.8674270833333,
    "195": 324.23875,
    "196": 325.2595833333333,
    "197": 325.9592916666666,
    "198": 326.65690624999996,
    "199": 327.2189583333333,
    "200": 327.9294791666667,
    "201": 328.5194583333333,
    "202": 329.2389583333333,
    "203": 330.2389583333333,
    "204": 331.039125,
    "205": 331.7597916666667,
    "206": 332.45687499999997,
    "207": 333.13965625,
    "208": 333.75895833333334,
    "209": 334.4178958333333,
    "210": 335.1328854166666,
    "211": 335.8992395833333,
    "212": 336.8989583333333,
    "213": 337.5692708333333,
    "214": 338.4189583333333,
    "215": 339.05223958333335,
    "216": 339.81895833333334,
    "217": 340.43276041666667,
    "218": 341.33947916666665,
    "219": 342.13589583333334,
    "220": 342.68984375,
    "221": 343.29963541666666,
    "222": 343.9958958333333,
    "223": 344.6598229166667,
    "224": 345.3958958333333,
    "225": 346.13947916666666,
    "226": 346.69947916666666,
    "227": 347.4066145833333,
    "228": 348.0994791666667,
    "229": 349.2988541666667,
    "230": 350.24958333333336,
    "231": 351.3591666666667,
    "232": 352.25947916666667,
    "233": 353.2991666666667,
    "234": 354.0796875,
    "235": 355.65697916666676,
    "236": 357.37953125,
    "237": 358.27947916666665,
    "238": 359.25947916666667,
    "239": 360.11971875,
    "240": 360.8499166666667,
    "241": 361.4994791666667,
    "242": 362.2197291666667,
    "243": 363.04661458333334,
    "244": 364.1695833333333,
    "245": 365.0191666666667,
    "246": 365.77795833333334,
    "247": 366.49972916666667,
    "248": 367.1594791666667,
    "249": 367.8559375,
    "250": 368.51947916666666,
    "251": 369.2394791666667,
    "252": 370.39947916666665,
    "253": 371.07947916666666,
    "254": 372.45947916666665,
    "255": 374.3594791666667,
    "256": 376.0994791666667,
    "257": 379.2194791666667,
    "258": 381.33486458333334,
    "259": 381.95986458333334,
    "260": 382.5995520833334,
    "261": 383.2795625,
    "262": 383.95947916666665,
    "263": 384.614875,
    "264": 385.2169583333333,
    "265": 386.0394791666667,
    "266": 386.9994791666667,
    "267": 388.0394791666667,
    "268": 389.05906250000004,
    "269": 390.0785416666667,
    "270": 390.97895833333337,
    "271": 391.73088541666664,
    "272": 392.479375,
    "273": 393.31895833333334,
    "274": 394.17895833333336,
    "275": 395.07895833333333,
    "276": 395.9472916666667,
    "277": 396.63895833333333,