{
    "1": 0.0,
    "2": 8.6,
    "3": 16.17,
    "4": 18.56,
    "5": 24.314999999999998,
    "6": 25.745,
    "7": 33.725,
    "8": 35.375,
    "9": 45.975,
    "10": 49.235,
    "11": 51.855,
    "12": 53.739999999999995,
    "13": 55.6725,
    "14": 57.1375,
    "15": 59.245,
    "16": 60.877500000000005,
    "17": 62.5375,
    "18": 63.775,
    "19": 64.99000000000001,
    "20": 66.995,
    "21": 68.545,
    "22": 69.8175,
    "23": 70.9775,
    "24": 72.32249999999999,
    "25": 81.38874999999997,
    "26": 84.10385416666666,
    "27": 86.80979166666667,
    "28": 88.24979166666667,
    "29": 91.25874999999999,
    "30": 93.47239583333334,
    "31": 96.28885416666665,
    "32": 98.69239583333334,
    "33": 101.25166666666667,
    "34": 104.84979166666666,
    "35": 107.40979166666666,
    "36": 110.29979166666666,
    "37": 111.85364583333332,
    "38": 113.13588541666667,
    "39": 114.54135416666666,
    "40": 116.4249375,
    "41": 117.72115624999999,
    "42": 119.01166666666666,
    "43": 120.80979166666667,
    "44": 122.75239583333334,
    "45": 124.49166666666666,
    "46": 126.46854166666667,
    "47": 128.06979166666667,
    "48": 130.08479166666666,
    "49": 132.04572916666666,
    "50": 133.00947916666667,
    "51": 135.10781249999997,
    "52": 137.51593749999998,
    "53": 138.56312499999999,
    "54": 140.39260416666662,
    "55": 142.29593749999998,
    "56": 143.57593749999998,
    "57": 145.78468749999996,
    "58": 150.14874999999998,
    "59": 152.25395833333332,
    "60": 153.55395833333333,
    "61": 154.6739583333333,
    "62": 163.4458333333333,
    "63": 166.3379166666666,
    "64": 171.29375,
    "65": 173.21374999999998,
    "66": 177.38260416666662,
    "67": 178.81104166666663,
    "68": 181.27645833333332,
    "69": 182.47176041666665,
    "70": 183.28645833333331,
    "71": 184.3383333333333,
    "72": 186.27645833333332,
    "73": 188.3020833333333,
    "74": 190.15645833333332,
    "75": 191.1964583333333,
    "76": 192.49645833333332,
    "77": 194.0983333333333,
    "78": 195.83645833333333,
    "79": 197.2364583333333,
    "80": 198.87822916666659,
    "81": 200.25124999999994,
    "82": 201.5164583333333,
    "83": 202.77645833333332,
    "84": 204.36374999999998,
    "85": 208.16875,
    "86": 213.74354166666663,
    "87": 215.6739583333333,
    "88": 217.13583333333327,
    "89": 218.48395833333333,
    "90": 219.70395833333333,
    "91": 220.72395833333331,
    "92": 222.18395833333332,
    "93": 223.27395833333333,
    "94": 224.25395833333332,
    "95": 225.5954583333333,
    "96": 226.45593749999998,
    "97": 227.6939583333333,
    "98": 228.72177083333332,
    "99": 229.79135416666665,
    "100": 231.10697916666666,
    "101": 232.24677083333333,
    "102": 233.28395833333332,
    "103": 234.4439583333333,
    "104": 235.84697916666667,
    "105": 237.0959375,
    "106": 238.0959375,
    "107": 239.52697916666665,
    "108": 240.52697916666665,
    "109": 241.38697916666666,
    "110": 241.92697916666665,
    "111": 242.94697916666667,
    "112": 244.04697916666666,
    "113": 249.08697916666665,
    "114": 250.45833333333331,
    "115": 254.11604166666663,
    "116": 255.29895833333333,
    "117": 259.8589583333333,
    "118": 263.4789583333333,
    "119": 265.1189583333333,
    "120": 266.27916666666664,
    "121": 267.3789583333333,
    "122": 268.4944791666667,
    "123": 269.5183333333333,
    "124": 270.6191666666667,
    "125": 271.6589583333333,
    "126": 272.7272395833333,
    "127": 273.8389583333333,
    "128": 274.9489583333333,
    "129": 276.1189583333333,
    "130": 277.15447916666665,
    "131": 278.21958333333333,
    "132": 279.24895833333335,
    "133": 280.45812499999994,
    "134": 281.6513229166667,
    "135": 282.6694791666667,
    "136": 283.669375,
    "137": 284.8589583333333,
    "138": 285.67447916666663,
    "139": 286.7063020833333,
    "140": 287.77916666666664,
    "141": 288.84411458333335,
    "142": 289.7949375,
    "143": 291.0989583333333,
    "144": 292.4389583333333,
    "145": 293.4589583333333,
    "146": 294.4789583333333,
    "147": 295.5989583333333,
    "148": 296.63895833333333,
    "149": 297.7189583333333,
    "150": 298.7189583333333,
    "151": 299.7989583333333,
    "152": 300.8589583333333,
    "153": 301.9389583333333,
    "154": 302.9789583333333,
    "155": 304.01895833333333,
    "156": 305.0389583333333,
    "157": 306.07895833333333,
    "158": 307.0589583333333,
    "159": 308.0589583333333,
    "160": 309.0389583333333,
    "161": 309.81895833333334,
    "162": 310.7789583333333,
    "163": 311.5989583333333,
    "164": 312.4989583333333,
    "165": 313.2789583333333,
    "166": 314.1189583333333,
    "167": 314.8989583333333,
    "168": 315.89874999999995,
    "169": 316.81895833333334,
    "170": 317.81895833333334,
    "171": 318.62432291666664,
    "172": 319.4389583333333,
    "173": 320.27912499999996,
    "174": 321.2789583333333,
    "175": 322.2789583333333,
    "176": 323.23923958333336,
    "177": 324.2389583333333,
    "178": 325.2389583333333,
    "179": 326.85875,
    "180": 328.3989583333333,
    "181": 329.57895833333333,
    "182": 330.57895833333333,
    "183": 331.4989583333333,
    "184": 332.69895833333334,
    "185": 333.81895833333334,
    "186": 334.8989583333333,
    "187": 335.91875,
    "188": 336.8591666666667,
    "189": 337.85223958333336,
    "190": 338.81895833333334,
    "191": 339.8789583333333,
    "192": 340.88609375,
    "193": 341.75895833333334,
    "194": 342.75895833333334,
    "195": 344.8589583333333,
    "196": 346.01895833333333,
    "197": 346.8589583333333,
    "198": 347.6789583333333,
    "199": 348.57895833333333,
    "200": 349.6589583333333,
    "201": 350.3589583333333,
    "202": 351.1589583333333,
    "203": 352.0989583333333,
    "204": 353.51895833333333,
    "205": 354.4789583333333,
    "206": 355.4589583333333,
    "207": 356.4189583333333,
    "208": 357.3989583333333,
    "209": 358.2989583333333,
    "210": 359.19895833333334,
    "211": 360.099375,
    "212": 361.1189583333333,
    "213": 361.9989583333333,
    "214": 362.92411458333333,
    "215": 363.70906249999996,
    "216": 364.6789583333333,
    "217": 365.4794791666667,
    "218": 366.37947916666667,
    "219": 367.1594791666667,
    "220": 368.1594791666667,
    "221": 368.9794791666667,
    "222": 369.77947916666665,
    "223": 370.6594791666667,
    "224": 371.4394791666667,
    "225": 372.27947916666665,
    "226": 373.1194791666667,
    "227": 374.0594791666667,
    "228": 375.07947916666666,
    "229": 375.95947916666665,
    "230": 376.7394791666667,
    "231": 377.6594791666667,
    "232": 378.4194791666667,
    "233": 379.25963541666664,
    "234": 379.9994791666667,
    "235": 380.7994791666667,
    "236": 382.47956250000004,
    "237": 383.5394791666667,
    "238": 384.5594791666667,
    "239": 385.83947916666665,
    "240": 386.5997291666667,
    "241": 387.31991666666664,
    "242": 388.0395729166667,
    "243": 389.1194791666667,
    "244": 390.4591666666667,
    "245": 391.42895833333336,
    "246": 392.5394791666667,
    "247": 393.3596875,
    "248": 394.09956250000005,
    "249": 394.7599375,
    "250": 395.75947916666667,
    "251": 396.77947916666665,
    "252": 397.77947916666665,
    "253": 401.45947916666665,
    "254": 402.8594791666667,
    "255": 405.6794791666667,
    "256": 407.07927083333334,
    "257": 407.81947916666667,
    "258": 408.63589583333334,
    "259": 409.37291666666664,
    "260": 410.0594791666667,
    "261": 410.7197604166667,
    "262": 411.39947916666665,
    "263": 411.994875,
    "264": 412.7918958333333,
    "265": 413.4994791666667,
    "266": 414.4194791666667,
    "267": 415.51947916666666,
    "268": 417.53895833333337,
    "269": 418.6785416666667,
    "270": 419.85833333333335,
    "271": 420.85895833333336,
    "272": 421.9589583333333,
    "273": 422.9589583333333,
    "274": 424.03833333333336,
    "275": 425.3989583333333,
    "276": 426.37895833333334,