{
    "1": 4.689108155659149,
    "2": 6.840244261491366,
    "3": 10.06694842023969,
    "4": 11.859561841766537,
    "5": 15.195102636459188,
    "6": 16.74874417704728,
    "7": 20.011480936132397,
    "8": 22.471459374195526,
    "9": 23.675371742548833,
    "10": 25.71928411090214,
    "11": 27.38319647925545,
    "12": 30.445003435152696,
    "13": 36.90834737182126,
    "14": 40.445911676403696,
    "15": 41.505542516368216,
    "16": 43.833736413110316,
    "17": 45.304240978829945,
    "18": 47.58209418057262,
    "19": 49.20467741538785,
    "20": 51.36232016278852,
    "21": 53.10623253114183,
    "22": 55.24112299158347,
    "23": 57.295247519557414,
    "24": 58.49447386414504,
    "25": 62.86768421518649,
    "26": 64.8981792215075,
    "27": 66.87746513606976,
    "28": 67.92137750442306,
    "29": 69.99793480916456,
    "30": 72.10205122066797,
    "31": 73.9138250876005,
    "32": 75.76349411596878,
    "33": 77.21806149169251,
    "34": 80.50876408289622,
    "35": 81.83169112812381,
    "36": 85.92933233421495,
    "37": 88.62801828583422,
    "38": 91.33126020092774,
    "39": 93.05356437672886,
    "40": 96.57794418819718,
    "41": 100.10277822687092,
    "42": 101.67315773335673,
    "43": 103.50639364718114,
    "44": 106.09391674632832,
    "45": 107.24429625281412,
    "46": 108.29467575929992,
    "47": 109.38505526578571,
    "48": 110.41835651801775,
    "49": 111.7058142787573,
    "50": 112.40972664711062,
    "51": 113.11768219836654,
    "52": 113.6007343520187,
    "53": 114.12464672037201,
    "54": 114.80855908872532,
    "55": 115.57247145707862,
    "56": 116.65638382543193,
    "57": 117.58059238757048,
    "58": 119.09518665422688,
    "59": 120.21909902258018,
    "60": 121.05161366912019,
    "61": 121.89038563893018,
    "62": 125.42385061758962,
    "63": 127.1944892936375,
    "64": 129.1187719534131,
    "65": 130.9676778039946,
    "66": 134.65363121053466,
    "67": 136.60161670254857,
    "68": 139.1784360299145,
    "69": 140.87198279636186,
    "70": 142.82412213402506,
    "71": 144.2521566364034,
    "72": 146.43352354842253,
    "73": 147.89547973259917,
    "74": 149.70524202659252,
    "75": 150.54755481077143,
    "76": 151.40465275443495,
    "77": 152.14856512278826,
    "78": 153.99443367531822,
    "79": 155.51702287860874,
    "80": 156.9864730082263,
    "81": 158.74572330869972,
    "82": 160.69526293265298,
    "83": 161.9159517012614,
    "84": 163.47986406961473,
    "85": 167.34385665165257,
    "86": 171.33271567265865,
    "87": 172.91940735007893,
    "88": 175.28146958947056,
    "89": 176.67830895386072,
    "90": 178.92088690887087,
    "91": 180.6368807501914,
    "92": 181.46621187103497,
    "93": 184.4849365193623,
    "94": 186.12884888771558,
    "95": 188.27641904599494,
    "96": 189.75624274641686,
    "97": 191.50254217695218,
    "98": 192.66607272685533,
    "99": 193.81036691365878,
    "100": 195.31084685121937,
    "101": 197.73634686679642,
    "102": 199.15308211080702,
    "103": 200.63699447916036,
    "104": 202.02376987920397,
    "105": 204.04148556006106,
    "106": 205.55068776839693,
    "107": 207.6089251661417,
    "108": 209.18949059719188,
    "109": 210.3467014827726,
    "110": 211.69731533389847,
    "111": 212.8612277022518,
    "112": 214.16514007060508,
    "113": 216.1729648073117,
    "114": 216.856877175665,
    "115": 219.82899298376213,
    "116": 221.83287232873838,
    "117": 223.3560313902448,
    "118": 224.93578419042717,
    "119": 380.85001703638966,
    "120": 382.0465713240997,
    "121": 383.38146178454133,
    "122": 384.2963522449829,
    "123": 385.1512427054246,
    "124": 386.01290653269297,
    "125": 386.9810236263079,
    "126": 387.8359140867495,
    "127": 388.67080454719115,
    "128": 389.54569500763273,
    "129": 390.5005854680744,
    "130": 391.3896474828283,
    "131": 392.1837674639391,
    "132": 392.9652568493993,
    "133": 393.75608838590455,
    "134": 394.69503777028257,
    "135": 395.7249641153621,
    "136": 396.5424093455829,
    "137": 397.45956372741125,
    "138": 398.31881934048346,
    "139": 399.00949007249073,
    "140": 399.9266283197594,
    "141": 400.78948969536185,
    "142": 401.5347887995986,
    "143": 402.21815530169494,
    "144": 402.9729642826106,
    "145": 403.76843832548195,
    "146": 404.4903945096586,
    "147": 405.22235069383527,
    "148": 405.8828910048191,
    "149": 406.5562630621886,
    "150": 407.2582192463652,
    "151": 407.8603508610837,
    "152": 408.58426322943706,
    "153": 409.2618614592266,
    "154": 409.9381319492155,
    "155": 410.62196015386854,
    "156": 411.2998690542754,
    "157": 412.04382507120357,
    "158": 412.8616061593354,
    "159": 413.7674747118653,
    "160": 414.7033432643953,
    "161": 415.3794745446168,
    "162": 416.48169345648506,
    "163": 417.2509489219851,
    "164": 418.20096931974143,
    "165": 419.0551240180301,
    "166": 419.84951819319167,
    "167": 421.0714743773683,
    "168": 422.38960557232593,
    "169": 423.2507734914432,
    "170": 423.9146858597966,
    "171": 424.77929911407495,
    "172": 425.5225105965032,
    "173": 426.2175206100962,
    "174": 426.89033533320975,
    "175": 427.45858751768816,
    "176": 428.12724010487466,
    "177": 428.82310865740465,
    "178": 429.37356890883484,
    "179": 430.01494858748816,
    "180": 430.69071431499447,
    "181": 431.54886095584146,
    "182": 432.4216342800363,
    "183": 433.6724373187117,
    "184": 434.4047295083714,
    "185": 435.4566856925481,
    "186": 437.27728375344947,
    "187": 438.1411961218028,
    "188": 438.91255424507807,
    "189": 439.66902085850944,
    "190": 440.55939984029413,
    "191": 443.230536785648,
    "192": 444.901136945354,
    "193": 445.6470054978839,
    "194": 446.2982952952346,
    "195": 446.91249506862926,
    "196": 447.54532966807744,
    "197": 448.3304797080038,
    "198": 449.0301501825796,
    "199": 449.5228867252255,
    "200": 450.05986390236626,
    "201": 450.59731170526226,
    "202": 451.0259763294205,
    "203": 451.46379401545573,
    "204": 452.16770638380905,
    "205": 452.68807987590816,
    "206": 453.29293771797643,
    "207": 453.89966609332134,
    "208": 454.5688524786389,
    "209": 455.36635598347846,
    "210": 456.2711805939288,
    "211": 457.0350929622822,
    "212": 457.6290905863699,
    "213": 458.17804238929216,
    "214": 458.7874640538737,
    "215": 459.2907424356954,
    "216": 459.95465480404874,
    "217": 460.61856717240204,
    "218": 461.1712397703777,
    "219": 461.84639190910866,
    "220": 462.610304277462,
    "221": 463.32196848185924,
    "222": 463.9190645070843,
    "223": 464.5298372442697,
    "224": 465.12595375087517,
    "225": 465.7274263655757,
    "226": 466.42551139503274,
    "227": 467.01219179957724,
    "228": 467.6816032242884,
    "229": 468.23386091484923,
    "230": 468.96942796099506,
    "231": 469.6700104940225,
    "232": 470.4172526977017,
    "233": 471.2411650660549,
    "234": 472.04507743440826,
    "235": 472.8334847041424,
    "236": 473.73290217111486,
    "237": 474.4768145394682,
    "238": 475.3007269078215,
    "239": 476.1723196380874,
    "240": 476.9085516445281,
    "241": 477.9324640128814,
    "242": 478.65637638123474,
    "243": 479.4001154998352,
    "244": 480.09758960501483,
    "245": 480.839091578383,
    "246": 481.5791856310597,
    "247": 482.25031552574234,
    "248": 482.8161744040953,
    "249": 483.52285957194226,
    "250": 484.2296315122378,
    "251": 484.91354388059113,
    "252": 486.4774562489444,
    "253": 487.20136861729776,
    "254": 487.77264049282553,
    "255": 488.37935468320353,
    "256": 489.01310572235764,
    "257": 489.637018090711,
    "258": 490.28139568859643,
    "259": 490.86338997919233,
    "260": 491.4287551957709,
    "261": 492.03266756412427,
    "262": 492.6865799324775,
    "263": 493.20049230083083,
    "264": 493.82440466918416,
    "265": 494.38831703753743,