{
    "1": 0,
    "2": 3.717868552529957,
    "3": 17.064671381324903,
    "4": 24.47956184176654,
    "5": 28.047395203247902,
    "6": 29.828744177047277,
    "7": 33.12485337063084,
    "8": 36.03145937419553,
    "9": 37.375371742548836,
    "10": 39.33455924285628,
    "11": 41.59167155021308,
    "12": 44.484037427587154,
    "13": 50.62296010139849,
    "14": 53.4659116764037,
    "15": 55.32982404475701,
    "16": 57.053736413110315,
    "17": 58.94165170995178,
    "18": 60.69253924190526,
    "19": 61.9704838564221,
    "20": 64.70510435813476,
    "21": 65.95843711211059,
    "22": 68.44112299158347,
    "23": 69.58503535993677,
    "24": 70.87194841204125,
    "25": 74.89627370378325,
    "26": 76.64257467562813,
    "27": 78.01746513606976,
    "28": 79.00440801415382,
    "29": 80.69463050382785,
    "30": 82.75783468963108,
    "31": 84.13215207806242,
    "32": 86.13175070465721,
    "33": 87.05676915282085,
    "34": 90.20876408289622,
    "35": 91.7347910623722,
    "36": 96.17923695338851,
    "37": 99.171704967116,
    "38": 101.41126020092774,
    "39": 103.11356437672886,
    "40": 106.91887907442722,
    "41": 110.02277822687093,
    "42": 112.63157733356732,
    "43": 113.88353723984252,
    "44": 116.47391674632833,
    "45": 117.66429625281413,
    "46": 118.71467575929992,
    "47": 119.9050552657857,
    "48": 121.05543477227151,
    "49": 122.2858142787573,
    "50": 122.91097266471105,
    "51": 123.55605973722312,
    "52": 124.05258748161496,
    "53": 124.57706683544552,
    "54": 125.16855908872532,
    "55": 125.75247145707861,
    "56": 126.49638382543193,
    "57": 127.4923554325423,
    "58": 128.67518665422688,
    "59": 129.4990990225802,
    "60": 130.24301139093348,
    "61": 130.9703856389302,
    "62": 133.88385061758962,
    "63": 134.91874107803125,
    "64": 136.6987719534131,
    "65": 137.80670405708747,
    "66": 141.58014298105664,
    "67": 142.88161670254857,
    "68": 144.84921801495724,
    "69": 146.08433189969682,
    "70": 147.14412213402505,
    "71": 148.17215663640343,
    "72": 149.71352354842253,
    "73": 150.91057567911903,
    "74": 152.7433388372295,
    "75": 153.72325865633877,
    "76": 154.60465275443497,
    "77": 156.12856512278825,
    "78": 157.42820714544553,
    "79": 158.1383460436715,
    "80": 159.2345311057584,
    "81": 161.309153083193,
    "82": 163.4720393329081,
    "83": 164.21595170126142,
    "84": 164.97986406961473,
    "85": 169.3403412852882,
    "86": 172.79169689983618,
    "87": 174.13950612506576,
    "88": 175.60878589078675,
    "89": 177.43520656007584,
    "90": 179.77421484215506,
    "91": 181.62610748830488,
    "92": 182.64210132962543,
    "93": 185.0909111271072,
    "94": 188.3688488877156,
    "95": 191.0569062637836,
    "96": 192.44765171651053,
    "97": 194.00254217695218,
    "98": 194.7664545453055,
    "99": 196.1703669136588,
    "100": 198.3571171280484,
    "101": 200.09900369094447,
    "102": 201.40279413187375,
    "103": 202.51699447916036,
    "104": 203.79188493960197,
    "105": 205.6867754000436,
    "106": 207.45068776839693,
    "107": 208.83450339498026,
    "108": 209.80949059719188,
    "109": 210.7267014827726,
    "110": 211.91731533389847,
    "111": 212.8012277022518,
    "112": 214.56536418357322,
    "113": 218.3153366531611,
    "114": 219.163628045931,
    "115": 223.09664925861372,
    "116": 224.97205166338455,
    "117": 225.7480156951224,
    "118": 227.60469928886602,
    "119": 382.991680863658,
    "120": 383.84657132409967,
    "121": 384.67171627442525,
    "122": 385.4183195265884,
    "123": 386.17124270542456,
    "124": 386.8752586432213,
    "125": 387.44973307142004,
    "126": 388.0959140867495,
    "127": 388.87080454719114,
    "128": 389.52826990625886,
    "129": 390.15652692126696,
    "130": 390.8696974278167,
    "131": 391.57103663889575,
    "132": 392.1852568493993,
    "133": 392.94014730984094,
    "134": 393.61203021622606,
    "135": 394.3649641153621,
    "136": 394.92240934558293,
    "137": 395.69254987038244,
    "138": 396.3861817400729,
    "139": 397.0915920579926,
    "140": 398.00887610658646,
    "141": 398.41973755761467,
    "142": 399.1071204648196,
    "143": 399.7490519142573,
    "144": 400.5129642826106,
    "145": 400.9166876650964,
    "146": 401.43023670579515,
    "147": 402.0223506938353,
    "148": 402.5100296292167,
    "149": 403.09402839616905,
    "150": 403.5982192463652,
    "151": 404.19770524914287,
    "152": 404.86426322943703,
    "153": 405.50408779889517,
    "154": 406.05571435598677,
    "155": 406.5960003344969,
    "156": 407.2069083379928,
    "157": 407.80382507120356,
    "158": 408.34160615933536,
    "159": 408.94747471186525,
    "160": 409.66534028507675,
    "161": 410.1891425268622,
    "162": 410.86169345648506,
    "163": 411.3755211807087,
    "164": 412.0556058248384,
    "165": 412.79512401803004,
    "166": 413.36951819319165,
    "167": 414.3517308906309,
    "168": 415.74686112308996,
    "169": 416.53077349144326,
    "170": 417.08774868783723,
    "171": 417.83929911407495,
    "172": 418.5225105965032,
    "173": 419.1596344472847,
    "174": 419.7213017998888,
    "175": 420.3094370580008,
    "176": 420.96724010487463,
    "177": 421.31510362191347,
    "178": 421.82138632596076,
    "179": 422.6749485874882,
    "180": 423.35071431499443,
    "181": 423.9888609558415,
    "182": 424.54065371201455,
    "183": 425.26277332419477,
    "184": 425.88472950837144,
    "185": 426.4505359969568,
    "186": 426.93138011481113,
    "187": 427.4861196121803,
    "188": 427.936277122539,
    "189": 428.46902085850945,
    "190": 429.2368131949216,
    "191": 429.776845595216,
    "192": 430.7300465016372,
    "193": 431.7070054978839,
    "194": 437.4835672133945,
    "195": 438.3529980274517,
    "196": 438.87423372647663,
    "197": 439.3811933605631,
    "198": 439.90105804342227,
    "199": 440.390515633634,
    "200": 440.85602845519793,
    "201": 441.27798463937455,
    "202": 441.6939881647103,
    "203": 442.1589696312827,
    "204": 442.6390073195807,
    "205": 443.2258093760812,
    "206": 443.6038827801289,
    "207": 444.13944348886895,
    "208": 444.60885247863894,
    "209": 445.1009023383633,
    "210": 445.81118059392884,
    "211": 446.3950929622822,
    "212": 447.02790053306353,
    "213": 447.6104800441405,
    "214": 448.1862248377116,
    "215": 448.6842969742782,
    "216": 449.18986192161947,
    "217": 449.80955641930836,
    "218": 450.4112397703777,
    "219": 451.02639190910867,
    "220": 451.6880304277462,
    "221": 452.31421664581524,
    "222": 452.81906450708425,
    "223": 453.38776772628967,
    "224": 454.0259537508752,
    "225": 454.4969732238457,
    "226": 455.05377848758184,
    "227": 455.6050528734765,
    "228": 456.27744290185956,
    "229": 456.9044124741133,
    "230": 457.46942796099506,
    "231": 458.1100104940225,
    "232": 458.6572526977017,
    "233": 459.3011650660549,
    "234": 459.9410402658923,
    "235": 460.50119184220927,
    "236": 461.1729021711149,
    "237": 461.7968145394682,
    "238": 462.40072690782154,
    "239": 463.1523196380874,
    "240": 463.7288482400377,
    "241": 464.3924640128814,
    "242": 465.21637638123474,
    "243": 465.8402309996704,
    "244": 466.63758960501485,
    "245": 467.239091578383,
    "246": 467.8282670679537,
    "247": 468.51789440717795,
    "248": 468.94108406531876,
    "249": 470.6228595719423,
    "250": 471.3696315122378,
    "251": 472.1335438805911,
    "252": 473.2293862472555,
    "253": 474.2370948938382,
    "254": 474.98528098565106,
    "255": 475.7091933540044,
    "256": 476.43310572235765,
    "257": 477.1416144725688,
    "258": 477.76139568859645,
    "259": 478.3035352640149,
    "260": 478.9212531174625,
    "261": 479.45940080771186,
    "262": 480.24555391222077,
    "263": 480.7857772282991,
    "264": 481.3644046691841,
    "265": 481.91065363002997,
    "266": 482.5361147029454,