{
    "1": 0.0,
    "2": 7.68,
    "3": 11.74,
    "4": 13.86,
    "5": 18.409999999999997,
    "6": 21.530000000000005,
    "7": 25.745,
    "8": 28.03,
    "9": 36.49499999999999,
    "10": 40.475,
    "11": 42.225,
    "12": 44.925,
    "13": 47.227500000000006,
    "14": 49.465,
    "15": 51.5375,
    "16": 53.957499999999996,
    "17": 56.4225,
    "18": 58.595,
    "19": 60.735,
    "20": 63.015,
    "21": 65.45,
    "22": 67.5975,
    "23": 69.9375,
    "24": 71.99374999999999,
    "25": 79.37041666666666,
    "26": 82.05989583333333,
    "27": 85.95770833333333,
    "28": 88.34979166666666,
    "29": 90.84333333333333,
    "30": 93.03239583333334,
    "31": 95.4640625,
    "32": 97.48052083333332,
    "33": 100.25479166666666,
    "34": 102.30333333333334,
    "35": 105.09729166666666,
    "36": 107.31979166666666,
    "37": 108.83364583333332,
    "38": 110.391125,
    "39": 112.08533333333332,
    "40": 113.67227083333333,
    "41": 115.3696875,
    "42": 117.05479166666666,
    "43": 119.14979166666667,
    "44": 120.97239583333334,
    "45": 122.51145833333332,
    "46": 124.31270833333332,
    "47": 125.86979166666667,
    "48": 128.06270833333332,
    "49": 129.86906249999998,
    "50": 132.00531249999997,
    "51": 134.02947916666665,
    "52": 136.20302083333328,
    "53": 137.9759375,
    "54": 139.69427083333332,
    "55": 142.2559375,
    "56": 143.82781249999996,
    "57": 146.2759375,
    "58": 148.4539583333333,
    "59": 149.8783333333333,
    "60": 151.02354166666663,
    "61": 152.02874999999997,
    "62": 158.49645833333327,
    "63": 161.11666666666665,
    "64": 164.86604166666663,
    "65": 167.31145833333332,
    "66": 171.69385416666657,
    "67": 174.02624999999986,
    "68": 179.28812499999987,
    "69": 181.20645833333333,
    "70": 184.30645833333332,
    "71": 186.18645833333332,
    "72": 188.83645833333333,
    "73": 190.96395833333327,
    "74": 193.40374999999997,
    "75": 195.09645833333332,
    "76": 197.16416666666657,
    "77": 199.47333333333322,
    "78": 201.89645833333333,
    "79": 203.97104166666662,
    "80": 206.3928124999999,
    "81": 208.61718749999994,
    "82": 210.56374999999997,
    "83": 212.47291666666663,
    "84": 214.0764583333333,
    "85": 217.31916666666666,
    "86": 224.27395833333333,
    "87": 226.86270833333327,
    "88": 228.97395833333331,
    "89": 231.1375,
    "90": 233.0029166666666,
    "91": 234.74395833333332,
    "92": 238.24312499999996,
    "93": 240.37395833333332,
    "94": 242.69833333333332,
    "95": 245.07427083333332,
    "96": 247.18072916666665,
    "97": 249.1939583333333,
    "98": 252.48177083333331,
    "99": 254.94177083333332,
    "100": 257.4269791666666,
    "101": 259.5575,
    "102": 261.4789583333333,
    "103": 263.87833333333333,
    "104": 266.66531249999997,
    "105": 269.01906249999996,
    "106": 271.44791666666663,
    "107": 273.79229166666664,
    "108": 275.94697916666667,
    "109": 278.4765625,
    "110": 279.72697916666664,
    "111": 282.52697916666665,
    "112": 284.82697916666666,
    "113": 287.90697916666664,
    "114": 290.04697916666663,
    "115": 293.41749999999996,
    "116": 296.3989583333333,
    "117": 299.9789583333333,
    "118": 301.69895833333334,
    "119": 306.5254166666665,
    "120": 307.5289583333333,
    "121": 308.4989583333333,
    "122": 309.41447916666664,
    "123": 310.31895833333334,
    "124": 311.2289583333333,
    "125": 312.1392708333333,
    "126": 313.09447916666664,
    "127": 314.0811458333333,
    "128": 315.0489583333333,
    "129": 315.9192708333333,
    "130": 316.80821875,
    "131": 317.7189583333333,
    "132": 318.6489583333333,
    "133": 319.51947916666666,
    "134": 320.45447916666666,
    "135": 321.4989583333333,
    "136": 322.60014583333333,
    "137": 323.3948645833333,
    "138": 324.25342708333335,
    "139": 325.1590625,
    "140": 326.27615625,
    "141": 327.1189583333333,
    "142": 328.11240625,
    "143": 329.57895833333333,
    "144": 331.099375,
    "145": 332.0989583333333,
    "146": 333.1589583333333,
    "147": 334.1189583333333,
    "148": 335.13895833333333,
    "149": 336.0990625,
    "150": 337.0989583333333,
    "151": 338.1189583333333,
    "152": 339.2189583333333,
    "153": 340.199375,
    "154": 341.19895833333334,
    "155": 342.2189583333333,
    "156": 343.2390625,
    "157": 344.31895833333334,
    "158": 345.4389583333333,
    "159": 346.8589583333333,
    "160": 348.19895833333334,
    "161": 349.21875,
    "162": 350.2189583333333,
    "163": 351.19916666666666,
    "164": 352.1189583333333,
    "165": 353.07895833333333,
    "166": 354.07895833333333,
    "167": 354.9589583333333,
    "168": 355.8589583333333,
    "169": 356.8589583333333,
    "170": 357.7989583333333,
    "171": 358.7389583333333,
    "172": 359.45906249999996,
    "173": 360.33947916666665,
    "174": 361.2989583333333,
    "175": 362.1189583333333,
    "176": 362.9989583333333,
    "177": 363.9989583333333,
    "178": 365.0589583333333,
    "179": 365.99942708333333,
    "180": 367.4389583333333,
    "181": 368.5589583333333,
    "182": 369.54411458333334,
    "183": 370.39909374999996,
    "184": 371.31923958333334,
    "185": 372.23909375,
    "186": 373.25895833333334,
    "187": 374.4989583333333,
    "188": 375.4989583333333,
    "189": 376.4989583333333,
    "190": 377.4789583333333,
    "191": 378.39916666666664,
    "192": 379.2989583333333,
    "193": 380.2989583333333,
    "194": 381.39854166666663,
    "195": 382.8777083333333,
    "196": 383.939375,
    "197": 384.8789583333333,
    "198": 385.759375,
    "199": 386.75895833333334,
    "200": 387.70947916666665,
    "201": 388.53923958333337,
    "202": 389.45916666666665,
    "203": 390.4589583333333,
    "204": 391.39145833333333,
    "205": 392.2192395833334,
    "206": 393.0589583333333,
    "207": 393.8789583333333,
    "208": 394.91854166666667,
    "209": 395.83913541666664,
    "210": 396.7492708333333,
    "211": 397.7389583333333,
    "212": 398.66411458333334,
    "213": 399.39906249999996,
    "214": 400.3589583333333,
    "215": 401.1690625,
    "216": 402.0589583333333,
    "217": 402.77947916666665,
    "218": 403.7994791666667,
    "219": 404.7394791666667,
    "220": 405.7066145833333,
    "221": 406.5594791666667,
    "222": 407.4794791666667,
    "223": 408.2994791666667,
    "224": 409.24463541666665,
    "225": 410.1194791666667,
    "226": 410.9994791666667,
    "227": 411.9394791666667,
    "228": 412.95947916666665,
    "229": 414.25947916666667,
    "230": 415.2196875,
    "231": 416.51947916666666,
    "232": 417.51947916666666,
    "233": 418.83947916666665,
    "234": 419.8594791666667,
    "235": 421.379375,
    "236": 422.9794791666667,
    "237": 423.8795625,
    "238": 424.9596875,
    "239": 425.87972916666666,
    "240": 426.7994791666667,
    "241": 427.51690625,
    "242": 428.4197291666667,
    "243": 429.2739270833333,
    "244": 430.27573958333335,
    "245": 431.2689583333334,
    "246": 432.7194791666667,
    "247": 434.18463541666665,
    "248": 435.45947916666665,
    "249": 437.51947916666666,
    "250": 438.6194791666667,
    "251": 439.6194791666667,
    "252": 440.7394791666667,
    "253": 443.79843750000003,
    "254": 445.5394791666667,
    "255": 446.35963541666666,
    "256": 447.19947916666666,
    "257": 448.119375,
    "258": 449.0398645833334,
    "259": 449.7394791666667,
    "260": 450.3958958333333,
    "261": 451.02979166666665,
    "262": 451.68677083333336,
    "263": 452.51276041666665,
    "264": 453.26677083333334,
    "265": 454.0994791666667,
    "266": 454.9994791666667,
    "267": 456.1794791666667,
    "268": 457.1472916666667,
    "269": 457.91895833333336,
    "270": 458.67895833333336,
    "271": 459.37895833333334,
    "272": 460.17965625,
    "273": 460.9791666666667,
    "274": 461.87895833333334,
    "275": 462.87895833333334,
    "276": 463.70630208333336,
    "277": 464.50947916666667,
    "278": 465.31916666666666,