{
    "1": 0.0,
    "2": 7.24,
    "3": 10.84,
    "4": 12.58,
    "5": 16.169999999999998,
    "6": 18.195000000000004,
    "7": 21.505,
    "8": 23.555,
    "9": 29.239999999999995,
    "10": 31.23,
    "11": 33.074999999999996,
    "12": 35.165,
    "13": 36.8675,
    "14": 38.417500000000004,
    "15": 39.9575,
    "16": 41.6175,
    "17": 43.1775,
    "18": 44.755,
    "19": 46.21,
    "20": 48.055,
    "21": 49.605000000000004,
    "22": 50.8975,
    "23": 52.1875,
    "24": 53.4375,
    "25": 59.75958333333333,
    "26": 61.951874999999994,
    "27": 64.93770833333333,
    "28": 66.94979166666667,
    "29": 68.34145833333334,
    "30": 70.25927083333332,
    "31": 71.92197916666666,
    "32": 73.59239583333333,
    "33": 75.31062499999999,
    "34": 76.90979166666666,
    "35": 78.44979166666667,
    "36": 80.53979166666666,
    "37": 82.10968749999999,
    "38": 83.55979166666667,
    "39": 84.9496875,
    "40": 86.44527083333334,
    "41": 87.66137499999999,
    "42": 88.73479166666667,
    "43": 90.54979166666666,
    "44": 92.68135416666667,
    "45": 94.215625,
    "46": 96.01479166666667,
    "47": 97.40375,
    "48": 99.12479166666667,
    "49": 100.40968749999999,
    "50": 101.4296875,
    "51": 103.31989583333332,
    "52": 104.93031249999997,
    "53": 106.3270833333333,
    "54": 107.83031249999998,
    "55": 109.14072916666665,
    "56": 110.61593749999999,
    "57": 112.02552083333332,
    "58": 113.45395833333332,
    "59": 114.67395833333332,
    "60": 115.75395833333332,
    "61": 116.97395833333331,
    "62": 122.26604166666665,
    "63": 124.25145833333332,
    "64": 127.24145833333333,
    "65": 128.95833333333331,
    "66": 132.14260416666662,
    "67": 133.87645833333332,
    "68": 136.78562499999998,
    "69": 138.14645833333333,
    "70": 140.26645833333333,
    "71": 142.66645833333334,
    "72": 144.87645833333332,
    "73": 146.0764583333333,
    "74": 148.0164583333333,
    "75": 149.45479166666664,
    "76": 151.1020833333333,
    "77": 152.77645833333332,
    "78": 154.3183333333333,
    "79": 155.65104166666663,
    "80": 157.26968749999997,
    "81": 158.80697916666665,
    "82": 159.99645833333332,
    "83": 161.39666666666662,
    "84": 162.6964583333333,
    "85": 167.1739583333333,
    "86": 175.3010416666666,
    "87": 178.2339583333333,
    "88": 179.76874999999998,
    "89": 181.75156249999998,
    "90": 183.36395833333333,
    "91": 184.92395833333333,
    "92": 186.64395833333333,
    "93": 188.0739583333333,
    "94": 189.55749999999998,
    "95": 191.10072916666664,
    "96": 192.62468749999996,
    "97": 194.5739583333333,
    "98": 196.44177083333332,
    "99": 197.84697916666667,
    "100": 199.77656249999998,
    "101": 201.26395833333333,
    "102": 202.80395833333333,
    "103": 204.50395833333332,
    "104": 206.04697916666666,
    "105": 207.53031249999998,
    "106": 209.12072916666668,
    "107": 211.12093749999997,
    "108": 212.78697916666667,
    "109": 215.64093749999998,
    "110": 216.66697916666666,
    "111": 217.70697916666666,
    "112": 219.16697916666666,
    "113": 221.80697916666665,
    "114": 223.04614583333333,
    "115": 225.4789583333333,
    "116": 226.9189583333333,
    "117": 230.14041666666643,
    "118": 233.33895833333332,
    "119": 234.87895833333332,
    "120": 236.18937499999998,
    "121": 237.4189583333333,
    "122": 238.55447916666668,
    "123": 239.55895833333332,
    "124": 240.60273958333332,
    "125": 241.67895833333333,
    "126": 242.71447916666665,
    "127": 243.78015625,
    "128": 244.57916666666665,
    "129": 245.53916666666666,
    "130": 246.39240625,
    "131": 247.1991145833333,
    "132": 248.20895833333333,
    "133": 249.03937499999998,
    "134": 249.8695833333333,
    "135": 250.4189583333333,
    "136": 251.56544791666667,
    "137": 252.31288541666666,
    "138": 252.89447916666666,
    "139": 253.59935416666664,
    "140": 254.74545833333332,
    "141": 255.35389583333335,
    "142": 256.29447916666663,
    "143": 257.359625,
    "144": 258.4389583333333,
    "145": 259.4189583333333,
    "146": 260.379375,
    "147": 261.2789583333333,
    "148": 262.13906249999997,
    "149": 263.00947916666667,
    "150": 263.8989583333333,
    "151": 264.7989583333333,
    "152": 265.75895833333334,
    "153": 266.6191145833333,
    "154": 267.49223958333334,
    "155": 268.31923958333334,
    "156": 269.15875,
    "157": 269.99945833333334,
    "158": 270.81916666666666,
    "159": 271.81895833333334,
    "160": 272.7389583333333,
    "161": 273.51953125,
    "162": 274.4789583333333,
    "163": 275.2789583333333,
    "164": 276.1684895833333,
    "165": 276.98729166666664,
    "166": 277.8789583333333,
    "167": 278.5392708333333,
    "168": 279.4690625,
    "169": 280.19487499999997,
    "170": 281.07895833333333,
    "171": 281.74848958333337,
    "172": 282.48531249999996,
    "173": 283.13592708333334,
    "174": 283.63906249999997,
    "175": 284.4989583333333,
    "176": 285.19987499999996,
    "177": 285.87590624999996,
    "178": 286.7789583333333,
    "179": 287.4589583333333,
    "180": 288.9189583333333,
    "181": 289.9589583333333,
    "182": 290.8392395833333,
    "183": 291.68609375,
    "184": 292.5241145833333,
    "185": 293.2789583333333,
    "186": 294.0389583333333,
    "187": 294.9189583333333,
    "188": 296.13895833333333,
    "189": 297.0346354166667,
    "190": 297.83937499999996,
    "191": 298.6158958333333,
    "192": 299.3589583333333,
    "193": 300.1589583333333,
    "194": 300.9589583333333,
    "195": 302.55687499999993,
    "196": 303.53265625,
    "197": 304.2191666666667,
    "198": 304.9290625,
    "199": 305.5997916666667,
    "200": 306.29442708333335,
    "201": 306.9592708333333,
    "202": 307.81895833333334,
    "203": 309.0385416666667,
    "204": 310.0065104166667,
    "205": 310.71930208333333,
    "206": 311.4190625,
    "207": 312.13895833333333,
    "208": 312.7989583333333,
    "209": 313.4989583333333,
    "210": 314.2389583333333,
    "211": 315.0389583333333,
    "212": 316.0589583333333,
    "213": 316.75916666666666,
    "214": 317.5989583333333,
    "215": 318.3272916666666,
    "216": 319.103125,
    "217": 319.7636458333333,
    "218": 320.5394791666667,
    "219": 321.27947916666665,
    "220": 321.9794791666667,
    "221": 322.69953125,
    "222": 323.4297916666667,
    "223": 324.1097916666667,
    "224": 324.75947916666667,
    "225": 325.43963541666665,
    "226": 326.1598229166667,
    "227": 326.8697916666667,
    "228": 327.57947916666666,
    "229": 328.7194791666667,
    "230": 329.5994791666667,
    "231": 330.45947916666665,
    "232": 331.27947916666665,
    "233": 332.2394791666667,
    "234": 333.13947916666666,
    "235": 334.5388541666667,
    "236": 335.93963541666665,
    "237": 336.63947916666666,
    "238": 337.39690625,
    "239": 338.37947916666667,
    "240": 339.03956250000005,
    "241": 339.69690625,
    "242": 340.43094791666664,
    "243": 341.0594791666667,
    "244": 342.1360104166667,
    "245": 342.8473333333333,
    "246": 343.73963541666666,
    "247": 344.4398958333333,
    "248": 345.07947916666666,
    "249": 345.7666875,
    "250": 346.38979166666667,
    "251": 347.1794791666667,
    "252": 348.1596875,
    "253": 348.83947916666665,
    "254": 349.7994791666667,
    "255": 355.2994791666667,
    "256": 356.45947916666665,
    "257": 357.13947916666666,
    "258": 357.9518958333333,
    "259": 358.51972916666665,
    "260": 359.1398958333333,
    "261": 359.6995729166667,
    "262": 360.33486458333334,
    "263": 360.9394791666667,
    "264": 361.5398229166667,
    "265": 362.33947916666665,
    "266": 363.4194791666667,
    "267": 364.37927083333335,
    "268": 365.35895833333336,
    "269": 366.2789583333333,
    "270": 367.19916666666666,
    "271": 367.95937499999997,
    "272": 368.79895833333336,
    "273": 369.7189583333334,
    "274": 370.75895833333334,
    "275": 371.75895833333334,
    "276": 372.59682291666667,