{
    "1": 5.62,
    "2": 7.708,
    "3": 10.84,
    "4": 12.58,
    "5": 16.169999999999998,
    "6": 18.195000000000004,
    "7": 21.505,
    "8": 23.555,
    "9": 30.634999999999998,
    "10": 31.735,
    "11": 34.339999999999996,
    "12": 36.1225,
    "13": 37.4925,
    "14": 39.24999999999999,
    "15": 40.705,
    "16": 42.395,
    "17": 43.665,
    "18": 45.255,
    "19": 46.735,
    "20": 48.970000000000006,
    "21": 50.115,
    "22": 51.61,
    "23": 52.839999999999996,
    "24": 54.025,
    "25": 60.86593750000001,
    "26": 63.846666666666714,
    "27": 66.66593750000001,
    "28": 67.84031250000001,
    "29": 69.28322916666667,
    "30": 71.25104166666668,
    "31": 73.08979166666668,
    "32": 74.45229166666667,
    "33": 76.12343750000001,
    "34": 78.13729166666667,
    "35": 79.13729166666667,
    "36": 81.22729166666667,
    "37": 83.00583333333334,
    "38": 84.62729166666668,
    "39": 86.15651041666668,
    "40": 87.294375,
    "41": 88.79729166666667,
    "42": 90.70916666666669,
    "43": 92.72875,
    "44": 94.328125,
    "45": 96.11166666666668,
    "46": 97.53687500000001,
    "47": 99.19020833333335,
    "48": 100.5034375,
    "49": 101.87864583333334,
    "50": 104.07864583333333,
    "51": 105.58989583333334,
    "52": 107.04072916666668,
    "53": 108.41302083333333,
    "54": 109.98072916666668,
    "55": 111.18072916666668,
    "56": 112.54072916666668,
    "57": 113.66072916666667,
    "58": 115.19145833333334,
    "59": 116.20520833333335,
    "60": 117.65145833333334,
    "61": 119.35145833333334,
    "62": 124.43895833333333,
    "63": 126.23875000000001,
    "64": 129.23854166666666,
    "65": 130.73447916666666,
    "66": 134.06395833333332,
    "67": 135.87395833333335,
    "68": 138.52625,
    "69": 141.32927083333337,
    "70": 143.97395833333334,
    "71": 145.34354166666665,
    "72": 147.04395833333334,
    "73": 148.20395833333333,
    "74": 150.7359375,
    "75": 152.43593750000002,
    "76": 153.4159375,
    "77": 154.59427083333335,
    "78": 156.45270833333336,
    "79": 158.70072916666666,
    "80": 160.93989583333334,
    "81": 162.3959375,
    "82": 165.09395833333335,
    "83": 166.2465625,
    "84": 167.17395833333333,
    "85": 175.06354166666668,
    "86": 178.17145833333333,
    "87": 179.69375000000002,
    "88": 181.380625,
    "89": 183.30145833333336,
    "90": 184.83833333333334,
    "91": 186.57375000000002,
    "92": 187.76145833333334,
    "93": 189.4075,
    "94": 190.59145833333335,
    "95": 193.53145833333335,
    "96": 195.29145833333334,
    "97": 198.92031249999997,
    "98": 200.25572916666667,
    "99": 201.70062499999997,
    "100": 203.35572916666666,
    "101": 204.98604166666664,
    "102": 206.26145833333334,
    "103": 207.44145833333332,
    "104": 210.086875,
    "105": 212.46145833333333,
    "106": 214.9947916666666,
    "107": 217.3814583333333,
    "108": 218.3814583333333,
    "109": 220.22145833333332,
    "110": 221.44145833333332,
    "111": 222.51833333333332,
    "112": 223.84145833333332,
    "113": 226.48145833333334,
    "114": 227.92145833333333,
    "115": 234.60697916666666,
    "116": 235.6896875,
    "117": 236.6496875,
    "118": 237.61510416666667,
    "119": 238.90645833333332,
    "120": 240.19251041666666,
    "121": 241.37458333333333,
    "122": 242.66968749999998,
    "123": 243.79305208333335,
    "124": 244.88968749999998,
    "125": 245.97079166666666,
    "126": 247.01710416666668,
    "127": 248.14645833333333,
    "128": 249.26968749999997,
    "129": 249.98645833333333,
    "130": 251.1496875,
    "131": 252.10645833333334,
    "132": 252.85239583333333,
    "133": 253.78645833333334,
    "134": 255.01510416666667,
    "135": 255.70645833333333,
    "136": 256.8764583333333,
    "137": 258.16697916666664,
    "138": 259.3564583333333,
    "139": 260.5478125,
    "140": 261.6355208333333,
    "141": 262.7896875,
    "142": 263.8364583333333,
    "143": 265.0210416666667,
    "144": 265.92052083333334,
    "145": 266.80645833333335,
    "146": 267.6664583333333,
    "147": 268.50645833333334,
    "148": 269.32916666666665,
    "149": 270.18645833333335,
    "150": 271.00645833333334,
    "151": 272.00645833333334,
    "152": 272.912625,
    "153": 273.70645833333333,
    "154": 274.6664583333333,
    "155": 275.4664583333333,
    "156": 276.2864583333333,
    "157": 277.091875,
    "158": 277.9172916666667,
    "159": 278.7264583333333,
    "160": 279.6464583333333,
    "161": 280.3464583333333,
    "162": 281.12207291666664,
    "163": 281.8664583333333,
    "164": 282.5864583333333,
    "165": 283.20507291666667,
    "166": 283.80916666666667,
    "167": 284.68645833333335,
    "168": 285.38645833333334,
    "169": 286.0264583333333,
    "170": 286.8110520833333,
    "171": 287.6464583333333,
    "172": 289.1064583333333,
    "173": 290.1464583333333,
    "174": 291.0264583333333,
    "175": 291.82916666666665,
    "176": 292.64311458333333,
    "177": 293.4664583333333,
    "178": 294.1351041666667,
    "179": 295.1064583333333,
    "180": 296.32645833333333,
    "181": 297.18916666666667,
    "182": 297.96890625000003,
    "183": 298.74916666666667,
    "184": 299.52781250000004,
    "185": 300.251875,
    "186": 301.1464583333333,
    "187": 302.82645833333333,
    "188": 303.67521875,
    "189": 304.32388541666666,
    "190": 305.06645833333334,
    "191": 305.7605208333333,
    "192": 306.452625,
    "193": 307.12916666666666,
    "194": 308.00645833333334,
    "195": 309.2264583333333,
    "196": 310.1664583333333,
    "197": 310.9064583333333,
    "198": 311.6064583333333,
    "199": 312.27092708333333,
    "200": 312.97348958333333,
    "201": 313.63255208333334,
    "202": 314.35988541666666,
    "203": 315.2264583333333,
    "204": 316.20645833333333,
    "205": 316.9064583333333,
    "206": 317.6772916666667,
    "207": 318.45521875,
    "208": 319.18149999999997,
    "209": 319.88645833333334,
    "210": 320.72645833333337,
    "211": 321.44916666666666,
    "212": 322.16645833333337,
    "213": 322.87089583333335,
    "214": 323.5561979166667,
    "215": 324.26645833333333,
    "216": 324.94645833333334,
    "217": 325.60052083333335,
    "218": 326.30916666666667,
    "219": 326.98821875000004,
    "220": 327.7145833333334,
    "221": 328.9064583333334,
    "222": 329.70236458333335,
    "223": 330.60821875000005,
    "224": 331.4664583333334,
    "225": 332.40781250000003,
    "226": 333.32645833333333,
    "227": 334.83833333333337,
    "228": 336.06916666666666,
    "229": 336.82645833333333,
    "230": 337.56645833333334,
    "231": 338.5132291666667,
    "232": 339.1492083333334,
    "233": 339.81322916666664,
    "234": 340.50322916666664,
    "235": 341.22311458333337,
    "236": 342.11151041666665,
    "237": 342.814375,
    "238": 343.53264583333333,
    "239": 344.2181041666667,
    "240": 344.89112500000005,
    "241": 345.5345833333334,
    "242": 346.118375,
    "243": 346.86645833333336,
    "244": 348.1409375,
    "245": 348.8082291666667,
    "246": 350.15937500000007,
    "247": 355.5296875,
    "248": 356.6896875,
    "249": 357.3696875,
    "250": 358.0684166666667,
    "251": 358.66879166666666,
    "252": 359.24390625,
    "253": 359.8778125,
    "254": 360.46052083333336,
    "255": 361.0805208333333,
    "256": 361.75239583333337,
    "257": 362.7669791666667,
    "258": 363.6496875,
    "259": 364.6496875,
    "260": 365.53781250000003,
    "261": 366.5096875,
    "262": 367.3951041666667,
    "263": 368.1551041666667,
    "264": 368.9890520833333,
    "265": 369.94968750000004,
    "266": 370.9896875,
    "267": 371.97104166666674,
    "268": 372.8096875,
    "269": 373.43916666666667,
    "270": 374.15781250000003,
    "271": 374.75293750000003,
    "272": 375.5096875,
    "273": 376.1009270833334,
    "274": 376.8323958333334,
    "275": 377.7714479166667,
    "276": 378.5351041666667,
    "277": 379.7053645833334,
    "278": 380.43859375,
    "279": 381.5469791666667,
    "280": 382.5896875,