{
    "1": 5.380000000000003,
    "2": 7.924000000000001,
    "3": 11.74,
    "4": 13.86,
    "5": 18.409999999999997,
    "6": 21.530000000000005,
    "7": 25.745,
    "8": 28.03,
    "9": 38.555,
    "10": 41.155,
    "11": 43.835,
    "12": 45.9975,
    "13": 47.9925,
    "14": 50.504999999999995,
    "15": 52.964999999999996,
    "16": 55.144999999999996,
    "17": 57.535,
    "18": 59.614999999999995,
    "19": 62.01,
    "20": 64.30000000000001,
    "21": 66.435,
    "22": 68.845,
    "23": 70.51,
    "24": 72.80499999999999,
    "25": 81.3459375,
    "26": 84.88729166666667,
    "27": 88.0659375,
    "28": 90.07510416666669,
    "29": 91.98885416666667,
    "30": 94.47229166666668,
    "31": 96.73166666666668,
    "32": 99.58520833333334,
    "33": 101.5034375,
    "34": 103.85729166666667,
    "35": 106.15729166666667,
    "36": 108.00729166666667,
    "37": 109.85729166666667,
    "38": 111.76729166666668,
    "39": 113.30944791666667,
    "40": 114.79729166666667,
    "41": 117.11729166666667,
    "42": 119.21875000000001,
    "43": 121.00875,
    "44": 122.67395833333333,
    "45": 124.41166666666668,
    "46": 125.93229166666667,
    "47": 128.153125,
    "48": 130.1503125,
    "49": 132.79864583333332,
    "50": 135.17864583333332,
    "51": 137.20145833333333,
    "52": 138.69760416666668,
    "53": 140.50072916666667,
    "54": 142.82072916666667,
    "55": 144.88072916666667,
    "56": 147.14989583333332,
    "57": 148.7453125,
    "58": 150.33145833333333,
    "59": 151.49145833333333,
    "60": 152.47375000000002,
    "61": 154.23375000000001,
    "62": 161.578125,
    "63": 163.62895833333334,
    "64": 167.61770833333333,
    "65": 169.55447916666668,
    "66": 175.21833333333333,
    "67": 177.233125,
    "68": 181.39395833333333,
    "69": 184.92468750000003,
    "70": 186.93395833333335,
    "71": 189.79833333333335,
    "72": 192.10395833333334,
    "73": 193.60395833333334,
    "74": 196.6959375,
    "75": 198.97593750000001,
    "76": 200.70072916666666,
    "77": 202.29177083333335,
    "78": 205.42395833333333,
    "79": 208.37343750000002,
    "80": 211.99593750000003,
    "81": 213.7759375,
    "82": 215.45395833333333,
    "83": 216.49395833333332,
    "84": 217.31916666666666,
    "85": 224.21145833333333,
    "86": 226.72520833333334,
    "87": 228.91145833333334,
    "88": 230.47145833333335,
    "89": 232.80145833333336,
    "90": 234.67375,
    "91": 238.16145833333334,
    "92": 240.05375,
    "93": 242.59833333333336,
    "94": 244.27145833333333,
    "95": 248.1029166666667,
    "96": 250.03145833333335,
    "97": 256.2757291666666,
    "98": 258.3357291666666,
    "99": 260.3403125,
    "100": 262.34093749999994,
    "101": 264.9814583333333,
    "102": 266.9920833333333,
    "103": 268.84749999999997,
    "104": 272.61833333333334,
    "105": 275.56291666666664,
    "106": 277.65666666666664,
    "107": 281.68145833333335,
    "108": 284.1275,
    "109": 286.07020833333326,
    "110": 287.4014583333333,
    "111": 289.38229166666656,
    "112": 290.7214583333333,
    "113": 295.25062499999996,
    "114": 298.8785416666665,
    "115": 304.96697916666665,
    "116": 307.0696875,
    "117": 307.8721041666667,
    "118": 308.56498958333333,
    "119": 309.6064583333333,
    "120": 310.80815624999997,
    "121": 311.88645833333334,
    "122": 313.0496875,
    "123": 314.09591666666665,
    "124": 315.29015625,
    "125": 316.3516041666667,
    "126": 317.47348958333333,
    "127": 318.5864583333333,
    "128": 319.6355416666667,
    "129": 320.7953333333333,
    "130": 322.0896875,
    "131": 323.19363541666667,
    "132": 324.24052083333333,
    "133": 325.3464583333333,
    "134": 326.5151041666666,
    "135": 327.58781250000004,
    "136": 329.01645833333333,
    "137": 330.8696875,
    "138": 332.0364583333333,
    "139": 333.3464583333333,
    "140": 334.75645833333334,
    "141": 335.8496875,
    "142": 337.0364583333333,
    "143": 338.42749999999995,
    "144": 339.42375,
    "145": 340.38645833333334,
    "146": 341.42104166666667,
    "147": 342.51020833333337,
    "148": 343.44374999999997,
    "149": 344.61020833333333,
    "150": 345.6983333333334,
    "151": 347.3404166666666,
    "152": 348.38645833333334,
    "153": 349.4064583333333,
    "154": 350.4064583333333,
    "155": 351.36052083333334,
    "156": 352.30645833333335,
    "157": 353.26645833333333,
    "158": 354.21458333333334,
    "159": 355.1464583333333,
    "160": 356.0464583333333,
    "161": 356.9864583333333,
    "162": 357.9345833333333,
    "163": 358.8546979166667,
    "164": 359.6464583333333,
    "165": 360.5264583333333,
    "166": 361.4264583333333,
    "167": 362.27187499999997,
    "168": 363.18645833333335,
    "169": 364.2210416666667,
    "170": 365.24645833333335,
    "171": 366.359375,
    "172": 367.74104166666666,
    "173": 368.74645833333335,
    "174": 369.6691666666667,
    "175": 370.5678125,
    "176": 371.4864583333333,
    "177": 372.4264583333333,
    "178": 373.44645833333334,
    "179": 374.68645833333335,
    "180": 375.68645833333335,
    "181": 376.6664583333333,
    "182": 377.6064583333333,
    "183": 378.55052083333334,
    "184": 379.4864583333333,
    "185": 380.4864583333333,
    "186": 381.655625,
    "187": 383.0864583333333,
    "188": 384.12645833333335,
    "189": 385.0491666666667,
    "190": 385.94645833333334,
    "191": 386.94645833333334,
    "192": 387.8464583333333,
    "193": 388.7264583333333,
    "194": 389.6464583333333,
    "195": 390.6464583333333,
    "196": 391.5464583333333,
    "197": 392.4064583333333,
    "198": 393.2291666666667,
    "199": 394.06645833333334,
    "200": 395.1091666666667,
    "201": 396.0264583333333,
    "202": 396.9264583333333,
    "203": 397.9264583333333,
    "204": 398.71634375,
    "205": 399.5864583333333,
    "206": 400.5291666666667,
    "207": 401.311875,
    "208": 402.1159375,
    "209": 402.98645833333336,
    "210": 403.98645833333336,
    "211": 404.92645833333336,
    "212": 405.8464583333334,
    "213": 406.7091666666667,
    "214": 407.6091666666667,
    "215": 408.48645833333336,
    "216": 409.36645833333336,
    "217": 410.2891666666667,
    "218": 411.13092708333335,
    "219": 412.12645833333335,
    "220": 413.1464583333334,
    "221": 414.44645833333334,
    "222": 415.4064583333334,
    "223": 416.7064583333334,
    "224": 417.77562500000005,
    "225": 419.0264583333334,
    "226": 420.04645833333336,
    "227": 421.9641666666668,
    "228": 423.16645833333337,
    "229": 424.06645833333334,
    "230": 425.1464583333334,
    "231": 426.06645833333334,
    "232": 426.9717604166667,
    "233": 427.68645833333335,
    "234": 428.5864583333334,
    "235": 429.4031145833334,
    "236": 430.2291666666667,
    "237": 431.2064583333334,
    "238": 432.38750000000005,
    "239": 433.88645833333334,
    "240": 435.1464583333334,
    "241": 437.0575000000003,
    "242": 438.30645833333335,
    "243": 439.30645833333335,
    "244": 440.7082291666667,
    "245": 443.70468750000003,
    "246": 445.76968750000003,
    "247": 446.57239583333336,
    "248": 447.36052083333334,
    "249": 448.3696875,
    "250": 449.2151041666667,
    "251": 449.93683333333337,
    "252": 450.5776979166667,
    "253": 451.1812708333334,
    "254": 451.88968750000004,
    "255": 452.65014583333334,
    "256": 453.45239583333336,
    "257": 454.29334375,
    "258": 455.2296875,
    "259": 456.4096875,
    "260": 457.32968750000003,
    "261": 458.06928125,
    "262": 458.81916666666666,
    "263": 459.6096875,
    "264": 460.4096875,
    "265": 461.15781250000003,
    "266": 462.1096875,
    "267": 463.07144791666667,
    "268": 463.8696875,
    "269": 464.70634375000003,
    "270": 465.4544375,
    "271": 466.3496875,
    "272": 467.13239583333336,
    "273": 467.9795416666667,
    "274": 468.82968750000003,
    "275": 469.7496875,
    "276": 470.70968750000003,
    "277": 471.8523958333334,
    "278": 472.82968750000003,
    "279": 474.0096875,