{
    "1": 5.045633945539308,
    "2": 6.819812314407477,
    "3": 9.48107986770973,
    "4": 10.959561841766536,
    "5": 13.487707433211288,
    "6": 14.968744177047277,
    "7": 17.38485337063084,
    "8": 19.091459374195527,
    "9": 20.315371742548834,
    "10": 21.479284110902142,
    "11": 22.88111436680872,
    "12": 24.925003435152696,
    "13": 29.496339455393027,
    "14": 31.19509401168444,
    "15": 31.979648089514015,
    "16": 34.33393478292951,
    "17": 35.70400292848816,
    "18": 37.09253924190526,
    "19": 38.10725805949127,
    "20": 39.82232016278853,
    "21": 40.84623253114184,
    "22": 42.59802138485024,
    "23": 43.52503535993677,
    "24": 44.577895456580166,
    "25": 47.748589488596764,
    "26": 49.368634416130625,
    "27": 50.38495816328371,
    "28": 51.36137750442307,
    "29": 52.32851455471731,
    "30": 53.557834689631086,
    "31": 54.79958174761548,
    "32": 57.00349411596879,
    "33": 58.89838457641042,
    "34": 60.30678661553018,
    "35": 61.48591754649753,
    "36": 64.90933233421495,
    "37": 67.07539164839778,
    "38": 68.73126020092774,
    "39": 70.30584162880346,
    "40": 72.89495349016431,
    "41": 75.0713338722451,
    "42": 76.29315773335674,
    "43": 78.02353723984253,
    "44": 79.07391674632832,
    "45": 80.44201475393976,
    "46": 81.45707166761495,
    "47": 82.60505526578571,
    "48": 83.63543477227152,
    "49": 84.5658142787573,
    "50": 85.28972664711061,
    "51": 85.97491397852988,
    "52": 86.4282587481615,
    "53": 86.81706683544552,
    "54": 87.30113545323519,
    "55": 87.79247145707862,
    "56": 88.33638382543192,
    "57": 89.08029619378524,
    "58": 90.49518665422687,
    "59": 91.95909902258018,
    "60": 92.77161366912019,
    "61": 93.57038563893019,
    "62": 96.90385061758961,
    "63": 98.39874107803125,
    "64": 99.9888035125461,
    "65": 100.87621718363391,
    "66": 103.71345248421386,
    "67": 105.170263383568,
    "68": 107.37888287851038,
    "69": 108.66606465957555,
    "70": 109.98412213402506,
    "71": 110.85145061824548,
    "72": 112.21352354842253,
    "73": 113.09547973259919,
    "74": 114.54080125141216,
    "75": 115.37111057912246,
    "76": 116.10465275443495,
    "77": 117.10627814734592,
    "78": 118.82132041038187,
    "79": 120.13503813101455,
    "80": 121.42776760987157,
    "81": 122.3457233086997,
    "82": 124.01203933290812,
    "83": 124.75595170126141,
    "84": 126.07972813922946,
    "85": 129.01017064264408,
    "86": 131.9645781484937,
    "87": 133.13851837519732,
    "88": 134.1034184934191,
    "89": 135.61830895386072,
    "90": 136.70222132221403,
    "91": 137.56920053585102,
    "92": 138.65817502389848,
    "93": 140.44493651936227,
    "94": 142.6088488877156,
    "95": 144.50048721778867,
    "96": 145.30671240311474,
    "97": 146.72254217695217,
    "98": 147.4864545453055,
    "99": 148.43466044458583,
    "100": 149.82741442042663,
    "101": 151.32916974245373,
    "102": 152.61831495512985,
    "103": 153.35699447916033,
    "104": 154.45188493960197,
    "105": 155.72148556006107,
    "106": 156.67068776839693,
    "107": 158.24669387460628,
    "108": 159.04949059719186,
    "109": 159.8267014827726,
    "110": 160.77731533389849,
    "111": 162.0212277022518,
    "112": 162.78514007060508,
    "113": 165.86355776877406,
    "114": 166.636877175665,
    "115": 170.5164583001979,
    "116": 173.05205166338456,
    "117": 174.0680156951224,
    "118": 176.85192806347573,
    "119": 300.53792873410936,
    "120": 301.4465713240997,
    "121": 303.0414617845413,
    "122": 303.72401635919726,
    "123": 304.41124270542457,
    "124": 305.1064532663465,
    "125": 305.78471653841547,
    "126": 306.4437678328696,
    "127": 307.0846436377529,
    "128": 307.90569500763274,
    "129": 309.0805854680744,
    "130": 310.0048736864025,
    "131": 310.68674548060164,
    "132": 311.33473116445936,
    "133": 312.0081178478727,
    "134": 312.68980453243387,
    "135": 313.36659425845795,
    "136": 314.0024093455829,
    "137": 314.7395637274112,
    "138": 315.72497949566383,
    "139": 316.4545348376952,
    "140": 317.24662831975945,
    "141": 317.9197083973496,
    "142": 318.65249687228936,
    "143": 319.30362076570293,
    "144": 319.87296428261055,
    "145": 320.50843832548196,
    "146": 321.1502367057951,
    "147": 321.6423506938353,
    "148": 322.20861375602385,
    "149": 322.6966367559697,
    "150": 323.2382192463652,
    "151": 323.76035086108374,
    "152": 324.3137052917748,
    "153": 324.80817559779035,
    "154": 325.3478571779934,
    "155": 325.7952000668994,
    "156": 326.3827065920498,
    "157": 326.9163278119471,
    "158": 327.48160615933534,
    "159": 328.12747471186526,
    "160": 329.1442308291426,
    "161": 329.6891425268622,
    "162": 330.42169345648506,
    "163": 331.0198394250587,
    "164": 331.6756058248384,
    "165": 332.4351240180301,
    "166": 333.12951819319164,
    "167": 333.9714743773683,
    "168": 335.4668611230899,
    "169": 336.15077349144326,
    "170": 336.67468585979657,
    "171": 337.27929911407495,
    "172": 337.9425105965032,
    "173": 338.6387603050481,
    "174": 339.1167850332283,
    "175": 339.63858751768817,
    "176": 340.14724010487464,
    "177": 340.6527418552448,
    "178": 341.19356890883483,
    "179": 341.9749485874882,
    "180": 342.49245239403086,
    "181": 343.0288609558415,
    "182": 343.5347517688167,
    "183": 344.18724373187115,
    "184": 344.6447295083714,
    "185": 345.07668569254804,
    "186": 345.5858270027596,
    "187": 346.07017413846535,
    "188": 346.55255424507806,
    "189": 347.22902085850944,
    "190": 347.99939984029413,
    "191": 348.5405502999814,
    "192": 349.16113694535403,
    "193": 349.91401099576785,
    "194": 355.008086792125,
    "195": 356.07899408235517,
    "196": 356.7715688924379,
    "197": 357.3304797080038,
    "198": 357.9444232173689,
    "199": 358.3179845721472,
    "200": 358.82197308939107,
    "201": 359.25798463937457,
    "202": 359.691751475312,
    "203": 360.1333490328282,
    "204": 360.5867045539138,
    "205": 361.1114856256487,
    "206": 361.5755311205157,
    "207": 362.1398274815494,
    "208": 363.0833558572223,
    "209": 363.744541403018,
    "210": 364.50765283150037,
    "211": 365.2150929622822,
    "212": 365.8714031983813,
    "213": 366.70291769898887,
    "214": 367.35151307407637,
    "215": 367.9064454614172,
    "216": 368.53732740202435,
    "217": 369.1385671724021,
    "218": 369.9712397703777,
    "219": 370.72639190910866,
    "220": 371.490304277462,
    "221": 372.23421664581525,
    "222": 372.85906450708427,
    "223": 373.29983724426967,
    "224": 373.8659537508752,
    "225": 374.36442368796025,
    "226": 374.8137784875818,
    "227": 375.35769085593506,
    "228": 375.887072548129,
    "229": 376.38275779632085,
    "230": 376.9494279609951,
    "231": 377.69867625120725,
    "232": 378.3275274279315,
    "233": 378.96116506605495,
    "234": 379.8850774344083,
    "235": 380.44109990473396,
    "236": 381.22464347378383,
    "237": 382.05681453946823,
    "238": 382.771301767095,
    "239": 383.5006237466612,
    "240": 384.1285516445281,
    "241": 385.0124640128814,
    "242": 386.1163763812347,
    "243": 386.8202309996704,
    "244": 387.5843127235104,
    "245": 388.09909157838297,
    "246": 388.80334850484775,
    "247": 389.36783130202946,
    "248": 389.88180677553123,
    "249": 390.44457361474804,
    "250": 391.0896315122378,
    "251": 391.97354388059114,
    "252": 392.9774562489444,
    "253": 393.57559909062735,
    "254": 394.1274888378034,
    "255": 394.7393546832035,
    "256": 395.23310572235766,
    "257": 395.7062108544266,
    "258": 396.2691583728362,
    "259": 396.7615981330478,
    "260": 397.25062655873126,
    "261": 397.85266756412426,
    "262": 398.8648698987163,
    "263": 399.3457772282991,
    "264": 399.88440466918416,
    "265": 400.39205558552544,
    "266": 400.9761147029454,