{
    "1": 0.16000000000000014,
    "2": 1.2818685525299616,
    "3": 2.9646713813249033,
    "4": 3.8995618417665376,
    "5": 5.733853716605644,
    "6": 7.868744177047278,
    "7": 9.52485337063084,
    "8": 10.471459374195527,
    "9": 11.235371742548834,
    "10": 11.999284110902142,
    "11": 12.594973605893705,
    "12": 13.360663271413138,
    "13": 14.111021215962063,
    "14": 15.065911676403699,
    "15": 16.069824044757006,
    "16": 16.833736413110316,
    "17": 17.61647317219543,
    "18": 21.052539241905254,
    "19": 21.764677415387844,
    "20": 25.30371226046164,
    "21": 26.12623253114183,
    "22": 27.106470581483627,
    "23": 27.965035359936774,
    "24": 28.75447386414504,
    "25": 31.56768421518649,
    "26": 32.350499285914566,
    "27": 33.05746513606976,
    "28": 33.661377504423065,
    "29": 34.457934809164556,
    "30": 36.21783468963109,
    "31": 36.93958174761548,
    "32": 37.70349411596878,
    "33": 40.83644606810294,
    "34": 42.52876408289622,
    "35": 43.58183228912343,
    "36": 45.40914157256207,
    "37": 47.395391648397776,
    "38": 49.51126020092774,
    "39": 50.713564376728854,
    "40": 56.21495349016432,
    "41": 58.90277822687093,
    "42": 59.95315773335673,
    "43": 60.94353723984253,
    "44": 61.35181750238985,
    "45": 61.68429625281412,
    "46": 62.59467575929992,
    "47": 64.84505526578572,
    "48": 67.39543477227151,
    "49": 71.02581427875731,
    "50": 71.78972664711061,
    "51": 72.56841099183269,
    "52": 73.3207343520187,
    "53": 74.104646720372,
    "54": 74.90855908872531,
    "55": 76.01247145707862,
    "56": 76.77638382543194,
    "57": 77.7923554325423,
    "58": 78.77518665422687,
    "59": 79.53909902258017,
    "60": 81.50602278186697,
    "61": 82.61038563893018,
    "62": 85.18385061758961,
    "63": 86.65669825258125,
    "64": 89.0787719534131,
    "65": 89.9962171836339,
    "66": 92.13471551852768,
    "67": 92.86161670254857,
    "68": 94.48944143925519,
    "69": 95.44433189969682,
    "70": 98.04412213402506,
    "71": 98.79215663640343,
    "72": 100.11222825810705,
    "73": 100.93547973259919,
    "74": 102.66524202659251,
    "75": 103.41111057912245,
    "76": 104.24465275443495,
    "77": 105.04856512278826,
    "78": 106.23443367531823,
    "79": 106.95834604367151,
    "80": 108.27323650411314,
    "81": 109.00572330869971,
    "82": 109.95203933290811,
    "83": 110.93595170126142,
    "84": 111.55986406961473,
    "85": 113.40385665165256,
    "86": 115.71339063506872,
    "87": 118.85950612506578,
    "88": 119.63610219210292,
    "89": 120.73830895386074,
    "90": 124.34222132221403,
    "91": 125.12920053585101,
    "92": 125.87004605892065,
    "93": 126.82493651936228,
    "94": 127.69270488349174,
    "95": 129.89836791714964,
    "96": 131.28765171651054,
    "97": 133.3025421769522,
    "98": 134.0864545453055,
    "99": 134.85036691365877,
    "100": 135.6142792820121,
    "101": 136.56916974245374,
    "102": 139.66954994088914,
    "103": 141.18074258326766,
    "104": 144.45188493960197,
    "105": 145.70677540004363,
    "106": 146.51068776839693,
    "107": 148.3000816238188,
    "108": 149.56293189707333,
    "109": 150.2667014827726,
    "110": 152.03731533389848,
    "111": 152.9012277022518,
    "112": 153.66514007060508,
    "113": 155.9129648073117,
    "114": 157.47375435133003,
    "115": 159.8401909584158,
    "116": 160.65205166338455,
    "117": 161.3680156951224,
    "118": 162.15192806347574,
    "119": 293.63168086365806,
    "120": 295.989028237119,
    "121": 297.0814617845413,
    "122": 298.03635224498294,
    "123": 298.99124270542455,
    "124": 299.94613316586623,
    "125": 300.90102362630785,
    "126": 301.85591408674946,
    "127": 302.93080454719114,
    "128": 303.7885560061062,
    "129": 304.7405854680744,
    "130": 305.715475928516,
    "131": 306.63036638895767,
    "132": 307.72525684939933,
    "133": 308.68014730984095,
    "134": 309.55203021622606,
    "135": 310.5049641153621,
    "136": 311.4624093455829,
    "137": 312.41956372741123,
    "138": 313.3518994180737,
    "139": 314.3294900724907,
    "140": 315.8043805329324,
    "141": 316.759270993374,
    "142": 317.7141614538156,
    "143": 318.8090519142573,
    "144": 320.2729642826106,
    "145": 321.32843832548195,
    "146": 322.1103945096586,
    "147": 322.82235069383523,
    "148": 323.7486137560239,
    "149": 324.51626306218856,
    "150": 325.2982192463652,
    "151": 326.4603508610837,
    "152": 327.22426322943704,
    "153": 327.98817559779036,
    "154": 329.1381319492155,
    "155": 329.9960003344969,
    "156": 330.9798690542754,
    "157": 331.7222950427222,
    "158": 332.40160615933536,
    "159": 333.1474747118653,
    "160": 333.9433432643953,
    "161": 334.53554219990787,
    "162": 335.30169345648505,
    "163": 335.87501315196164,
    "164": 336.6156058248383,
    "165": 337.166049607212,
    "166": 337.74951819319165,
    "167": 338.53147437736834,
    "168": 338.84713722246175,
    "169": 338.8974928189732,
    "170": 339.0946858597966,
    "171": 339.85929911407493,
    "172": 340.6225105965032,
    "173": 341.3796344472847,
    "174": 342.13033533320976,
    "175": 342.7813715523447,
    "176": 343.52724010487464,
    "177": 344.32310865740465,
    "178": 345.04598480662304,
    "179": 345.8749485874882,
    "180": 346.6454762236604,
    "181": 347.4288609558415,
    "182": 348.14163428003627,
    "183": 348.9227733241948,
    "184": 349.70472950837143,
    "185": 350.43668569254805,
    "186": 351.1972837534495,
    "187": 351.9611961218028,
    "188": 352.65746844332654,
    "189": 353.36902085850943,
    "190": 353.8993998402941,
    "191": 354.656845595216,
    "192": 355.441136945354,
    "193": 356.16700549788396,
    "194": 356.962874050414,
    "195": 357.6924950686293,
    "196": 358.52317413026697,
    "197": 359.37302337707473,
    "198": 360.6021160868446,
    "199": 361.4881445420425,
    "200": 362.2760284551979,
    "201": 363.39798463937456,
    "202": 366.1899408235512,
    "203": 368.1037940154557,
    "204": 369.267706383809,
    "205": 370.42580937608113,
    "206": 372.47553112051565,
    "207": 373.239443488869,
    "208": 374.46335585722227,
    "209": 375.5409023383633,
    "210": 376.4511805939288,
    "211": 377.2350929622822,
    "212": 378.0190053306355,
    "213": 379.0629176989888,
    "214": 381.0102451010132,
    "215": 382.6907424356954,
    "216": 383.45465480404874,
    "217": 384.21856717240206,
    "218": 385.1712397703777,
    "219": 385.7865567636435,
    "220": 386.0919091283239,
    "221": 386.5742166458152,
    "222": 388.2074387042506,
    "223": 389.22857935530624,
    "224": 391.2259537508752,
    "225": 392.27967868614843,
    "226": 393.2737784875818,
    "227": 394.0776908559351,
    "228": 395.7499238691461,
    "229": 396.8055155926417,
    "230": 397.78942796099506,
    "231": 398.7500104940225,
    "232": 399.6772526977017,
    "233": 400.44116506605496,
    "234": 401.54507743440826,
    "235": 402.55348470414236,
    "236": 403.43870651334464,
    "237": 404.2968145394682,
    "238": 405.5007269078215,
    "239": 406.5523196380874,
    "240": 407.5376272359236,
    "241": 408.6124640128814,
    "242": 409.95637638123475,
    "243": 411.32069299901127,
    "244": 412.4775896050148,
    "245": 413.279091578383,
    "246": 414.1339820388246,
    "247": 414.89789440717794,
    "248": 415.6418067755312,
    "249": 416.6028595719423,
    "250": 417.3496315122378,
    "251": 418.0135438805911,
    "252": 418.8574562489444,
    "253": 419.6213686172978,
    "254": 420.5305619713021,
    "255": 420.9983385502836,
    "256": 421.58262114447155,
    "257": 422.217018090711,
    "258": 422.82139568859645,
    "259": 423.56484282741764,
    "260": 424.32875519577095,
    "261": 425.09266756412427,
    "262": 426.08486989871625,
    "263": 427.0204923008308,
    "264": 427.9503564196363,
    "265": 429.4683170375375,
    "266": 430.2761147029454,