{
    "1": 8.330422630359536,
    "2": 10.703164393781636,
    "3": 14.262277038914787,
    "4": 16.239561841766537,
    "5": 20.008019663174675,
    "6": 22.24874417704728,
    "7": 25.24485337063084,
    "8": 27.725751249034634,
    "9": 30.115371742548835,
    "10": 33.697279621428144,
    "11": 34.68319647925545,
    "12": 37.18044581559062,
    "13": 45.991021215962064,
    "14": 49.205911676403694,
    "15": 50.80982404475701,
    "16": 52.81696739146476,
    "17": 54.34400292848816,
    "18": 55.852539241905255,
    "19": 56.88467741538785,
    "20": 58.47670517207738,
    "21": 60.30623253114183,
    "22": 61.91181817138379,
    "23": 62.88503535993677,
    "24": 63.67447386414504,
    "25": 66.84768421518649,
    "26": 68.30514935125625,
    "27": 69.31746513606976,
    "28": 70.08137750442307,
    "29": 71.07016670738567,
    "30": 72.57783468963108,
    "31": 74.1738250876005,
    "32": 77.19044588117815,
    "33": 78.25709223753877,
    "34": 82.80876408289623,
    "35": 83.88915583787391,
    "36": 86.78952309586782,
    "37": 88.37539164839778,
    "38": 92.15126020092774,
    "39": 93.49356437672886,
    "40": 97.67794418819717,
    "41": 101.03133387224511,
    "42": 104.29652434695213,
    "43": 106.98353723984253,
    "44": 108.03391674632833,
    "45": 110.22429625281413,
    "46": 111.31611330428893,
    "47": 112.2650552657857,
    "48": 113.17748912474934,
    "49": 114.1258142787573,
    "50": 115.04972664711062,
    "51": 115.8284109918327,
    "52": 116.3407343520187,
    "53": 116.95990324511249,
    "54": 117.49427954436266,
    "55": 117.84396272654381,
    "56": 118.55638382543192,
    "57": 119.45265162632754,
    "58": 120.75518665422688,
    "59": 121.97909902258019,
    "60": 122.84021594730689,
    "61": 123.85038563893019,
    "62": 127.40862074110754,
    "63": 129.03874107803125,
    "64": 131.5187719534131,
    "65": 132.4562171836339,
    "66": 135.75355972000634,
    "67": 137.70161670254856,
    "68": 139.8294414392552,
    "69": 141.3443318996968,
    "70": 142.86412213402505,
    "71": 143.92431327280687,
    "72": 146.03352354842252,
    "73": 149.79547973259918,
    "74": 152.1252420265925,
    "75": 153.11614711963674,
    "76": 153.96465275443495,
    "77": 154.78856512278827,
    "78": 158.43443367531822,
    "79": 160.12511439304365,
    "80": 161.87453110575842,
    "81": 163.62572330869972,
    "82": 165.8120393329081,
    "83": 167.77595170126142,
    "84": 168.73986406961473,
    "85": 173.25262798198307,
    "86": 177.2045781484937,
    "87": 178.15950612506577,
    "88": 179.32830657630876,
    "89": 180.37830895386074,
    "90": 181.20799837998527,
    "91": 182.00920053585102,
    "92": 182.6048221082819,
    "93": 183.46493651936228,
    "94": 184.24615822034494,
    "95": 185.38373934815723,
    "96": 187.52765171651055,
    "97": 188.8025421769522,
    "98": 189.77303636342768,
    "99": 190.5503669136588,
    "100": 191.3542792820121,
    "101": 192.60916974245373,
    "102": 193.95308211080703,
    "103": 194.77699447916035,
    "104": 195.99565481880595,
    "105": 197.2867754000436,
    "106": 198.05068776839693,
    "107": 199.487809520374,
    "108": 200.52949059719185,
    "109": 201.3267014827726,
    "110": 202.27731533389849,
    "111": 203.10122770225178,
    "112": 204.4651400706051,
    "113": 206.1729648073117,
    "114": 206.956877175665,
    "115": 210.84822915009894,
    "116": 212.05205166338456,
    "117": 213.13926905853856,
    "118": 214.8719280634757,
    "119": 342.25168086365807,
    "120": 343.2065713240997,
    "121": 345.4214617845413,
    "122": 346.2963522449829,
    "123": 347.17124270542456,
    "124": 347.94613316586623,
    "125": 348.88102362630787,
    "126": 349.8359140867495,
    "127": 350.49080454719115,
    "128": 351.2456950076328,
    "129": 352.1405854680744,
    "130": 353.515475928516,
    "131": 354.4303663889577,
    "132": 355.3652568493993,
    "133": 356.2801473098409,
    "134": 357.21503777028255,
    "135": 358.09097846921725,
    "136": 358.9924818691166,
    "137": 359.8595637274112,
    "138": 360.7718994180737,
    "139": 361.61369404349443,
    "140": 362.4843805329324,
    "141": 363.25591251920486,
    "142": 364.13416145381564,
    "143": 364.9672415314058,
    "144": 365.6329642826106,
    "145": 366.34843832548194,
    "146": 366.9103945096586,
    "147": 367.7158805550682,
    "148": 368.34861375602384,
    "149": 368.97626306218854,
    "150": 369.5582192463652,
    "151": 370.21628068886696,
    "152": 370.92426322943703,
    "153": 371.48817559779036,
    "154": 372.11571435598677,
    "155": 372.7360003344969,
    "156": 373.3511144487933,
    "157": 374.1638250712036,
    "158": 374.99128492746826,
    "159": 375.6074747118653,
    "160": 376.3460059586372,
    "161": 376.88757963569344,
    "162": 377.6216934564851,
    "163": 378.2420452669499,
    "164": 378.78292407738684,
    "165": 379.4728554153255,
    "166": 379.98951819319166,
    "167": 380.5903012883052,
    "168": 381.88960557232593,
    "169": 382.7932375863092,
    "170": 383.5816230317559,
    "171": 384.35929911407493,
    "172": 385.1825105965032,
    "173": 386.1143498543134,
    "174": 386.6785917398925,
    "175": 387.2699078854381,
    "176": 387.91543605942894,
    "177": 388.4466941697507,
    "178": 389.25678784529845,
    "179": 390.1749485874882,
    "180": 390.91071431499444,
    "181": 391.6488609558415,
    "182": 392.2616342800363,
    "183": 393.0027733241948,
    "184": 393.62472950837144,
    "185": 394.0972159817404,
    "186": 394.71273823808644,
    "187": 395.2811961218028,
    "188": 396.05255424507806,
    "189": 396.8290208585094,
    "190": 397.5993998402941,
    "191": 400.633691190432,
    "192": 401.921136945354,
    "193": 402.9670054978839,
    "194": 405.582874050414,
    "195": 406.65249506862926,
    "196": 407.5246111554739,
    "197": 408.0104797080038,
    "198": 408.6284232173689,
    "199": 409.130515633634,
    "200": 409.69602845519796,
    "201": 410.3179846393746,
    "202": 410.71537277883357,
    "203": 411.1933490328282,
    "204": 411.7655394468666,
    "205": 412.26580937608117,
    "206": 412.80905493784746,
    "207": 413.299443488869,
    "208": 414.02335585722227,
    "209": 414.7718096285936,
    "210": 415.9394307320727,
    "211": 417.3950929622822,
    "212": 418.21900533063547,
    "213": 419.18291769898883,
    "214": 420.0302451010132,
    "215": 420.7707424356954,
    "216": 421.57465480404875,
    "217": 422.39856717240207,
    "218": 423.2117356785287,
    "219": 423.9862270545739,
    "220": 425.130304277462,
    "221": 425.8942166458152,
    "222": 426.6590645070843,
    "223": 427.2098372442697,
    "224": 427.9059537508752,
    "225": 428.3923995894214,
    "226": 429.11377848758184,
    "227": 429.7373229027122,
    "228": 430.2616032242884,
    "229": 430.9455155926417,
    "230": 431.60942796099505,
    "231": 432.5900104940225,
    "232": 433.23815930746014,
    "233": 433.94116506605496,
    "234": 434.669027876387,
    "235": 435.25348470414235,
    "236": 435.8449668454477,
    "237": 436.44336290789363,
    "238": 436.954301767095,
    "239": 437.6523196380874,
    "240": 438.1285516445281,
    "241": 438.7924640128814,
    "242": 439.63637638123475,
    "243": 440.30028874958805,
    "244": 441.19758960501485,
    "245": 441.819091578383,
    "246": 442.4539820388246,
    "247": 443.15789440717793,
    "248": 443.7410840653188,
    "249": 444.36457361474805,
    "250": 445.0896315122378,
    "251": 445.9935438805911,
    "252": 447.4119299983111,
    "253": 448.20136861729776,
    "254": 448.8092551195253,
    "255": 449.30951601240264,
    "256": 449.91747026174386,
    "257": 450.397018090711,
    "258": 450.95320959678355,
    "259": 451.42562956756433,
    "260": 451.95437759788547,
    "261": 452.53266756412427,
    "262": 453.4628178582028,
    "263": 454.1526283017228,
    "264": 454.73952373534735,
    "265": 455.4683170375375,
    "266": 456.0161147029454,