{
    "1": 0.0,
    "2": 1.5,
    "3": 24.32,
    "4": 27.32,
    "5": 31.305,
    "6": 33.91000000000001,
    "7": 39.39,
    "8": 43.555,
    "9": 50.19999999999999,
    "10": 53.495000000000005,
    "11": 55.655,
    "12": 57.655,
    "13": 60.4875,
    "14": 62.777499999999996,
    "15": 64.96,
    "16": 67.11749999999999,
    "17": 69.0375,
    "18": 71.095,
    "19": 72.88000000000001,
    "20": 75.275,
    "21": 76.975,
    "22": 78.7375,
    "23": 80.5375,
    "24": 82.63749999999999,
    "25": 89.44437500000001,
    "26": 92.27177083333333,
    "27": 96.21166666666667,
    "28": 98.71,
    "29": 100.885625,
    "30": 103.09239583333333,
    "31": 105.61927083333333,
    "32": 107.59239583333333,
    "33": 110.19375,
    "34": 113.19770833333332,
    "35": 115.48979166666666,
    "36": 117.73979166666666,
    "37": 119.3415625,
    "38": 120.97979166666666,
    "39": 122.66572916666667,
    "40": 124.12968749999999,
    "41": 125.5696875,
    "42": 127.01479166666667,
    "43": 128.72979166666667,
    "44": 130.17239583333333,
    "45": 131.55979166666665,
    "46": 133.01479166666667,
    "47": 134.32979166666667,
    "48": 135.84479166666668,
    "49": 137.2015625,
    "50": 138.77281249999996,
    "51": 141.20072916666666,
    "52": 142.57427083333332,
    "53": 143.85593749999998,
    "54": 145.25510416666663,
    "55": 146.43031249999999,
    "56": 147.8759375,
    "57": 149.5559375,
    "58": 151.2339583333333,
    "59": 152.91833333333332,
    "60": 154.22874999999996,
    "61": 156.00354166666665,
    "62": 160.97166666666658,
    "63": 163.71145833333333,
    "64": 166.91062499999998,
    "65": 169.23666666666662,
    "66": 172.97989583333327,
    "67": 174.99645833333332,
    "68": 180.0147916666666,
    "69": 182.40645833333332,
    "70": 184.86104166666664,
    "71": 188.42645833333333,
    "72": 191.59645833333332,
    "73": 193.49645833333332,
    "74": 195.67479166666664,
    "75": 197.9164583333333,
    "76": 199.73499999999993,
    "77": 201.86374999999998,
    "78": 203.67104166666664,
    "79": 205.6364583333333,
    "80": 207.92968749999997,
    "81": 209.5696875,
    "82": 211.09645833333332,
    "83": 212.43104166666663,
    "84": 214.28395833333326,
    "85": 220.52874999999997,
    "86": 226.57312499999998,
    "87": 228.7339583333333,
    "88": 230.90354166666665,
    "89": 232.90395833333332,
    "90": 235.12395833333332,
    "91": 237.18791666666664,
    "92": 239.24791666666664,
    "93": 241.68020833333327,
    "94": 242.77395833333333,
    "95": 246.2159375,
    "96": 248.2159375,
    "97": 250.37395833333332,
    "98": 252.78697916666667,
    "99": 255.42697916666665,
    "100": 257.1869791666666,
    "101": 259.16229166666665,
    "102": 261.2183333333333,
    "103": 263.4039583333333,
    "104": 265.46697916666665,
    "105": 267.9092708333333,
    "106": 269.91187499999995,
    "107": 272.3965625,
    "108": 274.24875,
    "109": 276.8505208333333,
    "110": 277.88697916666666,
    "111": 283.22697916666664,
    "112": 285.32697916666666,
    "113": 288.84697916666664,
    "114": 290.82697916666666,
    "115": 294.4989583333333,
    "116": 296.75791666666663,
    "117": 302.25895833333334,
    "118": 309.0739583333332,
    "119": 312.73312499999963,
    "120": 313.8595833333333,
    "121": 314.9189583333333,
    "122": 315.9944791666667,
    "123": 316.9589583333333,
    "124": 318.15916666666664,
    "125": 319.2989583333333,
    "126": 320.3744791666667,
    "127": 321.3389583333333,
    "128": 322.38937500000003,
    "129": 323.3993020833333,
    "130": 324.4897291666666,
    "131": 325.3391145833333,
    "132": 326.429375,
    "133": 327.4794479166667,
    "134": 328.59240625,
    "135": 329.3789583333333,
    "136": 330.60895833333336,
    "137": 331.3506770833333,
    "138": 332.2549583333333,
    "139": 333.20890625,
    "140": 334.217625,
    "141": 335.0728854166666,
    "142": 336.05342708333336,
    "143": 337.2389583333333,
    "144": 338.3589583333333,
    "145": 339.21967708333335,
    "146": 340.22450000000003,
    "147": 341.2189583333333,
    "148": 342.13895833333333,
    "149": 343.0672916666666,
    "150": 344.00444791666666,
    "151": 344.9389583333333,
    "152": 345.8989583333333,
    "153": 346.9189583333333,
    "154": 347.81895833333334,
    "155": 348.7989583333333,
    "156": 349.6789583333333,
    "157": 350.599375,
    "158": 351.52906249999995,
    "159": 352.5989583333333,
    "160": 353.6189583333333,
    "161": 354.4789583333333,
    "162": 355.4589583333333,
    "163": 356.31895833333334,
    "164": 357.2989583333333,
    "165": 357.9768541666666,
    "166": 358.94213541666664,
    "167": 359.6189583333333,
    "168": 360.3989583333333,
    "169": 361.3098958333333,
    "170": 362.01895833333333,
    "171": 362.9789583333333,
    "172": 363.9789583333333,
    "173": 364.41291666666666,
    "174": 365.0995833333333,
    "175": 365.9389583333333,
    "176": 366.699375,
    "177": 367.4296875,
    "178": 368.3589583333333,
    "179": 369.3589583333333,
    "180": 370.8789583333333,
    "181": 371.8389583333333,
    "182": 372.72411458333335,
    "183": 373.5589583333333,
    "184": 374.48411458333334,
    "185": 375.2989583333333,
    "186": 376.19895833333334,
    "187": 377.2783333333333,
    "188": 378.2989583333333,
    "189": 379.22729166666664,
    "190": 380.0389583333333,
    "191": 380.8989583333333,
    "192": 381.7641145833333,
    "193": 382.61223958333335,
    "194": 383.4389583333333,
    "195": 384.3389583333333,
    "196": 385.13895833333333,
    "197": 385.9789583333333,
    "198": 386.69969791666665,
    "199": 387.3395833333333,
    "200": 388.01090625,
    "201": 388.739375,
    "202": 389.45788541666667,
    "203": 390.11929166666664,
    "204": 390.87223958333334,
    "205": 391.57589583333333,
    "206": 392.2789583333333,
    "207": 393.015625,
    "208": 393.7324479166667,
    "209": 394.4138541666666,
    "210": 395.1589583333333,
    "211": 395.879625,
    "212": 396.6589583333333,
    "213": 397.4989583333333,
    "214": 398.09288541666666,
    "215": 398.7789583333333,
    "216": 399.4789583333333,
    "217": 400.33947916666665,
    "218": 400.9228958333333,
    "219": 401.5996875,
    "220": 402.4194791666667,
    "221": 403.0948645833334,
    "222": 403.81947916666667,
    "223": 404.6194791666667,
    "224": 405.4794791666667,
    "225": 406.2066145833333,
    "226": 406.95947916666665,
    "227": 407.7127604166667,
    "228": 408.4394791666667,
    "229": 409.2994791666667,
    "230": 410.0594791666667,
    "231": 410.89947916666665,
    "232": 411.63947916666666,
    "233": 412.57947916666666,
    "234": 413.37947916666667,
    "235": 414.7394791666667,
    "236": 416.25947916666667,
    "237": 417.0594791666667,
    "238": 418.0394791666667,
    "239": 418.89947916666665,
    "240": 419.63947916666666,
    "241": 420.37987499999997,
    "242": 421.30088541666663,
    "243": 421.679875,
    "244": 422.9469270833334,
    "245": 423.7689583333334,
    "246": 424.77947916666665,
    "247": 425.7297916666667,
    "248": 426.45092708333334,
    "249": 427.12666666666667,
    "250": 427.73991666666666,
    "251": 428.4194791666667,
    "252": 429.39947916666665,
    "253": 430.0394791666667,
    "254": 431.4794791666667,
    "255": 437.9194791666667,
    "256": 438.5796875,
    "257": 439.21953125000005,
    "258": 439.91973958333335,
    "259": 440.5394791666667,
    "260": 441.1318958333333,
    "261": 441.69589583333334,
    "262": 442.3266145833333,
    "263": 442.9394791666667,
    "264": 443.59496875,
    "265": 444.1797604166667,
    "266": 444.8929166666666,
    "267": 445.7194791666667,
    "268": 446.5122395833333,
    "269": 447.29895833333336,
    "270": 448.05895833333335,
    "271": 448.7195833333334,
    "272": 449.43958333333336,
    "273": 450.1595833333334,
    "274": 451.05895833333335,
    "275": 451.8389583333333,
    "276": 452.57276041666665,
    "277": 453.37265625,
    "278": 454.11562499999997,