{
    "1": 3.299999999999998,
    "2": 4.90186855252996,
    "3": 7.304671381324903,
    "4": 8.639561841766538,
    "5": 11.673853716605644,
    "6": 13.028744177047276,
    "7": 16.36485337063084,
    "8": 18.66575124903463,
    "9": 19.555371742548836,
    "10": 20.537709154886855,
    "11": 21.50319647925545,
    "12": 24.62771431991357,
    "13": 29.387113996238547,
    "14": 31.54264101752666,
    "15": 34.04982404475701,
    "16": 34.913736413110314,
    "17": 35.864002928488155,
    "18": 37.392539241905254,
    "19": 38.490967729241106,
    "20": 40.14881661859639,
    "21": 41.38519060588222,
    "22": 43.269572188216856,
    "23": 44.265035359936775,
    "24": 45.25447386414504,
    "25": 48.62644211644758,
    "26": 50.24863441613063,
    "27": 51.522479081641855,
    "28": 52.261377504423066,
    "29": 53.487688478383134,
    "30": 54.85783468963109,
    "31": 56.05958174761548,
    "32": 58.50349411596879,
    "33": 59.47838457641042,
    "34": 61.985797881847155,
    "35": 63.58662054762401,
    "36": 66.56952309586782,
    "37": 69.2535483077569,
    "38": 71.31126020092773,
    "39": 73.07356437672885,
    "40": 76.19962792131453,
    "41": 78.84277822687093,
    "42": 80.11315773335673,
    "43": 81.90448937562206,
    "44": 83.55391674632833,
    "45": 85.31315550337695,
    "46": 86.41467575929991,
    "47": 87.70505526578572,
    "48": 88.77543477227152,
    "49": 89.80581427875731,
    "50": 90.56972664711061,
    "51": 91.24956989264943,
    "52": 91.69155248896898,
    "53": 92.28255569620461,
    "54": 92.82855908872531,
    "55": 93.31922431137076,
    "56": 93.89638382543193,
    "57": 94.64029619378525,
    "58": 96.25518665422688,
    "59": 97.29909902258018,
    "60": 98.18301139093349,
    "61": 98.90017003595841,
    "62": 102.14385061758962,
    "63": 103.67874107803125,
    "64": 105.37877195341309,
    "65": 106.53621718363391,
    "66": 109.49348822947802,
    "67": 111.07188008611656,
    "68": 113.72899459065933,
    "69": 115.12693103951491,
    "70": 116.52412213402506,
    "71": 117.53215663640343,
    "72": 119.03352354842254,
    "73": 120.14643919779756,
    "74": 121.78333883722951,
    "75": 122.94977596901636,
    "76": 123.92465275443496,
    "77": 124.66856512278827,
    "78": 126.38264082076374,
    "79": 127.37834604367151,
    "80": 128.25323650411315,
    "81": 129.3348974455254,
    "82": 132.09203933290812,
    "83": 132.99033238176597,
    "84": 134.3998368835377,
    "85": 138.28385665165257,
    "86": 142.07339063506873,
    "87": 143.53920980010523,
    "88": 144.62878589078673,
    "89": 146.27830895386074,
    "90": 147.62222132221402,
    "91": 148.50920053585102,
    "92": 149.25004605892065,
    "93": 152.0449365193623,
    "94": 154.0269351059486,
    "95": 155.55121804447168,
    "96": 157.19718205981263,
    "97": 158.48254217695217,
    "98": 159.28632727248876,
    "99": 160.57036691365877,
    "100": 161.95427928201212,
    "101": 163.7828597851021,
    "102": 165.12354779945267,
    "103": 165.89699447916036,
    "104": 167.01188493960197,
    "105": 168.24413048005232,
    "106": 169.1906877683969,
    "107": 170.8100408119094,
    "108": 171.74949059719188,
    "109": 172.40670148277258,
    "110": 173.2973153338985,
    "111": 174.70940188990787,
    "112": 175.6753081553312,
    "113": 179.1353366531611,
    "114": 179.91037891619703,
    "115": 183.38842010851477,
    "116": 184.49205166338456,
    "117": 186.2880156951224,
    "118": 190.31831367617087,
    "119": 322.49150596273637,
    "120": 323.22657132409967,
    "121": 324.8014617845413,
    "122": 325.556352244983,
    "123": 326.17124270542456,
    "124": 326.8230665829331,
    "125": 327.38102362630787,
    "126": 328.0437678328696,
    "127": 328.637724092472,
    "128": 329.32569500763276,
    "129": 330.2805854680744,
    "130": 331.03619977995345,
    "131": 331.75007327779156,
    "132": 332.4456308219279,
    "133": 333.08029869759343,
    "134": 333.61921812973566,
    "135": 334.3649641153621,
    "136": 335.0024093455829,
    "137": 335.65956372741124,
    "138": 336.5649794956638,
    "139": 337.29106656161713,
    "140": 338.0443805329324,
    "141": 338.71389793907235,
    "142": 339.36487327975914,
    "143": 340.047267267996,
    "144": 340.5929642826106,
    "145": 341.308438325482,
    "146": 342.0060789019317,
    "147": 342.32488131916426,
    "148": 342.82861375602386,
    "149": 343.297384143532,
    "150": 343.84126855187407,
    "151": 344.3065122755468,
    "152": 344.9074105835496,
    "153": 345.421051310851,
    "154": 345.9581319492155,
    "155": 346.3668800434846,
    "156": 346.9886934974773,
    "157": 347.45556279770636,
    "158": 348.0177374395569,
    "159": 348.82747471186525,
    "160": 349.85665391205686,
    "161": 350.38757963569344,
    "162": 351.2987095303761,
    "163": 352.024030662222,
    "164": 352.73560582483833,
    "165": 353.51512401803006,
    "166": 354.073710915915,
    "167": 355.1914743773683,
    "168": 356.7109777969439,
    "169": 357.67908288802056,
    "170": 358.32162303175585,
    "171": 359.059299114075,
    "172": 359.7975063579019,
    "173": 360.3930287060706,
    "174": 360.8816173666234,
    "175": 361.41797339109416,
    "176": 361.9272401048746,
    "177": 362.5666941697507,
    "178": 363.15138632596074,
    "179": 363.95494858748816,
    "180": 364.5448095515281,
    "181": 365.2224482308554,
    "182": 365.71376811161707,
    "183": 366.22179839671014,
    "184": 366.73153508200915,
    "185": 367.1566856925481,
    "186": 367.73728375344945,
    "187": 368.2000545262851,
    "188": 368.6525542450781,
    "189": 369.28902085850945,
    "190": 370.2193998402941,
    "191": 370.7405502999814,
    "192": 371.821136945354,
    "193": 372.62700549788394,
    "194": 374.262874050414,
    "195": 375.705493096081,
    "196": 376.8846111554739,
    "197": 380.6406396106717,
    "198": 381.3251501825796,
    "199": 381.73498457214725,
    "200": 382.2804113820792,
    "201": 382.77798463937455,
    "202": 383.271550291783,
    "203": 383.77189700772783,
    "204": 384.24770638380903,
    "205": 384.7280798759082,
    "206": 385.23938460592484,
    "207": 385.83944348886894,
    "208": 386.60335585722225,
    "209": 387.3409023383633,
    "210": 388.1676528315004,
    "211": 388.93856507359754,
    "212": 389.65900533063547,
    "213": 390.46291769898886,
    "214": 391.12308366195475,
    "215": 391.72118166792654,
    "216": 392.2573274020244,
    "217": 392.7881540358535,
    "218": 393.5712397703777,
    "219": 394.1463919091087,
    "220": 394.81030427746197,
    "221": 395.5742166458152,
    "222": 396.1390645070843,
    "223": 396.66204138252186,
    "224": 397.22876300070016,
    "225": 397.71191431630626,
    "226": 398.27947588916345,
    "227": 398.77661451356107,
    "228": 399.31664128971534,
    "229": 399.8855155926417,
    "230": 400.3976252076259,
    "231": 401.1500104940225,
    "232": 401.8772526977017,
    "233": 402.64116506605495,
    "234": 403.6250774344083,
    "235": 404.2145857238662,
    "236": 405.03290217111487,
    "237": 405.7568145394682,
    "238": 406.4407269078215,
    "239": 407.27508767427867,
    "240": 407.9085516445281,
    "241": 409.2124640128814,
    "242": 410.19637638123476,
    "243": 410.8802309996704,
    "244": 411.65758960501483,
    "245": 412.279091578383,
    "246": 412.9339820388246,
    "247": 413.51789440717795,
    "248": 414.05653575920155,
    "249": 414.7028595719423,
    "250": 415.50963151223783,
    "251": 416.3135438805911,
    "252": 417.00596499915554,
    "253": 417.52136861729775,
    "254": 418.1452809856511,
    "255": 418.5793546832035,
    "256": 419.0931057223576,
    "257": 419.5708072362844,
    "258": 420.1106978442982,
    "259": 420.6615012764995,
    "260": 421.12875519577096,
    "261": 421.7526675641243,
    "262": 422.6048698987163,
    "263": 423.111455996432,
    "264": 423.6984225680513,
    "265": 424.1501863115315,
    "266": 424.75089176235633,