{
    "1": 4.560000000000001,
    "2": 6.492000000000001,
    "3": 9.39,
    "4": 11.0,
    "5": 14.629999999999999,
    "6": 16.455000000000002,
    "7": 19.855,
    "8": 21.154999999999998,
    "9": 26.055,
    "10": 27.654999999999998,
    "11": 29.115,
    "12": 30.730000000000004,
    "13": 32.1725,
    "14": 33.925,
    "15": 35.265,
    "16": 36.725,
    "17": 37.925,
    "18": 39.5,
    "19": 40.715,
    "20": 42.825,
    "21": 44.335,
    "22": 45.805,
    "23": 47.245,
    "24": 48.425,
    "25": 57.377395833333345,
    "26": 59.58729166666667,
    "27": 62.04906250000001,
    "28": 63.565937500000004,
    "29": 64.7659375,
    "30": 67.01229166666667,
    "31": 68.19229166666668,
    "32": 69.53229166666667,
    "33": 71.3034375,
    "34": 72.91729166666667,
    "35": 73.91729166666667,
    "36": 75.74729166666667,
    "37": 77.23402083333333,
    "38": 78.80729166666667,
    "39": 79.954375,
    "40": 81.35489583333333,
    "41": 82.75729166666667,
    "42": 84.01395833333333,
    "43": 85.20729166666668,
    "44": 86.40229166666667,
    "45": 87.63729166666667,
    "46": 88.73937500000001,
    "47": 90.00729166666667,
    "48": 91.41864583333334,
    "49": 93.21864583333333,
    "50": 94.49864583333333,
    "51": 95.80072916666667,
    "52": 97.14072916666667,
    "53": 98.40916666666666,
    "54": 99.68072916666668,
    "55": 100.92072916666667,
    "56": 102.34989583333333,
    "57": 103.66072916666667,
    "58": 105.15375,
    "59": 106.29145833333334,
    "60": 108.15145833333334,
    "61": 109.31145833333333,
    "62": 115.13791666666667,
    "63": 116.96895833333333,
    "64": 120.71791666666667,
    "65": 122.39447916666667,
    "66": 125.98395833333333,
    "67": 127.62354166666665,
    "68": 130.07395833333334,
    "69": 131.0159375,
    "70": 132.07395833333334,
    "71": 133.59395833333335,
    "72": 135.08395833333333,
    "73": 136.34395833333332,
    "74": 138.1359375,
    "75": 139.53593750000002,
    "76": 140.56635416666666,
    "77": 141.6959375,
    "78": 143.23833333333334,
    "79": 145.47593750000001,
    "80": 147.5159375,
    "81": 148.6759375,
    "82": 150.99395833333332,
    "83": 152.17395833333333,
    "84": 153.02875,
    "85": 157.99145833333333,
    "86": 159.27145833333333,
    "87": 161.254375,
    "88": 162.55145833333333,
    "89": 164.65375,
    "90": 166.10270833333334,
    "91": 168.17833333333334,
    "92": 170.26145833333334,
    "93": 171.49145833333333,
    "94": 172.61375,
    "95": 175.25604166666668,
    "96": 177.01145833333334,
    "97": 180.25572916666667,
    "98": 181.61572916666665,
    "99": 183.03802083333332,
    "100": 184.55572916666665,
    "101": 186.70145833333333,
    "102": 188.08145833333333,
    "103": 189.46145833333333,
    "104": 192.246875,
    "105": 194.24145833333333,
    "106": 195.7289583333333,
    "107": 197.90145833333332,
    "108": 199.52145833333333,
    "109": 200.76291666666665,
    "110": 201.8352083333333,
    "111": 203.62145833333332,
    "112": 204.62145833333332,
    "113": 207.78145833333332,
    "114": 210.74145833333333,
    "115": 213.02427083333333,
    "116": 214.06427083333332,
    "117": 215.10697916666666,
    "118": 216.16968749999998,
    "119": 217.08916666666667,
    "120": 218.38968749999998,
    "121": 219.331875,
    "122": 220.66792708333332,
    "123": 221.21405208333334,
    "124": 222.3615625,
    "125": 223.48323958333336,
    "126": 224.51496875,
    "127": 225.62680208333333,
    "128": 226.69239583333334,
    "129": 227.3751041666667,
    "130": 228.28983333333335,
    "131": 229.64645833333333,
    "132": 230.66968749999998,
    "133": 231.70645833333333,
    "134": 232.6896875,
    "135": 233.63011458333332,
    "136": 234.621875,
    "137": 235.9096875,
    "138": 237.15645833333332,
    "139": 238.40645833333332,
    "140": 239.65645833333332,
    "141": 240.82968749999998,
    "142": 242.0164583333333,
    "143": 243.26645833333333,
    "144": 244.26645833333333,
    "145": 245.24645833333332,
    "146": 246.20645833333333,
    "147": 247.20645833333333,
    "148": 248.18645833333332,
    "149": 249.18645833333332,
    "150": 250.10645833333334,
    "151": 251.06645833333334,
    "152": 251.90645833333332,
    "153": 252.82645833333333,
    "154": 253.76645833333333,
    "155": 254.68645833333332,
    "156": 255.54645833333333,
    "157": 256.4064583333333,
    "158": 257.32645833333333,
    "159": 258.00645833333334,
    "160": 258.94645833333334,
    "161": 259.6464583333333,
    "162": 260.61446875,
    "163": 261.3664583333333,
    "164": 261.8884895833333,
    "165": 262.371875,
    "166": 263.17717708333333,
    "167": 263.76645833333333,
    "168": 264.34859374999996,
    "169": 264.7264583333333,
    "170": 265.47176041666665,
    "171": 266.18645833333335,
    "172": 267.44645833333334,
    "173": 268.5729166666667,
    "174": 269.5864583333333,
    "175": 270.44645833333334,
    "176": 271.30645833333335,
    "177": 272.24645833333335,
    "178": 273.0264583333333,
    "179": 273.8664583333333,
    "180": 274.7864583333333,
    "181": 275.50916666666666,
    "182": 276.3464583333333,
    "183": 277.131875,
    "184": 277.9864583333333,
    "185": 278.8631145833333,
    "186": 279.4972916666667,
    "187": 280.38645833333334,
    "188": 281.0732395833333,
    "189": 281.91052083333335,
    "190": 282.8664583333333,
    "191": 283.44645833333334,
    "192": 284.1525520833334,
    "193": 285.1136041666667,
    "194": 285.7686458333333,
    "195": 286.4064583333333,
    "196": 287.091875,
    "197": 287.761875,
    "198": 288.58375,
    "199": 289.18645833333335,
    "200": 289.8664583333333,
    "201": 290.4545833333333,
    "202": 291.1701145833333,
    "203": 291.9664583333333,
    "204": 292.4961979166667,
    "205": 293.1345833333333,
    "206": 293.7721041666667,
    "207": 294.57729166666667,
    "208": 295.13146875,
    "209": 295.69469791666666,
    "210": 296.3340520833333,
    "211": 297.07322916666664,
    "212": 297.8778125,
    "213": 298.70334375,
    "214": 299.32821875,
    "215": 300.07810416666666,
    "216": 300.83781250000004,
    "217": 301.62432291666664,
    "218": 302.1745833333334,
    "219": 302.91052083333335,
    "220": 303.5864583333334,
    "221": 304.3464583333334,
    "222": 304.94916666666666,
    "223": 305.56848958333336,
    "224": 306.231875,
    "225": 306.92645833333336,
    "226": 307.7064583333334,
    "227": 308.94375,
    "228": 310.3464583333334,
    "229": 311.3464583333334,
    "230": 312.05291666666665,
    "231": 312.94645833333334,
    "232": 313.72991666666667,
    "233": 314.31769791666665,
    "234": 314.8754583333333,
    "235": 315.74645833333335,
    "236": 316.6712395833333,
    "237": 317.4064583333334,
    "238": 318.2224791666667,
    "239": 318.7946979166667,
    "240": 319.5864583333334,
    "241": 320.2141875,
    "242": 320.77146875,
    "243": 321.50645833333334,
    "244": 322.54822916666666,
    "245": 323.3882291666667,
    "246": 324.7242708333334,
    "247": 326.12156250000004,
    "248": 327.7496875,
    "249": 331.9896875,
    "250": 332.8696875,
    "251": 333.3096875,
    "252": 333.8383541666667,
    "253": 334.4405208333333,
    "254": 335.1751041666667,
    "255": 335.7387604166667,
    "256": 336.14905208333334,
    "257": 336.59623958333333,
    "258": 337.4896875,
    "259": 338.6496875,
    "260": 339.47769791666667,
    "261": 340.1009270833334,
    "262": 340.8178125,
    "263": 341.4617395833334,
    "264": 342.2323958333334,
    "265": 342.84052083333336,
    "266": 343.59710416666667,
    "267": 344.38968750000004,
    "268": 345.0995416666667,
    "269": 345.72397916666665,
    "270": 346.41942708333335,
    "271": 347.1696875,
    "272": 347.77496875,
    "273": 348.48928125000003,
    "274": 349.13645833333334,
    "275": 349.8344791666667,
    "276": 350.5496875,
    "277": 351.2296875,
    "278": 351.71442708333336,
    "279": 352.4696875,
    "280": 353.1496875,
    "281": 353.81334375,
    "282": 354.4296875,