{
    "1": 0.0,
    "2": 5.7,
    "3": 14.42,
    "4": 17.62,
    "5": 26.794999999999998,
    "6": 29.465000000000007,
    "7": 38.045,
    "8": 42.305,
    "9": 51.224999999999994,
    "10": 54.755,
    "11": 57.49,
    "12": 60.065,
    "13": 62.5725,
    "14": 65.0225,
    "15": 67.3575,
    "16": 70.15249999999999,
    "17": 72.0975,
    "18": 74.275,
    "19": 76.315,
    "20": 78.87,
    "21": 81.015,
    "22": 83.33749999999999,
    "23": 85.5375,
    "24": 86.7375,
    "25": 99.63874999999999,
    "26": 103.87989583333334,
    "27": 108.22979166666667,
    "28": 111.60979166666667,
    "29": 113.59958333333333,
    "30": 115.80052083333332,
    "31": 118.53239583333334,
    "32": 120.27239583333333,
    "33": 123.61270833333333,
    "34": 125.42375,
    "35": 128.58979166666668,
    "36": 130.79979166666666,
    "37": 132.655625,
    "38": 134.35979166666667,
    "39": 135.8096875,
    "40": 137.1849375,
    "41": 138.58810416666665,
    "42": 139.97479166666665,
    "43": 141.34979166666668,
    "44": 142.69239583333334,
    "45": 144.05979166666665,
    "46": 145.33270833333333,
    "47": 146.6497916666667,
    "48": 148.07583333333332,
    "49": 149.40135416666666,
    "50": 150.90072916666662,
    "51": 153.55989583333331,
    "52": 155.73343749999995,
    "53": 157.35510416666665,
    "54": 159.1669791666666,
    "55": 161.13031249999997,
    "56": 163.05822916666662,
    "57": 165.5117708333333,
    "58": 167.58791666666662,
    "59": 170.3431249999998,
    "60": 172.99395833333332,
    "61": 178.3654166666666,
    "62": 189.02083333333326,
    "63": 192.94520833333328,
    "64": 200.06145833333332,
    "65": 204.3514583333333,
    "66": 212.30802083333327,
    "67": 216.02937499999993,
    "68": 224.38375,
    "69": 227.30645833333332,
    "70": 230.48645833333333,
    "71": 235.74645833333332,
    "72": 238.8564583333333,
    "73": 240.93645833333332,
    "74": 243.2183333333333,
    "75": 245.37291666666664,
    "76": 248.05666666666662,
    "77": 250.43645833333332,
    "78": 253.7364583333333,
    "79": 254.7783333333333,
    "80": 257.09552083333324,
    "81": 259.2469791666666,
    "82": 261.3964583333333,
    "83": 263.17291666666665,
    "84": 267.90520833333306,
    "85": 272.8739583333333,
    "86": 280.4802083333333,
    "87": 283.00354166666665,
    "88": 285.14020833333325,
    "89": 287.64395833333333,
    "90": 290.4693749999999,
    "91": 292.26395833333333,
    "92": 294.56395833333335,
    "93": 296.89395833333333,
    "94": 299.4547916666663,
    "95": 302.54072916666667,
    "96": 305.1396874999999,
    "97": 308.07395833333334,
    "98": 311.1269791666666,
    "99": 314.0669791666666,
    "100": 316.3069791666666,
    "101": 318.55833333333334,
    "102": 320.655,
    "103": 322.580625,
    "104": 325.63572916666664,
    "105": 328.19906249999997,
    "106": 330.87572916666664,
    "107": 333.9861458333333,
    "108": 336.71843749999994,
    "109": 341.2765625,
    "110": 342.7469791666666,
    "111": 347.0539583333333,
    "112": 351.2001041666666,
    "113": 359.26875,
    "114": 362.40447916666665,
    "115": 371.23374999999993,
    "116": 373.6589583333333,
    "117": 379.5989583333333,
    "118": 385.3989583333333,
    "119": 392.37666666666587,
    "120": 393.38895833333333,
    "121": 394.2991666666667,
    "122": 395.42132291666667,
    "123": 396.3389583333333,
    "124": 397.23207291666665,
    "125": 398.1591666666667,
    "126": 399.2272395833333,
    "127": 400.1011458333333,
    "128": 400.92273958333334,
    "129": 401.859375,
    "130": 402.33805208333337,
    "131": 403.4789583333333,
    "132": 404.44937500000003,
    "133": 405.3589583333333,
    "134": 406.41489583333333,
    "135": 407.1591666666667,
    "136": 407.98895833333336,
    "137": 408.8389583333333,
    "138": 409.75695833333333,
    "139": 410.6191666666667,
    "140": 411.65573958333334,
    "141": 412.3992395833333,
    "142": 413.42946875,
    "143": 414.17965625,
    "144": 415.07916666666665,
    "145": 415.919375,
    "146": 416.7993125,
    "147": 417.63895833333333,
    "148": 418.4989583333333,
    "149": 419.4189583333333,
    "150": 420.2389583333333,
    "151": 421.07916666666665,
    "152": 421.979375,
    "153": 422.8989583333333,
    "154": 423.75923958333334,
    "155": 424.5589583333333,
    "156": 425.5989583333333,
    "157": 426.57895833333333,
    "158": 427.3989583333333,
    "159": 428.34989583333333,
    "160": 429.1589583333333,
    "161": 429.9989583333333,
    "162": 430.9989583333333,
    "163": 431.8589583333333,
    "164": 432.82114583333333,
    "165": 433.5989583333333,
    "166": 434.5989583333333,
    "167": 435.4441145833333,
    "168": 436.2789583333333,
    "169": 437.2789583333333,
    "170": 438.01895833333333,
    "171": 438.8789583333333,
    "172": 439.79911458333333,
    "173": 440.5394791666667,
    "174": 440.86797916666666,
    "175": 440.87898958333335,
    "176": 441.19494791666665,
    "177": 441.65990625,
    "178": 441.79897916666664,
    "179": 442.75895833333334,
    "180": 444.07895833333333,
    "181": 445.0144270833333,
    "182": 445.8789583333333,
    "183": 446.75895833333334,
    "184": 447.6344270833333,
    "185": 448.46651041666667,
    "186": 449.2663020833333,
    "187": 450.05223958333335,
    "188": 450.8195833333333,
    "189": 451.63265624999997,
    "190": 452.3697604166667,
    "191": 453.1794791666667,
    "192": 453.9294791666667,
    "193": 454.73161458333334,
    "194": 455.4189583333333,
    "195": 456.2991666666667,
    "196": 456.93948958333334,
    "197": 457.73252083333335,
    "198": 458.4789583333333,
    "199": 459.11265625,
    "200": 459.9463020833333,
    "201": 460.5996875,
    "202": 461.3989583333333,
    "203": 462.13895833333333,
    "204": 462.8944270833333,
    "205": 463.6378958333333,
    "206": 464.2993020833333,
    "207": 464.955625,
    "208": 465.5793333333333,
    "209": 466.37931249999997,
    "210": 466.9697916666667,
    "211": 467.69965625,
    "212": 468.52729166666666,
    "213": 469.1195833333333,
    "214": 469.8989583333333,
    "215": 470.45081250000004,
    "216": 471.2989583333333,
    "217": 471.79953125000003,
    "218": 472.21977083333337,
    "219": 473.1194791666667,
    "220": 473.8594791666667,
    "221": 474.5394791666667,
    "222": 475.2394791666667,
    "223": 475.9194791666667,
    "224": 476.6594791666667,
    "225": 477.32958333333335,
    "226": 477.9794791666667,
    "227": 478.6158958333333,
    "228": 479.3158958333333,
    "229": 480.719375,
    "230": 481.49963541666665,
    "231": 483.01947916666666,
    "232": 483.89968749999997,
    "233": 485.47906250000005,
    "234": 486.5594791666667,
    "235": 488.19947916666666,
    "236": 489.9994791666667,
    "237": 491.13947916666666,
    "238": 491.89947916666665,
    "239": 492.83947916666665,
    "240": 493.7266145833333,
    "241": 494.4329270833333,
    "242": 495.38694791666666,
    "243": 495.9394791666667,
    "244": 496.80621875,
    "245": 497.50895833333334,
    "246": 498.2359583333333,
    "247": 499.0396875,
    "248": 499.71956250000005,
    "249": 500.2997604166667,
    "250": 501.1794791666667,
    "251": 501.69991666666664,
    "252": 502.4994791666667,
    "253": 505.5994791666667,
    "254": 506.5994791666667,
    "255": 508.77947916666665,
    "256": 510.05953125,
    "257": 510.79953125000003,
    "258": 511.9794791666667,
    "259": 512.7197291666668,
    "260": 513.3395625,
    "261": 513.9996875,
    "262": 514.8994791666667,
    "263": 516.1594791666666,
    "264": 517.4194791666666,
    "265": 518.2394791666667,
    "266": 519.3594791666667,
    "267": 521.1161458333333,
    "268": 522.15965625,
    "269": 522.9389583333334,
    "270": 523.6591666666667,
    "271": 524.29965625,
    "272": 525.0996770833334,
    "273": 525.8490625000001,
    "274": 526.5789583333334,
    "275": 527.2389583333334,
    "276": 527.9389583333334,
    "277": 528.6595833333333,
    "278": 529.3292708333333,
    "279": 529.9989583333333,