{
    "1": 0.0,
    "2": 5.1,
    "3": 9.39,
    "4": 11.0,
    "5": 14.629999999999999,
    "6": 16.455000000000002,
    "7": 19.855,
    "8": 21.154999999999998,
    "9": 24.799999999999997,
    "10": 26.675,
    "11": 28.154999999999998,
    "12": 29.794999999999998,
    "13": 31.637500000000003,
    "14": 33.0075,
    "15": 34.522499999999994,
    "16": 35.8225,
    "17": 37.4375,
    "18": 38.835,
    "19": 40.155,
    "20": 41.875,
    "21": 43.635,
    "22": 45.0875,
    "23": 46.427499999999995,
    "24": 47.9375,
    "25": 56.02354166666667,
    "26": 58.25989583333333,
    "27": 60.71958333333333,
    "28": 62.40979166666666,
    "29": 63.999583333333334,
    "30": 65.49239583333333,
    "31": 67.35239583333333,
    "32": 68.7103125,
    "33": 70.490625,
    "34": 71.99166666666667,
    "35": 73.22979166666667,
    "36": 75.05979166666667,
    "37": 76.3896875,
    "38": 77.61979166666666,
    "39": 78.96657291666666,
    "40": 80.33617708333333,
    "41": 81.55364583333332,
    "42": 82.69583333333334,
    "43": 83.97629166666667,
    "44": 85.17239583333334,
    "45": 86.33979166666666,
    "46": 87.57479166666667,
    "47": 88.71607291666666,
    "48": 89.94479166666667,
    "49": 91.23739583333332,
    "50": 92.59322916666665,
    "51": 93.88072916666665,
    "52": 95.21906249999996,
    "53": 96.45593749999999,
    "54": 97.83593749999999,
    "55": 98.97593749999999,
    "56": 100.45593749999999,
    "57": 101.5759375,
    "58": 103.38874999999999,
    "59": 104.71395833333331,
    "60": 105.85395833333331,
    "61": 107.31416666666657,
    "62": 112.3920833333333,
    "63": 114.30249999999991,
    "64": 118.40437499999997,
    "65": 120.36062499999998,
    "66": 124.25927083333323,
    "67": 125.79645833333332,
    "68": 128.6364583333333,
    "69": 129.88645833333334,
    "70": 130.64645833333333,
    "71": 131.38645833333334,
    "72": 132.89645833333333,
    "73": 134.40374999999997,
    "74": 135.90374999999997,
    "75": 137.15645833333332,
    "76": 138.43645833333332,
    "77": 139.94375,
    "78": 141.35104166666665,
    "79": 142.49645833333332,
    "80": 144.16697916666664,
    "81": 145.5696875,
    "82": 146.6964583333333,
    "83": 147.81645833333332,
    "84": 148.9764583333333,
    "85": 153.02874999999997,
    "86": 158.05395833333333,
    "87": 159.33395833333333,
    "88": 161.44187499999995,
    "89": 162.99749999999997,
    "90": 164.72395833333331,
    "91": 166.31354166666665,
    "92": 168.26395833333333,
    "93": 170.5739583333333,
    "94": 171.55395833333333,
    "95": 173.10947916666663,
    "96": 174.40468749999997,
    "97": 176.00354166666665,
    "98": 177.81135416666663,
    "99": 179.44697916666667,
    "100": 181.06874999999997,
    "101": 182.56708333333333,
    "102": 184.30395833333333,
    "103": 185.72395833333331,
    "104": 187.87052083333327,
    "105": 189.5790625,
    "106": 191.29749999999999,
    "107": 193.04093749999998,
    "108": 194.56697916666667,
    "109": 196.22697916666667,
    "110": 197.22697916666667,
    "111": 198.22697916666667,
    "112": 199.84697916666667,
    "113": 202.22697916666667,
    "114": 203.94697916666667,
    "115": 206.57895833333333,
    "116": 208.21895833333332,
    "117": 211.17895833333333,
    "118": 212.2589583333333,
    "119": 213.29895833333333,
    "120": 214.60895833333333,
    "121": 215.93958333333333,
    "122": 216.88672916666667,
    "123": 217.65911458333332,
    "124": 218.69583333333333,
    "125": 219.55895833333332,
    "126": 220.69805208333332,
    "127": 221.2003645833333,
    "128": 221.82895833333333,
    "129": 223.09895833333331,
    "130": 223.93447916666668,
    "131": 224.69916666666666,
    "132": 225.65498958333333,
    "133": 226.47915625,
    "134": 227.2334270833333,
    "135": 227.89970833333334,
    "136": 228.70895833333333,
    "137": 229.89463541666666,
    "138": 230.71447916666665,
    "139": 231.51895833333333,
    "140": 232.26895833333333,
    "141": 233.2589583333333,
    "142": 234.07447916666666,
    "143": 235.0389583333333,
    "144": 236.17895833333333,
    "145": 237.21895833333332,
    "146": 238.21895833333332,
    "147": 239.21895833333332,
    "148": 240.07895833333333,
    "149": 241.09895833333331,
    "150": 242.07895833333333,
    "151": 243.07895833333333,
    "152": 244.07895833333333,
    "153": 245.05895833333332,
    "154": 246.01895833333333,
    "155": 247.01895833333333,
    "156": 247.99874999999997,
    "157": 248.99895833333332,
    "158": 249.9189583333333,
    "159": 250.87988541666667,
    "160": 251.71895833333332,
    "161": 252.6389583333333,
    "162": 253.57895833333333,
    "163": 254.49895833333332,
    "164": 255.35895833333333,
    "165": 256.2641145833333,
    "166": 257.13895833333333,
    "167": 257.91190624999996,
    "168": 258.7591145833333,
    "169": 259.45937499999997,
    "170": 260.4589583333333,
    "171": 261.1789583333333,
    "172": 261.7598958333333,
    "173": 262.21989583333334,
    "174": 263.0389583333333,
    "175": 263.5798645833333,
    "176": 264.34396875,
    "177": 264.61189583333334,
    "178": 265.29914583333334,
    "179": 265.9989583333333,
    "180": 267.25895833333334,
    "181": 268.2989583333333,
    "182": 269.3989583333333,
    "183": 270.2757291666667,
    "184": 271.1189583333333,
    "185": 272.059375,
    "186": 272.8389583333333,
    "187": 273.6789583333333,
    "188": 274.5989583333333,
    "189": 275.3908333333334,
    "190": 276.19385416666665,
    "191": 277.0317708333333,
    "192": 277.8144270833333,
    "193": 278.69895833333334,
    "194": 279.4359270833333,
    "195": 280.19895833333334,
    "196": 281.0389583333333,
    "197": 281.7794270833333,
    "198": 282.6789583333333,
    "199": 283.25988541666663,
    "200": 284.0389583333333,
    "201": 284.9589583333333,
    "202": 285.6589583333333,
    "203": 286.25487499999997,
    "204": 286.939125,
    "205": 287.6193333333333,
    "206": 288.3193333333333,
    "207": 288.99953125,
    "208": 289.6794791666667,
    "209": 290.31972916666666,
    "210": 291.0589583333333,
    "211": 291.7789583333333,
    "212": 292.40365625,
    "213": 292.9992708333333,
    "214": 293.74578125,
    "215": 294.5041145833333,
    "216": 295.06213541666665,
    "217": 295.57947916666666,
    "218": 296.32067708333335,
    "219": 296.9794791666667,
    "220": 297.69947916666666,
    "221": 298.57947916666666,
    "222": 299.1794791666667,
    "223": 299.9994791666667,
    "224": 300.6596875,
    "225": 301.51947916666666,
    "226": 302.03975,
    "227": 302.77976041666665,
    "228": 303.39953125,
    "229": 304.2236458333333,
    "230": 304.83092708333334,
    "231": 305.4394791666667,
    "232": 306.07994791666664,
    "233": 306.7394791666667,
    "234": 307.51947916666666,
    "235": 308.51947916666666,
    "236": 310.1594791666667,
    "237": 311.1594791666667,
    "238": 312.01947916666666,
    "239": 312.7596875,
    "240": 313.65973958333336,
    "241": 314.21975000000003,
    "242": 314.86796875,
    "243": 315.5594791666667,
    "244": 316.6960104166667,
    "245": 317.4689583333334,
    "246": 318.29594791666665,
    "247": 318.9595625,
    "248": 319.89947916666665,
    "249": 320.37947916666667,
    "250": 321.0398229166667,
    "251": 321.81947916666667,
    "252": 322.57947916666666,
    "253": 323.4194791666667,
    "254": 324.4194791666667,
    "255": 325.83947916666665,
    "256": 327.4394791666667,
    "257": 331.5176041666667,
    "258": 332.63947916666666,
    "259": 333.0797395833333,
    "260": 333.6798958333333,
    "261": 334.3278125,
    "262": 335.00666666666666,
    "263": 335.5994791666667,
    "264": 335.9949375,
    "265": 336.57696875,
    "266": 337.25947916666667,
    "267": 338.3594791666667,
    "268": 339.2789583333333,
    "269": 339.9791666666667,
    "270": 340.6394270833333,
    "271": 341.37965625,
    "272": 342.01895833333333,
    "273": 342.67942708333334,
    "274": 343.55895833333335,
    "275": 344.1589583333334,
    "276": 344.91895833333336,