{
    "1": 0.0,
    "2": 4.06,
    "3": 8.4,
    "4": 10.72,
    "5": 14.935,
    "6": 16.745000000000008,
    "7": 22.25,
    "8": 24.895,
    "9": 30.72499999999999,
    "10": 33.895,
    "11": 35.055,
    "12": 36.915,
    "13": 38.8175,
    "14": 40.2925,
    "15": 41.7825,
    "16": 43.8875,
    "17": 45.4325,
    "18": 46.715,
    "19": 47.975,
    "20": 49.89,
    "21": 51.595,
    "22": 52.737500000000004,
    "23": 54.0475,
    "24": 55.467499999999994,
    "25": 62.57416666666666,
    "26": 65.11989583333333,
    "27": 68.42979166666666,
    "28": 71.08395833333333,
    "29": 73.25770833333333,
    "30": 74.57927083333333,
    "31": 76.41927083333333,
    "32": 78.41239583333333,
    "33": 80.71479166666667,
    "34": 82.16979166666667,
    "35": 83.98479166666667,
    "36": 86.34770833333332,
    "37": 87.99760416666666,
    "38": 89.49979166666667,
    "39": 90.98968749999999,
    "40": 92.48968749999999,
    "41": 93.96968749999999,
    "42": 95.41479166666666,
    "43": 96.825625,
    "44": 98.79239583333333,
    "45": 99.97979166666666,
    "46": 101.27479166666667,
    "47": 102.52979166666667,
    "48": 104.10479166666667,
    "49": 105.32531249999998,
    "50": 106.66927083333331,
    "51": 109.07031249999997,
    "52": 111.01343749999997,
    "53": 112.38468749999997,
    "54": 113.67593749999999,
    "55": 115.13177083333328,
    "56": 116.68072916666665,
    "57": 118.72989583333322,
    "58": 121.71395833333331,
    "59": 122.97395833333331,
    "60": 124.13395833333331,
    "61": 125.11395833333331,
    "62": 130.38604166666664,
    "63": 132.13499999999996,
    "64": 136.17979166666666,
    "65": 138.14291666666665,
    "66": 142.3242708333333,
    "67": 144.83645833333333,
    "68": 148.60833333333312,
    "69": 151.14645833333333,
    "70": 153.31979166666653,
    "71": 157.18645833333332,
    "72": 159.3564583333333,
    "73": 161.1964583333333,
    "74": 162.51104166666664,
    "75": 163.7364583333333,
    "76": 165.47666666666663,
    "77": 167.2364583333333,
    "78": 168.33645833333333,
    "79": 169.33645833333333,
    "80": 170.94968749999998,
    "81": 172.35510416666665,
    "82": 173.2564583333333,
    "83": 174.29291666666663,
    "84": 176.03645833333331,
    "85": 179.80874999999997,
    "86": 187.96624999999995,
    "87": 190.45499999999993,
    "88": 192.2339583333333,
    "89": 193.52395833333333,
    "90": 195.08791666666664,
    "91": 197.06395833333332,
    "92": 198.86395833333333,
    "93": 200.25395833333332,
    "94": 201.25395833333332,
    "95": 202.91593749999998,
    "96": 204.5359375,
    "97": 206.3183333333333,
    "98": 208.42697916666665,
    "99": 210.84697916666667,
    "100": 212.56697916666667,
    "101": 213.83354166666666,
    "102": 215.28395833333332,
    "103": 217.30395833333333,
    "104": 219.26697916666666,
    "105": 220.79593749999998,
    "106": 222.13187499999998,
    "107": 223.88874999999996,
    "108": 226.1139583333333,
    "109": 229.10697916666666,
    "110": 230.34697916666667,
    "111": 234.32697916666666,
    "112": 236.12697916666664,
    "113": 240.00697916666667,
    "114": 241.72697916666667,
    "115": 246.19687499999995,
    "116": 249.0347916666666,
    "117": 253.37604166666662,
    "118": 255.89895833333333,
    "119": 267.052083333333,
    "120": 268.5119270833333,
    "121": 269.5391666666667,
    "122": 270.51447916666666,
    "123": 271.4589583333333,
    "124": 272.38895833333333,
    "125": 273.4189583333333,
    "126": 274.36621875,
    "127": 275.42015625,
    "128": 276.2646875,
    "129": 277.2389583333333,
    "130": 278.1144791666666,
    "131": 278.9989583333333,
    "132": 279.75916666666666,
    "133": 280.75895833333334,
    "134": 281.67447916666663,
    "135": 282.5389583333333,
    "136": 283.2089583333333,
    "137": 284.3494791666667,
    "138": 285.19447916666667,
    "139": 286.01895833333333,
    "140": 287.2889583333333,
    "141": 288.3989583333333,
    "142": 289.51447916666666,
    "143": 290.7389583333333,
    "144": 291.4789583333333,
    "145": 292.3589583333333,
    "146": 293.3389583333333,
    "147": 294.1189583333333,
    "148": 294.9261979166667,
    "149": 295.72729166666664,
    "150": 296.5593125,
    "151": 297.23562499999997,
    "152": 298.0841145833333,
    "153": 298.86312499999997,
    "154": 299.59965625,
    "155": 300.3389583333333,
    "156": 301.099625,
    "157": 301.9114583333333,
    "158": 302.59945833333336,
    "159": 303.5389583333333,
    "160": 304.5389583333333,
    "161": 305.39937499999996,
    "162": 306.3989583333333,
    "163": 307.13895833333333,
    "164": 308.13895833333333,
    "165": 308.8144270833333,
    "166": 309.7189583333333,
    "167": 310.3392708333333,
    "168": 311.1589583333333,
    "169": 312.1589583333333,
    "170": 312.75935416666664,
    "171": 313.63895833333333,
    "172": 314.4892708333333,
    "173": 314.65985416666666,
    "174": 315.39965624999996,
    "175": 316.01385416666665,
    "176": 316.6798229166667,
    "177": 317.2991666666667,
    "178": 317.9789583333333,
    "179": 318.69895833333334,
    "180": 319.7989583333333,
    "181": 320.539625,
    "182": 321.2189583333333,
    "183": 321.8841145833333,
    "184": 322.57276041666665,
    "185": 323.21159374999996,
    "186": 323.8389583333333,
    "187": 324.47223958333336,
    "188": 325.1127916666667,
    "189": 325.76963541666663,
    "190": 326.37145833333335,
    "191": 327.01687499999997,
    "192": 327.64947916666665,
    "193": 328.3496875,
    "194": 328.9325833333333,
    "195": 329.59948958333337,
    "196": 330.1589583333333,
    "197": 330.7994791666667,
    "198": 331.42765625,
    "199": 332.1589583333333,
    "200": 332.6106770833333,
    "201": 333.2396875,
    "202": 333.9189583333333,
    "203": 334.7389583333333,
    "204": 335.4195833333333,
    "205": 336.05590624999996,
    "206": 336.63979166666667,
    "207": 337.2195104166667,
    "208": 337.871625,
    "209": 338.49288541666664,
    "210": 339.0997916666667,
    "211": 339.75895833333334,
    "212": 340.50015625,
    "213": 340.9797916666667,
    "214": 341.7789583333333,
    "215": 342.28421875000004,
    "216": 342.9389583333333,
    "217": 343.39947916666665,
    "218": 344.15953125000004,
    "219": 344.75947916666667,
    "220": 345.4394791666667,
    "221": 346.1697916666667,
    "222": 346.75947916666667,
    "223": 347.3594791666667,
    "224": 348.03953125000004,
    "225": 348.73291666666665,
    "226": 349.33947916666665,
    "227": 349.95963541666663,
    "228": 350.57947916666666,
    "229": 351.2394791666667,
    "230": 351.85963541666666,
    "231": 352.4794791666667,
    "232": 353.0999479166667,
    "233": 353.7394791666667,
    "234": 354.3769270833333,
    "235": 355.3594791666667,
    "236": 357.3596875,
    "237": 358.1095833333334,
    "238": 358.8799375,
    "239": 359.5598958333333,
    "240": 360.2509270833333,
    "241": 360.7539479166667,
    "242": 361.52496874999997,
    "243": 361.9309270833333,
    "244": 362.93238541666665,
    "245": 363.49238541666665,
    "246": 364.05994791666666,
    "247": 364.75972916666666,
    "248": 365.3758958333333,
    "249": 365.9539270833333,
    "250": 366.6194791666667,
    "251": 367.1594791666667,
    "252": 368.31947916666667,
    "253": 370.39947916666665,
    "254": 372.15843750000005,
    "255": 374.6194791666667,
    "256": 375.43972916666667,
    "257": 375.99963541666665,
    "258": 376.6297916666667,
    "259": 377.0999375,
    "260": 377.6597291666667,
    "261": 378.25291666666664,
    "262": 378.8066145833333,
    "263": 379.39947916666665,
    "264": 380.1796875,
    "265": 380.9394791666667,
    "266": 381.81947916666667,
    "267": 382.8594791666667,
    "268": 383.57937499999997,
    "269": 384.1996770833333,
    "270": 384.89937499999996,
    "271": 385.39965624999996,
    "272": 386.09895833333337,
    "273": 386.75145833333335,
    "274": 387.3989583333333,
    "275": 388.17895833333336,
    "276": 388.85948958333336,
    "277": 389.5328645833334,