{
    "1": 0.1778402645805377,
    "2": 2.676572711278284,
    "3": 6.424671381324903,
    "4": 8.506948420239691,
    "5": 11.733853716605644,
    "6": 13.148744177047277,
    "7": 15.86485337063084,
    "8": 18.33145937419553,
    "9": 19.751535259095782,
    "10": 22.218711399623853,
    "11": 23.384310846064167,
    "12": 25.982955821804957,
    "13": 31.05503704881852,
    "14": 33.8659116764037,
    "15": 34.78982404475701,
    "16": 35.90848369573238,
    "17": 37.624240978829945,
    "18": 39.01253924190526,
    "19": 39.93499999180155,
    "20": 41.58324822790393,
    "21": 43.26310675536301,
    "22": 44.90112299158347,
    "23": 45.82503535993678,
    "24": 46.61447386414505,
    "25": 49.53322105822379,
    "26": 51.402574675628124,
    "27": 52.339856522116975,
    "28": 53.00137750442307,
    "29": 54.18851455471731,
    "30": 55.79783468963109,
    "31": 56.85015968950811,
    "32": 59.1608917623563,
    "33": 60.81483064451336,
    "34": 63.62876408289622,
    "35": 64.78690286962323,
    "36": 68.40952309586781,
    "37": 71.51354830775689,
    "38": 73.57126020092774,
    "39": 74.62584162880347,
    "40": 77.63289767836149,
    "41": 80.52844516299348,
    "42": 81.57315773335674,
    "43": 83.22353723984253,
    "44": 84.81391674632832,
    "45": 86.26429625281412,
    "46": 87.43467575929992,
    "47": 88.5450552657857,
    "48": 89.57543477227152,
    "49": 90.60581427875731,
    "50": 91.20597585063071,
    "51": 91.87814575869322,
    "52": 92.4007343520187,
    "53": 93.06218395857485,
    "54": 93.42113545323518,
    "55": 94.17247145707861,
    "56": 94.83638382543192,
    "57": 95.72029619378525,
    "58": 96.72733597760838,
    "59": 98.03909902258017,
    "60": 98.87161366912018,
    "61": 99.47038563893018,
    "62": 102.08385061758962,
    "63": 103.17874107803125,
    "64": 104.7587719534131,
    "65": 105.95816467744817,
    "66": 109.84032170737743,
    "67": 111.38161670254857,
    "68": 113.34921801495726,
    "69": 114.50433189969682,
    "70": 116.04412213402506,
    "71": 117.01215663640343,
    "72": 119.69352354842255,
    "73": 121.29547973259918,
    "74": 122.8452420265925,
    "75": 123.75111057912245,
    "76": 124.48465275443495,
    "77": 125.22856512278825,
    "78": 127.61443367531822,
    "79": 128.3783460436715,
    "80": 129.4038838049358,
    "81": 130.4725828576863,
    "82": 131.77203933290812,
    "83": 133.43752272201826,
    "84": 134.23986406961473,
    "85": 138.20771330330513,
    "86": 142.22762813775373,
    "87": 143.8595061250658,
    "88": 145.0634184934191,
    "89": 146.33830895386072,
    "90": 148.11110661107014,
    "91": 150.62920053585103,
    "92": 151.4802763535239,
    "93": 153.5849365193623,
    "94": 157.12884888771558,
    "95": 158.9219488711547,
    "96": 160.35718205981266,
    "97": 161.56254217695218,
    "98": 162.12645454530548,
    "99": 162.9303669136588,
    "100": 164.13940541524357,
    "101": 165.7390036909445,
    "102": 167.09569853296844,
    "103": 167.765849723958,
    "104": 168.43188493960199,
    "105": 169.38677540004363,
    "106": 170.43068776839692,
    "107": 171.86557822883856,
    "108": 172.58949059719185,
    "109": 173.08670148277258,
    "110": 173.81731533389848,
    "111": 174.8612277022518,
    "112": 176.12514007060508,
    "113": 178.6929648073117,
    "114": 179.3218140229655,
    "115": 183.14171862574216,
    "116": 185.41205166338455,
    "117": 186.76566591951408,
    "118": 189.03192806347573,
    "119": 328.61583532091214,
    "120": 329.25862852963985,
    "121": 329.883248503372,
    "122": 330.45635224498295,
    "123": 331.00753261263446,
    "124": 331.55730922113037,
    "125": 332.30946063183853,
    "126": 332.7359140867495,
    "127": 333.37080454719114,
    "128": 333.9885560061062,
    "129": 334.7805854680744,
    "130": 335.4181903714064,
    "131": 336.0515329750062,
    "132": 336.62105136987986,
    "133": 337.15068249351094,
    "134": 337.8054135973017,
    "135": 338.42496411536206,
    "136": 338.9884818691166,
    "137": 339.53110111154655,
    "138": 340.2325236353262,
    "139": 340.65232775291827,
    "140": 341.35274646113686,
    "141": 341.85797083973495,
    "142": 342.50283229076314,
    "143": 342.9725431148554,
    "144": 343.5729642826106,
    "145": 344.13159449293374,
    "146": 344.5880710117386,
    "147": 345.10235069383526,
    "148": 345.64861375602385,
    "149": 346.16850522487545,
    "150": 346.57395069449115,
    "151": 347.0842456027586,
    "152": 347.5930858345453,
    "153": 348.0881755977904,
    "154": 348.6502747712221,
    "155": 349.05788021073306,
    "156": 349.53094325685265,
    "157": 350.0625245469943,
    "158": 350.5038673260411,
    "159": 351.04753533288186,
    "160": 351.48467461151625,
    "161": 351.98936387203196,
    "162": 352.44169345648504,
    "163": 353.03094892198516,
    "164": 353.47560582483834,
    "165": 353.9019661223439,
    "166": 354.3755325470468,
    "167": 355.13147437736836,
    "168": 356.8082333477079,
    "169": 357.59077349144326,
    "170": 358.14121727381695,
    "171": 358.83929911407495,
    "172": 359.3380042386013,
    "173": 359.8232522090737,
    "174": 360.2952643132728,
    "175": 360.7174309140786,
    "176": 361.24724010487466,
    "177": 361.5498486925924,
    "178": 361.9697734668479,
    "179": 362.7349485874882,
    "180": 363.1706666721323,
    "181": 363.6488609558415,
    "182": 364.0301634280036,
    "183": 364.4627733241948,
    "184": 364.96800803284634,
    "185": 365.3753371385096,
    "186": 365.81650606439723,
    "187": 366.26720140160785,
    "188": 366.673894480964,
    "189": 367.20902085850946,
    "190": 368.1393998402941,
    "191": 369.74738238086394,
    "192": 371.241136945354,
    "193": 372.26700549788393,
    "194": 374.36578755179386,
    "195": 375.25949704117755,
    "196": 375.74050929622825,
    "197": 376.1904797080038,
    "198": 376.61484643473784,
    "199": 376.995257816817,
    "200": 377.39376739835143,
    "201": 377.83798463937455,
    "202": 378.2513905317682,
    "203": 378.6538173417001,
    "204": 379.0951596173617,
    "205": 379.6858093760811,
    "206": 380.21553112051566,
    "207": 380.7595937468743,
    "208": 381.42335585722225,
    "209": 382.17180962859356,
    "210": 382.9511805939288,
    "211": 383.4750929622822,
    "212": 384.0865204264508,
    "213": 384.5163840353124,
    "214": 384.98889771279505,
    "215": 385.3705450037795,
    "216": 385.8922258362834,
    "217": 386.45085373792165,
    "218": 386.9112397703777,
    "219": 387.36639190910864,
    "220": 387.9312129942234,
    "221": 388.67421664581525,
    "222": 389.0790645070843,
    "223": 389.54335944978527,
    "224": 389.95297687543757,
    "225": 390.55141565511394,
    "226": 390.94868044717657,
    "227": 391.4121526847481,
    "228": 391.9383054186869,
    "229": 392.3635299792907,
    "230": 392.8894279609951,
    "231": 393.3500104940225,
    "232": 393.6792857014024,
    "233": 394.2519903061467,
    "234": 394.78900619475263,
    "235": 395.18407265798834,
    "236": 395.5929021711149,
    "237": 396.1035133085521,
    "238": 396.49207269078215,
    "239": 397.13231963808744,
    "240": 397.50043993073945,
    "241": 398.2324640128814,
    "242": 399.3563763812347,
    "243": 399.7920144374794,
    "244": 400.4065537630089,
    "245": 400.97527326270637,
    "246": 401.4292353300944,
    "247": 401.8983892528092,
    "248": 402.160102133074,
    "249": 402.82457361474803,
    "250": 403.3777789073427,
    "251": 404.0535438805911,
    "252": 404.8974562489444,
    "253": 405.42854744691914,
    "254": 405.85264049282557,
    "255": 406.3245966770022,
    "256": 406.78179515012187,
    "257": 407.2062108544266,
    "258": 407.72139568859643,
    "259": 408.1045811392901,
    "260": 408.58875519577094,
    "261": 408.9444336474435,
    "262": 409.5124349493581,
    "263": 409.91328369114126,
    "264": 410.3606904279758,
    "265": 410.81236438525525,
    "266": 411.2161147029454,