{
    "1": 2.9200000000000044,
    "2": 4.881868552529964,
    "3": 7.824671381324904,
    "4": 9.459561841766536,
    "5": 12.048331893138059,
    "6": 13.148744177047277,
    "7": 15.70485337063084,
    "8": 17.33145937419553,
    "9": 18.395371742548836,
    "10": 19.819284110902142,
    "11": 20.643196479255447,
    "12": 22.380663271413137,
    "13": 24.902535782157212,
    "14": 26.6459116764037,
    "15": 27.889824044757006,
    "16": 29.113736413110313,
    "17": 30.2291814662445,
    "18": 31.852539241905255,
    "19": 32.74467741538785,
    "20": 34.30232016278852,
    "21": 35.40623253114183,
    "22": 36.83379678653355,
    "23": 37.78503535993677,
    "24": 38.734473864145045,
    "25": 41.62644211644758,
    "26": 43.344238962009996,
    "27": 44.55746513606976,
    "28": 45.44330601061536,
    "29": 46.6007464529384,
    "30": 48.057834689631086,
    "31": 49.433825087600496,
    "32": 51.80349411596879,
    "33": 53.018384576410426,
    "34": 57.02876408289622,
    "35": 58.04915583787391,
    "36": 60.67904619173564,
    "37": 62.611704967116,
    "38": 64.37126020092774,
    "39": 65.51356437672885,
    "40": 67.92186977246008,
    "41": 70.18266774449023,
    "42": 71.47315773335673,
    "43": 72.80353723984253,
    "44": 73.85391674632832,
    "45": 74.98429625281412,
    "46": 76.03467575929992,
    "47": 76.9050552657857,
    "48": 77.69543477227151,
    "49": 78.74581427875731,
    "50": 79.20972664711061,
    "51": 79.71003345297612,
    "52": 80.29129374080749,
    "53": 80.804646720372,
    "54": 81.35782536306859,
    "55": 81.77247145707862,
    "56": 82.3173601925653,
    "57": 83.06029619378523,
    "58": 83.94789706019797,
    "59": 84.58327921806413,
    "60": 85.24301139093349,
    "61": 85.94650833372958,
    "62": 88.41126439525735,
    "63": 89.09874107803125,
    "64": 90.67896844086701,
    "65": 91.8562171836339,
    "66": 94.25345248421387,
    "67": 95.54161670254857,
    "68": 97.40944143925519,
    "69": 98.64433189969682,
    "70": 99.68412213402507,
    "71": 100.65215663640343,
    "72": 101.73352354842254,
    "73": 102.98605541171823,
    "74": 104.57889806204918,
    "75": 105.37540673355511,
    "76": 106.20465275443496,
    "77": 107.79654746659538,
    "78": 109.19295275558274,
    "79": 109.95702287860873,
    "80": 111.51323650411315,
    "81": 112.53429774493296,
    "82": 113.91203933290811,
    "83": 115.79595170126142,
    "84": 116.81986406961472,
    "85": 120.41894197297461,
    "86": 123.91847816997364,
    "87": 125.03950612506578,
    "88": 126.0234184934191,
    "89": 127.26563253540503,
    "90": 128.58222132221402,
    "91": 129.369200535851,
    "92": 130.1031142782654,
    "93": 130.78337714697042,
    "94": 131.3288488877156,
    "95": 132.38422656594588,
    "96": 133.56765171651054,
    "97": 134.76254217695217,
    "98": 135.52645454530548,
    "99": 136.5503669136588,
    "100": 137.33313513841452,
    "101": 138.62784133037968,
    "102": 139.72616422161406,
    "103": 140.53079779166413,
    "104": 141.51014686712435,
    "105": 142.5467754000436,
    "106": 143.41068776839694,
    "107": 144.91338774921255,
    "108": 145.76154208512946,
    "109": 146.5067014827726,
    "110": 147.37731533389848,
    "111": 148.15347324270215,
    "112": 149.13553226829933,
    "113": 151.7753366531611,
    "114": 152.556877175665,
    "115": 154.7201909584158,
    "116": 156.09287232873837,
    "117": 157.4296345292693,
    "118": 158.54939857773203,
    "119": 279.15168086365804,
    "120": 279.7465713240997,
    "121": 280.6004385353624,
    "122": 281.19635224498296,
    "123": 282.0312427054246,
    "124": 282.94613316586623,
    "125": 283.4810236263079,
    "126": 284.14675274771224,
    "127": 285.0790988192585,
    "128": 285.7456950076328,
    "129": 286.28138055424836,
    "130": 286.9361997799534,
    "131": 287.58823448893287,
    "132": 288.25936438361555,
    "133": 288.9522103116889,
    "134": 289.6164060432452,
    "135": 290.284797129229,
    "136": 290.8224093455829,
    "137": 291.4995637274112,
    "138": 292.30918994180735,
    "139": 292.8333818594424,
    "140": 293.4010663730527,
    "141": 294.0293438940366,
    "142": 294.6738745308434,
    "143": 295.2667241531406,
    "144": 295.6924039280438,
    "145": 296.3014317617988,
    "146": 296.81039450965864,
    "147": 297.36235069383525,
    "148": 297.91575238042145,
    "149": 298.57626306218856,
    "150": 299.035643849273,
    "151": 299.6603508610837,
    "152": 300.16426322943704,
    "153": 300.7081755977904,
    "154": 301.3381319492155,
    "155": 301.7360003344969,
    "156": 302.33986905427537,
    "157": 302.8526775498425,
    "158": 303.3114455434018,
    "159": 303.9363972790967,
    "160": 304.5956982902942,
    "161": 304.9275796356934,
    "162": 305.4016934564851,
    "163": 305.99094892198514,
    "164": 306.35153634949035,
    "165": 306.949074410818,
    "166": 307.5095181931917,
    "167": 308.29147437736833,
    "168": 309.58686112308993,
    "169": 310.43077349144323,
    "170": 311.1946858597966,
    "171": 311.81929911407497,
    "172": 312.3425105965032,
    "173": 313.0996344472847,
    "174": 313.7169112599222,
    "175": 314.17037871287533,
    "176": 314.6672401048746,
    "177": 314.9866941697507,
    "178": 315.70598480662306,
    "179": 316.51494858748816,
    "180": 317.01166668033073,
    "181": 317.6888609558415,
    "182": 318.2262287992051,
    "183": 318.6627733241948,
    "184": 319.20472950837143,
    "185": 319.8966856925481,
    "186": 320.2178641876725,
    "187": 320.7099076509623,
    "188": 321.13612820744055,
    "189": 321.86902085850943,
    "190": 322.3993998402941,
    "191": 323.016845595216,
    "192": 323.78113694535404,
    "193": 324.568873630653,
    "194": 325.742874050414,
    "195": 326.6924950686293,
    "196": 328.21527049162876,
    "197": 331.9504797080038,
    "198": 332.6021160868446,
    "199": 332.9755257816817,
    "200": 333.4203433332623,
    "201": 333.8579846393746,
    "202": 334.32437869647845,
    "203": 334.80402816989164,
    "204": 335.38346787271405,
    "205": 335.78580937608115,
    "206": 336.0180952283352,
    "207": 336.56486087221725,
    "208": 336.86335585722225,
    "209": 337.6009023383633,
    "210": 338.50588895028613,
    "211": 339.15305577736933,
    "212": 339.7297104797572,
    "213": 340.2304800441405,
    "214": 340.78214706060794,
    "215": 341.3505450037795,
    "216": 341.82986192161945,
    "217": 342.43856717240203,
    "218": 342.8512397703777,
    "219": 343.52639190910867,
    "220": 343.890304277462,
    "221": 344.49629865332173,
    "222": 345.1166503211335,
    "223": 345.5820413825219,
    "224": 346.10876300070015,
    "225": 346.59594912530684,
    "226": 347.2537784875818,
    "227": 347.67788454279673,
    "228": 348.32662606354455,
    "229": 348.71748201668873,
    "230": 349.2694279609951,
    "231": 349.82066848563056,
    "232": 350.2172526977017,
    "233": 350.84116506605494,
    "234": 351.30650464606447,
    "235": 351.7173382731758,
    "236": 352.22137978031424,
    "237": 352.7258584717096,
    "238": 353.34260353419006,
    "239": 353.85231963808735,
    "240": 354.2332427005055,
    "241": 354.7910724809017,
    "242": 355.1909199240495,
    "243": 355.66003753744644,
    "244": 356.34072706031276,
    "245": 356.8149183892987,
    "246": 357.47291856310596,
    "247": 357.7427366443068,
    "248": 358.3732286073612,
    "249": 358.9828595719423,
    "250": 359.7296315122378,
    "251": 361.0735438805911,
    "252": 361.7974562489444,
    "253": 362.32136861729776,
    "254": 362.8588224788521,
    "255": 363.2848709366407,
    "256": 363.8531057223576,
    "257": 364.357018090711,
    "258": 365.0013956885964,
    "259": 365.38484282741763,
    "260": 365.9287551957709,
    "261": 366.4394008077119,
    "262": 367.20486989871625,
    "263": 367.6999624592742,
    "264": 368.19574396880654,
    "265": 368.82831703753743,
    "266": 369.2971337643534,
    "267": 369.8087205081075,