{
    "1": 2.7682628949400736,
    "2": 6.294826289494005,
    "3": 11.584671381324902,
    "4": 14.523474210119845,
    "5": 19.913853716605644,
    "6": 23.368744177047276,
    "7": 28.56485337063084,
    "8": 31.963048120012267,
    "9": 34.06978436423441,
    "10": 38.01427288721714,
    "11": 38.78319647925545,
    "12": 44.489761933261306,
    "13": 51.516586130509566,
    "14": 54.7259116764037,
    "15": 57.08982404475701,
    "16": 58.69272554359857,
    "17": 60.75671122253723,
    "18": 62.93761772571577,
    "19": 64.27661289026696,
    "20": 66.8497446837118,
    "21": 69.00493012456732,
    "22": 71.04112299158346,
    "23": 72.44503535993677,
    "24": 74.17447386414504,
    "25": 78.18486319238002,
    "26": 80.69908961075375,
    "27": 82.75746513606975,
    "28": 83.88137750442307,
    "29": 85.63016670738565,
    "30": 86.85783468963108,
    "31": 90.3979087380774,
    "32": 93.2243858783251,
    "33": 95.79838457641043,
    "34": 101.82678661553018,
    "35": 103.59929699887353,
    "36": 108.20952309586782,
    "37": 111.73539164839778,
    "38": 113.97126020092774,
    "39": 115.9995051412512,
    "40": 119.69588837639435,
    "41": 123.12522500659976,
    "42": 124.93315773335674,
    "43": 126.98353723984253,
    "44": 129.21391674632832,
    "45": 130.72429625281413,
    "46": 131.99467575929992,
    "47": 133.38505526578572,
    "48": 134.43543477227152,
    "49": 135.4858142787573,
    "50": 136.02972664711064,
    "51": 136.67003345297613,
    "52": 137.13095983248917,
    "53": 137.70339210587156,
    "54": 138.07485590887254,
    "55": 138.73408059081345,
    "56": 139.47638382543192,
    "57": 140.34029619378524,
    "58": 141.29518665422688,
    "59": 142.0590990225802,
    "60": 142.78021594730689,
    "61": 143.58796232317982,
    "62": 146.213750037303,
    "63": 147.23874107803124,
    "64": 148.8787719534131,
    "65": 150.1962171836339,
    "66": 154.25366695579882,
    "67": 156.11891006458742,
    "68": 158.5791063028083,
    "69": 160.7269310395149,
    "70": 162.14412213402505,
    "71": 163.7371759273682,
    "72": 165.97352354842252,
    "73": 167.1215351443174,
    "74": 169.33255409750583,
    "75": 172.17970288798776,
    "76": 176.34465275443495,
    "77": 180.16273733297692,
    "78": 183.04952755582738,
    "79": 185.07801525240583,
    "80": 186.5545311057584,
    "81": 189.4131615046461,
    "82": 192.33203933290812,
    "83": 194.27752272201826,
    "84": 196.97896692907193,
    "85": 204.38385665165256,
    "86": 212.15034064580868,
    "87": 214.0795061250658,
    "88": 216.66245986446316,
    "89": 218.74788297853152,
    "90": 224.1657689576975,
    "91": 225.12920053585103,
    "92": 228.27415660033023,
    "93": 230.8709111271072,
    "94": 235.68884888771558,
    "95": 238.50373934815724,
    "96": 239.56765171651054,
    "97": 241.3025421769522,
    "98": 242.4859454540386,
    "99": 243.6503669136588,
    "100": 245.5942792820121,
    "101": 248.40750922736117,
    "102": 249.79157477564922,
    "103": 251.19398895832072,
    "104": 253.831884939602,
    "105": 254.8588406400698,
    "106": 256.0915130904732,
    "107": 258.0700408119094,
    "108": 259.48949059719183,
    "109": 260.6467014827726,
    "110": 262.25087213525484,
    "111": 263.74122770225176,
    "112": 268.9851400706051,
    "113": 271.0812662677845,
    "114": 272.076877175665,
    "115": 275.9003819168316,
    "116": 277.1720516633846,
    "117": 277.9480156951224,
    "118": 281.5218101205009,
    "119": 455.0919185122756,
    "120": 455.79862852963987,
    "121": 456.4814617845413,
    "122": 457.2963522449829,
    "123": 458.0034615517052,
    "124": 458.712906532693,
    "125": 459.2889212636771,
    "126": 460.0224172833272,
    "127": 460.73080454719116,
    "128": 461.4342780030531,
    "129": 462.17449764786323,
    "130": 462.8925117606838,
    "131": 463.63303663889576,
    "132": 464.23652208909755,
    "133": 464.88014730984094,
    "134": 465.5058045324339,
    "135": 466.2849641153621,
    "136": 466.86616841102466,
    "137": 467.5595637274112,
    "138": 468.2118994180737,
    "139": 468.853168547119,
    "140": 469.5355389385624,
    "141": 470.17291980927115,
    "142": 470.8270807269078,
    "143": 471.38270270598207,
    "144": 471.9529642826106,
    "145": 472.20611286321207,
    "146": 472.8703945096586,
    "147": 473.46488131916425,
    "148": 474.06861375602386,
    "149": 474.5362630621886,
    "150": 475.08303015883683,
    "151": 475.4883964822069,
    "152": 476.1747710991341,
    "153": 476.69372291845326,
    "154": 477.17571435598677,
    "155": 477.7056002006982,
    "156": 478.1591319082232,
    "157": 478.70382507120354,
    "158": 479.2653491738417,
    "159": 480.0274747118653,
    "160": 481.0984970985668,
    "161": 481.6594745446168,
    "162": 482.98169345648506,
    "163": 483.71094892198516,
    "164": 484.39072698980607,
    "165": 485.69512401803007,
    "166": 486.5495181931917,
    "167": 487.9714743773683,
    "168": 489.32686112308994,
    "169": 490.29908288802056,
    "170": 491.17468585979657,
    "171": 491.821551433008,
    "172": 492.4625105965032,
    "173": 493.17302870607057,
    "174": 493.7929447932431,
    "175": 494.38665302334425,
    "176": 495.0708721188579,
    "177": 495.42959376327127,
    "178": 496.08276587015945,
    "179": 496.6684640112417,
    "180": 497.19595240632856,
    "181": 497.68320266908904,
    "182": 498.16950662681126,
    "183": 498.6827733241948,
    "184": 499.2680080328463,
    "185": 499.7172159817404,
    "186": 500.2342344397422,
    "187": 500.7730167035324,
    "188": 501.4081065094094,
    "189": 501.72205938632925,
    "190": 502.3193998402941,
    "191": 505.056845595216,
    "192": 505.961136945354,
    "193": 506.7070054978839,
    "194": 508.64517329074516,
    "195": 509.88112179460904,
    "196": 510.32604818068086,
    "197": 510.99047970800376,
    "198": 511.94211608684463,
    "199": 512.495257816817,
    "200": 513.008493658495,
    "201": 513.5179846393745,
    "202": 513.9939644941308,
    "203": 514.6437940154558,
    "204": 515.435412767618,
    "205": 516.6689137538922,
    "206": 517.4555311205156,
    "207": 518.0994434888689,
    "208": 518.8033558572223,
    "209": 519.7881705639389,
    "210": 521.2294167127146,
    "211": 522.096912284729,
    "212": 522.5590053306355,
    "213": 523.266334159191,
    "214": 523.7743761451193,
    "215": 524.2705450037795,
    "216": 524.9122583628341,
    "217": 525.3904710455162,
    "218": 526.0312397703776,
    "219": 526.5463919091087,
    "220": 526.970304277462,
    "221": 527.6642818235332,
    "222": 528.1558129014169,
    "223": 528.6776331060174,
    "224": 529.1929768754376,
    "225": 529.6649598357685,
    "226": 530.308267092549,
    "227": 530.8176908559351,
    "228": 531.3349771607438,
    "229": 531.9055155926417,
    "230": 532.3747139804975,
    "231": 532.9300104940226,
    "232": 533.4572526977017,
    "233": 534.1978641056879,
    "234": 535.2127987836772,
    "235": 536.0934847041424,
    "236": 537.3729021711149,
    "237": 538.1067258157873,
    "238": 538.8607269078216,
    "239": 540.2923196380874,
    "240": 541.0485516445281,
    "241": 542.5124640128814,
    "242": 543.5963763812347,
    "243": 544.3401154998353,
    "244": 545.0998306445134,
    "245": 545.723145494703,
    "246": 546.3643892232948,
    "247": 547.0378944071779,
    "248": 547.5194815559356,
    "249": 548.1628595719422,
    "250": 548.7696315122378,
    "251": 549.5335438805911,
    "252": 550.4583337459889,
    "253": 551.5770948938382,
    "254": 552.0461730562693,
    "255": 552.5383385502837,
    "256": 553.0914019784511,
    "257": 553.677018090711,
    "258": 554.1632514187427,
    "259": 554.7056295675643,
    "260": 555.148755195771,
    "261": 555.6326675641243,
    "262": 556.2462379257253,
    "263": 556.7284689221163,
    "264": 557.2795237353473,
    "265": 557.7500694819068,
    "266": 558.2761147029454,
    "267": 558.7361417742441,