{
    "1": 0.0,
    "2": 1.58,
    "3": 37.459999999999994,
    "4": 40.7,
    "5": 44.815000000000005,
    "6": 48.115,
    "7": 52.385,
    "8": 54.855000000000004,
    "9": 59.80499999999999,
    "10": 61.875,
    "11": 63.39,
    "12": 66.335,
    "13": 68.175,
    "14": 70.1575,
    "15": 72.0175,
    "16": 74.0775,
    "17": 75.58749999999999,
    "18": 77.455,
    "19": 79.27,
    "20": 81.47000000000001,
    "21": 83.105,
    "22": 84.87249999999999,
    "23": 86.43249999999999,
    "24": 88.6125,
    "25": 95.69624999999999,
    "26": 98.49989583333333,
    "27": 102.44979166666667,
    "28": 105.40979166666666,
    "29": 106.89166666666667,
    "30": 109.15510416666666,
    "31": 111.93239583333333,
    "32": 113.57510416666666,
    "33": 115.64958333333333,
    "34": 117.78979166666666,
    "35": 120.22979166666667,
    "36": 122.815625,
    "37": 124.78135416666666,
    "38": 126.655625,
    "39": 128.5296875,
    "40": 130.32671875,
    "41": 132.1496875,
    "42": 133.87270833333332,
    "43": 135.88979166666667,
    "44": 137.49239583333335,
    "45": 139.06770833333331,
    "46": 141.13479166666664,
    "47": 142.50979166666667,
    "48": 144.41896875,
    "49": 145.96531249999998,
    "50": 147.67322916666663,
    "51": 149.8230208333333,
    "52": 151.70468749999995,
    "53": 153.18385416666663,
    "54": 154.98468749999995,
    "55": 156.5959375,
    "56": 158.2598958333333,
    "57": 160.25177083333327,
    "58": 162.3539583333333,
    "59": 164.14624999999995,
    "60": 165.33395833333333,
    "61": 168.36708333333328,
    "62": 174.37979166666665,
    "63": 176.6114583333333,
    "64": 180.44145833333332,
    "65": 183.3914583333333,
    "66": 187.5896875,
    "67": 190.5583333333333,
    "68": 194.85833333333332,
    "69": 196.44645833333334,
    "70": 197.92645833333333,
    "71": 199.71291666666664,
    "72": 201.9564583333333,
    "73": 203.54749999999996,
    "74": 205.45479166666664,
    "75": 206.9164583333333,
    "76": 208.91291666666663,
    "77": 210.46208333333328,
    "78": 212.3220833333333,
    "79": 213.7564583333333,
    "80": 215.70968749999997,
    "81": 216.95885416666664,
    "82": 218.4564583333333,
    "83": 219.8564583333333,
    "84": 221.59645833333332,
    "85": 226.96354166666666,
    "86": 233.4427083333333,
    "87": 236.05749999999998,
    "88": 237.54187499999995,
    "89": 239.62395833333332,
    "90": 241.72395833333331,
    "91": 243.42312499999997,
    "92": 245.23354166666664,
    "93": 247.08270833333327,
    "94": 248.9983333333333,
    "95": 250.79593749999998,
    "96": 253.12072916666665,
    "97": 254.83395833333333,
    "98": 256.44697916666667,
    "99": 257.6869791666666,
    "100": 259.71916666666664,
    "101": 261.30312499999997,
    "102": 263.26395833333333,
    "103": 264.82875,
    "104": 266.53135416666663,
    "105": 268.24864583333334,
    "106": 270.15427083333327,
    "107": 272.04697916666663,
    "108": 274.27135416666664,
    "109": 276.36010416666664,
    "110": 277.4269791666666,
    "111": 279.66697916666664,
    "112": 282.3669791666666,
    "113": 285.3365625,
    "114": 287.1269791666666,
    "115": 289.9589583333333,
    "116": 291.6177083333333,
    "117": 294.2099999999999,
    "118": 295.2189583333333,
    "119": 299.37749999999994,
    "120": 300.47875,
    "121": 301.3789583333333,
    "122": 302.3144791666667,
    "123": 303.2389583333333,
    "124": 304.1689583333333,
    "125": 305.0589583333333,
    "126": 305.95447916666666,
    "127": 306.84015625,
    "128": 307.6889583333333,
    "129": 308.5589583333333,
    "130": 309.41447916666664,
    "131": 310.2991666666667,
    "132": 311.1540625,
    "133": 311.9389583333333,
    "134": 312.8095833333333,
    "135": 313.6189583333333,
    "136": 314.41615625,
    "137": 315.25288541666663,
    "138": 315.98811458333336,
    "139": 316.6789583333333,
    "140": 317.33573958333335,
    "141": 318.3389583333333,
    "142": 319.0339583333333,
    "143": 320.01895833333333,
    "144": 320.97923958333337,
    "145": 321.8994270833333,
    "146": 322.75895833333334,
    "147": 323.69895833333334,
    "148": 324.6292708333333,
    "149": 325.494875,
    "150": 326.3589583333333,
    "151": 327.27916666666664,
    "152": 328.17252083333335,
    "153": 329.0394791666667,
    "154": 329.9989583333333,
    "155": 330.939375,
    "156": 331.9789583333333,
    "157": 332.7795833333333,
    "158": 333.6789583333333,
    "159": 334.63895833333333,
    "160": 335.63895833333333,
    "161": 336.63895833333333,
    "162": 337.63895833333333,
    "163": 338.5989583333333,
    "164": 339.5989583333333,
    "165": 340.49916666666667,
    "166": 341.4389583333333,
    "167": 342.3989583333333,
    "168": 343.3989583333333,
    "169": 344.3989583333333,
    "170": 345.2989583333333,
    "171": 346.19895833333334,
    "172": 347.1789583333333,
    "173": 348.0589583333333,
    "174": 348.1959791666667,
    "175": 348.554875,
    "176": 348.8279895833333,
    "177": 348.83898958333333,
    "178": 349.51895833333333,
    "179": 350.31895833333334,
    "180": 351.87833333333333,
    "181": 353.2389583333333,
    "182": 354.37874999999997,
    "183": 355.45874999999995,
    "184": 356.5389583333333,
    "185": 357.5589583333333,
    "186": 358.57895833333333,
    "187": 359.67854166666666,
    "188": 360.7989583333333,
    "189": 361.8789583333333,
    "190": 362.9989583333333,
    "191": 364.07895833333333,
    "192": 365.13895833333333,
    "193": 366.1789583333333,
    "194": 367.19895833333334,
    "195": 368.2989583333333,
    "196": 369.2692708333333,
    "197": 370.13909375,
    "198": 371.04411458333334,
    "199": 371.92411458333333,
    "200": 372.7290625,
    "201": 373.51916666666665,
    "202": 374.3589583333333,
    "203": 375.17442708333334,
    "204": 375.9591145833333,
    "205": 376.7894791666667,
    "206": 377.5589583333333,
    "207": 378.3789583333333,
    "208": 379.25453125,
    "209": 380.1589583333333,
    "210": 380.8389583333333,
    "211": 381.57895833333333,
    "212": 382.4589583333333,
    "213": 383.17173958333336,
    "214": 384.0589583333333,
    "215": 384.79911458333333,
    "216": 385.6589583333333,
    "217": 386.3929166666666,
    "218": 387.2994791666667,
    "219": 388.07947916666666,
    "220": 388.89947916666665,
    "221": 389.9994791666667,
    "222": 390.7994791666667,
    "223": 391.6527604166667,
    "224": 392.23963541666666,
    "225": 393.19947916666666,
    "226": 393.95947916666665,
    "227": 394.6998229166667,
    "228": 395.48661458333333,
    "229": 396.3594791666667,
    "230": 397.1594791666667,
    "231": 398.0994791666667,
    "232": 398.91973958333335,
    "233": 399.9194791666667,
    "234": 400.69947916666666,
    "235": 401.57947916666666,
    "236": 402.8718958333333,
    "237": 403.77947916666665,
    "238": 404.81947916666667,
    "239": 405.7994791666667,
    "240": 406.6794791666667,
    "241": 407.4394791666667,
    "242": 408.4994791666667,
    "243": 409.0994791666667,
    "244": 410.2591666666667,
    "245": 411.09540625,
    "246": 412.07947916666666,
    "247": 412.8796875,
    "248": 413.679875,
    "249": 414.43972916666667,
    "250": 415.2994791666667,
    "251": 416.19947916666666,
    "252": 417.4994791666667,
    "253": 423.41906250000005,
    "254": 425.31947916666667,
    "255": 426.2194791666667,
    "256": 426.95589583333333,
    "257": 427.68958333333336,
    "258": 428.4518958333333,
    "259": 429.1866145833333,
    "260": 429.87947916666667,
    "261": 430.65486458333334,
    "262": 431.3878125,
    "263": 432.1396875,
    "264": 432.9394791666667,
    "265": 433.7394791666667,
    "266": 434.6866145833333,
    "267": 435.75947916666667,
    "268": 436.7191666666667,
    "269": 437.59906250000006,
    "270": 438.43895833333335,
    "271": 439.29895833333336,
    "272": 440.05927083333336,
    "273": 440.87945833333333,
    "274": 441.7789583333333,
    "275": 442.57145833333334,
    "276": 443.383125,
    "277": 444.13895833333333,