{
    "1": 7.033051579760317,
    "2": 16.26169950038615,
    "3": 30.104671381324902,
    "4": 37.79521131517976,
    "5": 41.63416594656903,
    "6": 42.64874417704728,
    "7": 46.04461876364018,
    "8": 48.831459374195525,
    "9": 50.99537174254883,
    "10": 52.35928411090214,
    "11": 53.12319647925545,
    "12": 56.10295582180496,
    "13": 60.00686732112201,
    "14": 61.845911676403695,
    "15": 62.759648089514016,
    "16": 65.2979782609765,
    "17": 66.87412195365906,
    "18": 68.50507848381051,
    "19": 69.46467741538784,
    "20": 71.76510435813476,
    "21": 73.16623253114183,
    "22": 74.97379678653354,
    "23": 76.08503535993677,
    "24": 77.35447386414504,
    "25": 81.14429474429838,
    "26": 82.70257467562813,
    "27": 83.96490238099533,
    "28": 85.18137750442307,
    "29": 86.61380442749368,
    "30": 88.77783468963108,
    "31": 89.77015968950812,
    "32": 91.98349411596878,
    "33": 93.79773840697459,
    "34": 96.58876408289623,
    "35": 98.11450874037295,
    "36": 102.42952309586782,
    "37": 105.53539164839778,
    "38": 107.51126020092774,
    "39": 109.23554463156964,
    "40": 112.56168373311735,
    "41": 115.40277822687092,
    "42": 116.96494701338482,
    "43": 119.66965958374804,
    "44": 120.93026679412532,
    "45": 122.72429625281413,
    "46": 124.09467575929992,
    "47": 125.5430773721,
    "48": 126.79178259008873,
    "49": 128.1658142787573,
    "50": 128.88972664711062,
    "51": 129.5884109918327,
    "52": 130.2407343520187,
    "53": 130.9225556962046,
    "54": 131.60855908872531,
    "55": 132.35247145707862,
    "56": 133.15638382543193,
    "57": 134.54029619378525,
    "58": 135.83518665422687,
    "59": 136.5990990225802,
    "60": 137.5630113909335,
    "61": 138.5303856389302,
    "62": 142.0638506175896,
    "63": 143.29874107803124,
    "64": 145.2187719534131,
    "65": 146.6162171836339,
    "66": 150.4534167389497,
    "67": 151.98161670254856,
    "68": 154.5591063028083,
    "69": 156.12693103951491,
    "70": 157.42412213402505,
    "71": 158.5321566364034,
    "72": 160.71352354842253,
    "73": 161.87893380731336,
    "74": 163.8188980620492,
    "75": 164.87970288798778,
    "76": 165.9194444070959,
    "77": 168.9182516630566,
    "78": 171.15509388050916,
    "79": 172.0383460436715,
    "80": 173.23323650411317,
    "81": 174.50572330869971,
    "82": 176.37203933290812,
    "83": 177.4759517012614,
    "84": 178.33983688353769,
    "85": 183.42385665165256,
    "86": 187.51339063506873,
    "87": 188.67950612506579,
    "88": 190.8234184934191,
    "89": 192.29830895386073,
    "90": 194.78222132221404,
    "91": 195.74920053585103,
    "92": 197.01004605892064,
    "93": 198.10493651936227,
    "94": 199.5976977754312,
    "95": 201.40097443557735,
    "96": 202.70765171651053,
    "97": 204.00254217695218,
    "98": 204.8264545453055,
    "99": 206.29644029639056,
    "100": 207.48910812286536,
    "101": 209.08916974245372,
    "102": 210.23831495512985,
    "103": 211.21699447916035,
    "104": 212.57014686712435,
    "105": 213.8067754000436,
    "106": 215.23068776839693,
    "107": 216.36557822883856,
    "108": 217.20949059719186,
    "109": 218.2067014827726,
    "110": 219.30979826881423,
    "111": 220.8612277022518,
    "112": 221.73039219769424,
    "113": 225.1953366531611,
    "114": 226.176877175665,
    "115": 229.7770311754453,
    "116": 231.45205166338454,
    "117": 232.58323766829375,
    "118": 234.0719280634757,
    "119": 366.69168086365806,
    "120": 367.7065713240997,
    "121": 368.7014617845413,
    "122": 369.57635224498296,
    "123": 370.41124270542457,
    "124": 371.21629321610635,
    "125": 372.0628811043647,
    "126": 372.8630086920021,
    "127": 373.65080454719117,
    "128": 374.44569500763276,
    "129": 375.19853957148314,
    "130": 375.9561545392386,
    "131": 376.7651831944788,
    "132": 377.4652568493993,
    "133": 378.2441325788568,
    "134": 379.13353399325433,
    "135": 379.9449641153621,
    "136": 380.6324818691166,
    "137": 381.3254342164163,
    "138": 382.1118994180737,
    "139": 382.8805410652417,
    "140": 383.6399769918557,
    "141": 384.4194167946992,
    "142": 385.17083229076314,
    "143": 385.92724153140585,
    "144": 386.5329642826106,
    "145": 387.26843832548195,
    "146": 387.8503945096586,
    "147": 388.52847013876703,
    "148": 389.12861375602387,
    "149": 389.9962630621885,
    "150": 390.56039732172866,
    "151": 391.20035086108373,
    "152": 391.7014263229437,
    "153": 392.265051310851,
    "154": 393.0181319492155,
    "155": 393.62612029101234,
    "156": 394.2239039731353,
    "157": 394.7934425640832,
    "158": 395.41193017867715,
    "159": 396.00747471186526,
    "160": 396.8033432643953,
    "161": 397.2837898178467,
    "162": 398.06169345648505,
    "163": 398.7750131519617,
    "164": 399.31560582483837,
    "165": 400.1151240180301,
    "166": 400.6895181931917,
    "167": 401.39147437736835,
    "168": 402.42686112308996,
    "169": 403.11077349144324,
    "170": 403.81468585979655,
    "171": 404.6192991140749,
    "172": 405.3825105965032,
    "173": 406.0796344472847,
    "174": 406.7522682665678,
    "175": 407.37627431046894,
    "176": 408.12724010487466,
    "177": 408.60795231450584,
    "178": 409.245984806623,
    "179": 410.03494858748815,
    "180": 410.71071431499445,
    "181": 411.2688609558415,
    "182": 411.8609805680218,
    "183": 412.49024373187115,
    "184": 413.1047295083714,
    "185": 413.6792045662115,
    "186": 414.29437025206965,
    "187": 414.8611961218028,
    "188": 415.51255424507804,
    "189": 416.2490208585094,
    "190": 417.1104395847647,
    "191": 422.60107357129596,
    "192": 424.681136945354,
    "193": 425.42700549788395,
    "194": 426.12915751035877,
    "195": 426.6924950686293,
    "196": 427.30532966807743,
    "197": 427.84635178586944,
    "198": 428.4444232173689,
    "199": 428.9328867252255,
    "200": 429.47602845519793,
    "201": 430.0947907836247,
    "202": 430.6523846141233,
    "203": 431.1637940154557,
    "204": 431.72770638380905,
    "205": 432.40722843847306,
    "206": 432.9648717843609,
    "207": 433.5597773955476,
    "208": 434.28702027150007,
    "209": 435.0609023383633,
    "210": 435.85118059392886,
    "211": 436.5950929622822,
    "212": 437.3154529318495,
    "213": 437.9563840353124,
    "214": 438.58214706060795,
    "215": 439.2107424356954,
    "216": 439.83465480404874,
    "217": 440.49856717240203,
    "218": 441.13123977037765,
    "219": 441.74639190910864,
    "220": 442.350304277462,
    "221": 442.99421664581524,
    "222": 443.5990645070843,
    "223": 444.1598372442697,
    "224": 444.82595375087516,
    "225": 445.44487950730564,
    "226": 446.0737784875818,
    "227": 446.6888454279675,
    "228": 447.38160322428837,
    "229": 448.00803357595294,
    "230": 448.6294279609951,
    "231": 449.31867625120725,
    "232": 449.9509944693222,
    "233": 450.58116506605495,
    "234": 451.3250774344083,
    "235": 451.89876959881684,
    "236": 452.5929021711149,
    "237": 453.3168145394682,
    "238": 453.9207269078215,
    "239": 454.9323196380874,
    "240": 455.3085516445281,
    "241": 455.9724640128814,
    "242": 456.65673593923964,
    "243": 457.30028874958805,
    "244": 458.09758960501483,
    "245": 458.8276366313532,
    "246": 459.5295679660125,
    "247": 460.15789440717793,
    "248": 460.67090338776563,
    "249": 461.28457361474807,
    "250": 461.9577789073427,
    "251": 462.49418949253203,
    "252": 463.1499869365817,
    "253": 463.76136861729776,
    "254": 464.31234611253853,
    "255": 464.83967734160177,
    "256": 465.4104845778861,
    "257": 465.957018090711,
    "258": 466.5413956885964,
    "259": 467.056823280661,
    "260": 467.59187967619386,
    "261": 468.1874407538644,
    "262": 468.74555391222077,
    "263": 469.27024615041546,
    "264": 469.8395237353473,
    "265": 470.3317941335135,
    "266": 470.9056688217672,