{
    "1": 0,
    "2": 1.1458685525299612,
    "3": 2.864671381324903,
    "4": 3.8195618417665376,
    "5": 5.6338537166056435,
    "6": 6.588744177047277,
    "7": 8.12485337063084,
    "8": 9.071459374195527,
    "9": 9.835371742548835,
    "10": 10.599284110902142,
    "11": 11.36319647925545,
    "12": 12.140663271413137,
    "13": 12.891021215962065,
    "14": 13.8459116764037,
    "15": 14.609824044757007,
    "16": 15.373736413110315,
    "17": 16.156473172195433,
    "18": 17.092539241905257,
    "19": 17.884677415387845,
    "20": 19.002320162788525,
    "21": 19.76623253114183,
    "22": 20.721122991583467,
    "23": 21.485035359936774,
    "24": 22.274473864145044,
    "25": 24.72768421518649,
    "26": 25.682574675628125,
    "27": 26.63746513606976,
    "28": 27.401377504423067,
    "29": 28.19793480916456,
    "30": 29.25783468963109,
    "31": 29.97958174761548,
    "32": 30.743494115968787,
    "33": 31.698384576410422,
    "34": 32.74876408289622,
    "35": 33.519014676874285,
    "36": 34.849523095867816,
    "37": 35.99539164839778,
    "38": 37.191260200927736,
    "39": 38.29356437672885,
    "40": 39.814953490164314,
    "41": 41.34277822687093,
    "42": 42.39315773335673,
    "43": 43.44353723984253,
    "44": 44.493916746328324,
    "45": 45.54429625281412,
    "46": 46.59467575929992,
    "47": 47.645055265785714,
    "48": 48.69543477227152,
    "49": 49.74581427875731,
    "50": 50.50972664711062,
    "51": 51.28841099183269,
    "52": 52.0407343520187,
    "53": 52.804646720372006,
    "54": 53.568559088725316,
    "55": 54.33247145707862,
    "56": 55.09638382543193,
    "57": 55.86029619378524,
    "58": 56.81518665422687,
    "59": 57.57909902258018,
    "60": 58.34301139093348,
    "61": 59.11038563893019,
    "62": 61.923850617589615,
    "63": 62.87874107803125,
    "64": 64.59877195341309,
    "65": 65.5762171836339,
    "66": 67.36672624210694,
    "67": 68.32161670254857,
    "68": 69.84944143925519,
    "69": 70.80433189969682,
    "70": 71.58412213402505,
    "71": 72.33215663640343,
    "72": 73.29352354842254,
    "73": 74.07547973259918,
    "74": 75.2452420265925,
    "75": 75.99111057912245,
    "76": 76.72465275443496,
    "77": 77.48856512278826,
    "78": 78.63443367531822,
    "79": 79.39834604367152,
    "80": 80.35323650411316,
    "81": 81.1257233086997,
    "82": 82.0720393329081,
    "83": 82.83595170126141,
    "84": 83.59986406961472,
    "85": 85.84385665165256,
    "86": 88.15339063506872,
    "87": 88.89950612506578,
    "88": 89.6634184934191,
    "89": 90.61830895386073,
    "90": 91.38222132221404,
    "91": 92.169200535851,
    "92": 92.91004605892066,
    "93": 93.86493651936229,
    "94": 94.62884888771559,
    "95": 95.58373934815722,
    "96": 96.34765171651054,
    "97": 97.30254217695217,
    "98": 98.06645454530548,
    "99": 98.83036691365879,
    "100": 99.5942792820121,
    "101": 100.54916974245373,
    "102": 101.31308211080703,
    "103": 102.07699447916035,
    "104": 103.03188493960198,
    "105": 103.98677540004361,
    "106": 104.75068776839692,
    "107": 105.70557822883856,
    "108": 106.46949059719186,
    "109": 107.26670148277259,
    "110": 107.99731533389848,
    "111": 108.76122770225179,
    "112": 109.52514007060509,
    "113": 111.05296480731171,
    "114": 111.81687717566501,
    "115": 113.4401909584158,
    "116": 114.25205166338455,
    "117": 114.9680156951224,
    "118": 115.73192806347572,
    "119": 232.99168086365805,
    "120": 233.9465713240997,
    "121": 234.9014617845413,
    "122": 235.85635224498296,
    "123": 236.81124270542458,
    "124": 237.76613316586622,
    "125": 238.72102362630787,
    "126": 239.6759140867495,
    "127": 240.63080454719113,
    "128": 241.58569500763275,
    "129": 242.5405854680744,
    "130": 243.49547592851602,
    "131": 244.45036638895766,
    "132": 245.4052568493993,
    "133": 246.36014730984093,
    "134": 247.31503777028257,
    "135": 248.2849641153621,
    "136": 249.2624093455829,
    "137": 250.21956372741124,
    "138": 251.15189941807367,
    "139": 252.08949007249075,
    "140": 253.04438053293237,
    "141": 253.999270993374,
    "142": 254.95416145381563,
    "143": 255.90905191425728,
    "144": 256.67296428261056,
    "145": 257.46843832548194,
    "146": 258.2503945096586,
    "147": 258.98235069383526,
    "148": 259.72861375602383,
    "149": 260.4962630621885,
    "150": 261.2782192463652,
    "151": 262.0203508610837,
    "152": 262.78426322943704,
    "153": 263.54817559779036,
    "154": 264.3181319492155,
    "155": 265.07600033449694,
    "156": 265.8598690542754,
    "157": 266.6038250712036,
    "158": 267.40160615933536,
    "159": 268.1474747118653,
    "160": 268.9433432643953,
    "161": 269.6594745446168,
    "162": 270.461693456485,
    "163": 271.23094892198515,
    "164": 271.97560582483834,
    "165": 272.71512401803005,
    "166": 273.48951819319166,
    "167": 274.27147437736835,
    "168": 275.00686112308995,
    "169": 275.77077349144326,
    "170": 276.5346858597966,
    "171": 277.299299114075,
    "172": 278.0625105965032,
    "173": 278.8396344472847,
    "174": 279.5903353332098,
    "175": 280.38137155234466,
    "176": 281.12724010487466,
    "177": 281.9231086574046,
    "178": 282.64598480662306,
    "179": 283.45494858748816,
    "180": 284.21071431499445,
    "181": 284.9688609558415,
    "182": 285.7016342800363,
    "183": 286.4827733241948,
    "184": 287.26472950837143,
    "185": 287.9966856925481,
    "186": 288.7572837534495,
    "187": 289.5211961218028,
    "188": 290.29255424507807,
    "189": 291.04902085850944,
    "190": 291.8193998402941,
    "191": 292.576845595216,
    "192": 293.361136945354,
    "193": 294.10700549788396,
    "194": 294.90287405041397,
    "195": 295.6324950686293,
    "196": 296.4446111554739,
    "197": 297.1904797080038,
    "198": 297.9621160868446,
    "199": 298.6881445420425,
    "200": 299.47602845519793,
    "201": 300.25798463937457,
    "202": 300.98994082355125,
    "203": 301.7437940154557,
    "204": 302.507706383809,
    "205": 303.28580937608115,
    "206": 304.03553112051566,
    "207": 304.799443488869,
    "208": 305.5633558572223,
    "209": 306.3409023383633,
    "210": 307.09118059392887,
    "211": 307.8550929622822,
    "212": 308.6190053306355,
    "213": 309.3829176989888,
    "214": 310.1702451010132,
    "215": 310.9107424356954,
    "216": 311.6746548040487,
    "217": 312.43856717240203,
    "218": 313.25123977037765,
    "219": 313.96639190910867,
    "220": 314.730304277462,
    "221": 315.49421664581524,
    "222": 316.2790645070843,
    "223": 317.0220413825219,
    "224": 317.7859537508752,
    "225": 318.5498661192285,
    "226": 319.3137784875818,
    "227": 320.0776908559351,
    "228": 320.8416032242884,
    "229": 321.6055155926417,
    "230": 322.36942796099504,
    "231": 323.1500104940225,
    "232": 323.8972526977017,
    "233": 324.66116506605493,
    "234": 325.42507743440825,
    "235": 326.23348470414237,
    "236": 326.9529021711149,
    "237": 327.7168145394682,
    "238": 328.4807269078215,
    "239": 329.2723196380874,
    "240": 330.0085516445281,
    "241": 330.7724640128814,
    "242": 331.53637638123473,
    "243": 332.30028874958805,
    "244": 333.27758960501484,
    "245": 334.019091578383,
    "246": 334.9739820388246,
    "247": 335.7378944071779,
    "248": 336.50180677553124,
    "249": 337.28285957194225,
    "250": 338.0296315122378,
    "251": 338.79354388059113,
    "252": 339.55745624894445,
    "253": 340.32136861729776,
    "254": 341.0852809856511,
    "255": 341.8491933540044,
    "256": 342.61310572235766,
    "257": 343.377018090711,
    "258": 344.16139568859643,
    "259": 344.9048428274176,
    "260": 345.6687551957709,
    "261": 346.43266756412424,
    "262": 347.2448698987163,
    "263": 347.9604923008308,
    "264": 348.72440466918414,
    "265": 349.48831703753746,
    "266": 350.2761147029454,
    "267": 351.0161417742441,