{
    "1": 0.0,
    "2": 1.5,
    "3": 3.75,
    "4": 5.0,
    "5": 7.375,
    "6": 8.625,
    "7": 10.625,
    "8": 11.875,
    "9": 12.875,
    "10": 13.875,
    "11": 14.875,
    "12": 15.875,
    "13": 16.9125,
    "14": 18.1375,
    "15": 19.1375,
    "16": 20.1375,
    "17": 21.1375,
    "18": 22.375,
    "19": 23.375,
    "20": 24.875,
    "21": 25.875,
    "22": 27.1375,
    "23": 28.1375,
    "24": 29.1375,
    "25": 32.369791666666664,
    "26": 33.65989583333333,
    "27": 34.869791666666664,
    "28": 35.869791666666664,
    "29": 36.869791666666664,
    "30": 38.272395833333334,
    "31": 39.272395833333334,
    "32": 40.272395833333334,
    "33": 41.494791666666664,
    "34": 42.869791666666664,
    "35": 43.869791666666664,
    "36": 45.619791666666664,
    "37": 47.129687499999996,
    "38": 48.619791666666664,
    "39": 50.129687499999996,
    "40": 52.129687499999996,
    "41": 54.129687499999996,
    "42": 55.494791666666664,
    "43": 56.869791666666664,
    "44": 58.272395833333334,
    "45": 59.619791666666664,
    "46": 60.994791666666664,
    "47": 62.369791666666664,
    "48": 63.744791666666664,
    "49": 65.12968749999999,
    "50": 66.12968749999999,
    "51": 67.13593749999998,
    "52": 68.13593749999998,
    "53": 69.13593749999998,
    "54": 70.13593749999998,
    "55": 71.13593749999998,
    "56": 72.13593749999998,
    "57": 73.13593749999998,
    "58": 74.37395833333332,
    "59": 75.37395833333332,
    "60": 76.37395833333332,
    "61": 77.37395833333332,
    "62": 81.06145833333332,
    "63": 82.31145833333332,
    "64": 84.56145833333332,
    "65": 85.81145833333332,
    "66": 88.22968749999998,
    "67": 89.43645833333332,
    "68": 91.43645833333332,
    "69": 92.68645833333332,
    "70": 93.68645833333332,
    "71": 94.68645833333332,
    "72": 95.93645833333332,
    "73": 96.93645833333332,
    "74": 98.43645833333332,
    "75": 99.43645833333332,
    "76": 100.43645833333332,
    "77": 101.43645833333332,
    "78": 102.93645833333332,
    "79": 103.93645833333332,
    "80": 105.22968749999998,
    "81": 106.22968749999998,
    "82": 107.43645833333332,
    "83": 108.43645833333332,
    "84": 109.43645833333332,
    "85": 112.37395833333332,
    "86": 115.37395833333332,
    "87": 116.37395833333332,
    "88": 117.37395833333332,
    "89": 118.62395833333332,
    "90": 119.62395833333332,
    "91": 120.62395833333332,
    "92": 121.62395833333332,
    "93": 122.87395833333332,
    "94": 123.87395833333332,
    "95": 125.13593749999998,
    "96": 126.13593749999998,
    "97": 127.37395833333332,
    "98": 128.38697916666666,
    "99": 129.38697916666666,
    "100": 130.38697916666666,
    "101": 131.62395833333332,
    "102": 132.62395833333332,
    "103": 133.62395833333332,
    "104": 134.88697916666666,
    "105": 136.13593749999998,
    "106": 137.13593749999998,
    "107": 138.38697916666666,
    "108": 139.38697916666666,
    "109": 140.38697916666666,
    "110": 141.38697916666666,
    "111": 142.38697916666666,
    "112": 143.38697916666666,
    "113": 145.38697916666666,
    "114": 146.38697916666666,
    "115": 148.49895833333332,
    "116": 149.49895833333332,
    "117": 150.49895833333332,
    "118": 151.49895833333332,
    "119": 152.49895833333332,
    "120": 153.74895833333332,
    "121": 154.99895833333332,
    "122": 156.27447916666665,
    "123": 157.49895833333332,
    "124": 158.74895833333332,
    "125": 159.99895833333332,
    "126": 161.27447916666665,
    "127": 162.49895833333332,
    "128": 163.74895833333332,
    "129": 164.99895833333332,
    "130": 166.27447916666665,
    "131": 167.49895833333332,
    "132": 168.74895833333332,
    "133": 169.99895833333332,
    "134": 171.27447916666665,
    "135": 172.49895833333332,
    "136": 173.74895833333332,
    "137": 174.99895833333332,
    "138": 176.27447916666665,
    "139": 177.49895833333332,
    "140": 178.74895833333332,
    "141": 179.99895833333332,
    "142": 181.27447916666665,
    "143": 182.49895833333332,
    "144": 183.49895833333332,
    "145": 184.49895833333332,
    "146": 185.49895833333332,
    "147": 186.49895833333332,
    "148": 187.49895833333332,
    "149": 188.49895833333332,
    "150": 189.49895833333332,
    "151": 190.49895833333332,
    "152": 191.49895833333332,
    "153": 192.49895833333332,
    "154": 193.49895833333332,
    "155": 194.49895833333332,
    "156": 195.49895833333332,
    "157": 196.49895833333332,
    "158": 197.49895833333332,
    "159": 198.49895833333332,
    "160": 199.49895833333332,
    "161": 200.49895833333332,
    "162": 201.49895833333332,
    "163": 202.49895833333332,
    "164": 203.49895833333332,
    "165": 204.49895833333332,
    "166": 205.49895833333332,
    "167": 206.49895833333332,
    "168": 207.49895833333332,
    "169": 208.49895833333332,
    "170": 209.49895833333332,
    "171": 210.49895833333332,
    "172": 211.49895833333332,
    "173": 212.49895833333332,
    "174": 213.49895833333332,
    "175": 214.49895833333332,
    "176": 215.49895833333332,
    "177": 216.49895833333332,
    "178": 217.49895833333332,
    "179": 218.49895833333332,
    "180": 219.49895833333332,
    "181": 220.49895833333332,
    "182": 221.49895833333332,
    "183": 222.49895833333332,
    "184": 223.49895833333332,
    "185": 224.49895833333332,
    "186": 225.49895833333332,
    "187": 226.49895833333332,
    "188": 227.49895833333332,
    "189": 228.49895833333332,
    "190": 229.49895833333332,
    "191": 230.49895833333332,
    "192": 231.49895833333332,
    "193": 232.49895833333332,
    "194": 233.49895833333332,
    "195": 234.49895833333332,
    "196": 235.49895833333332,
    "197": 236.49895833333332,
    "198": 237.49895833333332,
    "199": 238.49895833333332,
    "200": 239.49895833333332,
    "201": 240.49895833333332,
    "202": 241.49895833333332,
    "203": 242.49895833333332,
    "204": 243.49895833333332,
    "205": 244.49895833333332,
    "206": 245.49895833333332,
    "207": 246.49895833333332,
    "208": 247.49895833333332,
    "209": 248.49895833333332,
    "210": 249.49895833333332,
    "211": 250.49895833333332,
    "212": 251.49895833333332,
    "213": 252.49895833333332,
    "214": 253.49895833333332,
    "215": 254.49895833333332,
    "216": 255.49895833333332,
    "217": 256.4994791666667,
    "218": 257.4994791666667,
    "219": 258.4994791666667,
    "220": 259.4994791666667,
    "221": 260.4994791666667,
    "222": 261.4994791666667,
    "223": 262.4994791666667,
    "224": 263.4994791666667,
    "225": 264.4994791666667,
    "226": 265.4994791666667,
    "227": 266.4994791666667,
    "228": 267.4994791666667,
    "229": 268.4994791666667,
    "230": 269.4994791666667,
    "231": 270.4994791666667,
    "232": 271.4994791666667,
    "233": 272.4994791666667,
    "234": 273.4994791666667,
    "235": 274.4994791666667,
    "236": 275.4994791666667,
    "237": 276.4994791666667,
    "238": 277.4994791666667,
    "239": 278.4994791666667,
    "240": 279.4994791666667,
    "241": 280.4994791666667,
    "242": 281.4994791666667,
    "243": 282.4994791666667,
    "244": 283.74895833333335,
    "245": 284.74895833333335,
    "246": 285.9994791666667,
    "247": 286.9994791666667,
    "248": 287.9994791666667,
    "249": 288.9994791666667,
    "250": 289.9994791666667,
    "251": 290.9994791666667,
    "252": 291.9994791666667,
    "253": 292.9994791666667,
    "254": 293.9994791666667,
    "255": 294.9994791666667,
    "256": 295.9994791666667,
    "257": 296.9994791666667,
    "258": 297.9994791666667,
    "259": 298.9994791666667,
    "260": 299.9994791666667,
    "261": 300.9994791666667,
    "262": 301.9994791666667,
    "263": 302.9994791666667,
    "264": 303.9994791666667,
    "265": 304.9994791666667,
    "266": 305.9994791666667,
    "267": 306.9994791666667,
    "268": 307.99895833333335,
    "269": 308.99895833333335,
    "270": 309.99895833333335,
    "271": 310.99895833333335,
    "272": 311.99895833333335,
    "273": 312.99895833333335,