{
    "1": 0,
    "2": 0.8112206994593945,
    "3": 2.5046713813249033,
    "4": 3.4454773156946303,
    "5": 4.893853716605644,
    "6": 5.768744177047278,
    "7": 6.82485337063084,
    "8": 7.7514593741955276,
    "9": 8.508297394039069,
    "10": 9.259284110902142,
    "11": 10.02319647925545,
    "12": 10.545482316752233,
    "13": 11.212816972769652,
    "14": 12.165911676403699,
    "15": 12.85008064492327,
    "16": 13.293736413110315,
    "17": 14.036941951658628,
    "18": 14.56470156967621,
    "19": 14.873548386462055,
    "20": 15.382320162788526,
    "21": 16.092986024913465,
    "22": 17.041122991583467,
    "23": 17.805035359936774,
    "24": 18.594473864145044,
    "25": 20.96768421518649,
    "26": 21.922574675628127,
    "27": 22.917465136069758,
    "28": 23.681377504423068,
    "29": 24.084314505854515,
    "30": 25.103566937926217,
    "31": 25.56764448547316,
    "32": 25.90773976463875,
    "33": 26.178384576410423,
    "34": 27.12876408289622,
    "35": 27.25450705804998,
    "36": 27.98952309586782,
    "37": 28.126,
    "38": 28.133412602009276,
    "39": 28.23356437672885,
    "40": 29.754953490164315,
    "41": 30.284427782268708,
    "42": 30.289,
    "43": 30.294,
    "44": 30.29893916746328,
    "45": 30.438328887584426,
    "46": 31.19739112205696,
    "47": 31.98280221063143,
    "48": 32.61543477227151,
    "49": 33.6658142787573,
    "50": 34.42972664711062,
    "51": 35.11814575869323,
    "52": 35.545702809282616,
    "53": 36.12085677790876,
    "54": 36.52748472709803,
    "55": 37.092471457078624,
    "56": 37.44789151476296,
    "57": 37.62029619378524,
    "58": 37.96911199253613,
    "59": 38.4245819804516,
    "60": 38.456634670282725,
    "61": 38.66934618796434,
    "62": 39.44192530879481,
    "63": 40.04448098696281,
    "64": 41.1987719534131,
    "65": 41.63621718363391,
    "66": 42.65601608536887,
    "67": 42.78443233405097,
    "68": 42.84849441439255,
    "69": 42.93130323297878,
    "70": 43.297297707220054,
    "71": 44.03215663640343,
    "72": 44.893523548422536,
    "73": 45.63547973259919,
    "74": 46.50744572868688,
    "75": 46.78321480772163,
    "76": 46.78924652754435,
    "77": 46.796,
    "78": 46.80534433675318,
    "79": 46.811,
    "80": 46.81853236504113,
    "81": 46.965723308699715,
    "82": 47.29516117998724,
    "83": 47.663359517012616,
    "84": 47.67399864069615,
    "85": 49.34385665165256,
    "86": 50.31339063506872,
    "87": 50.54199506125066,
    "88": 50.548634184934194,
    "89": 50.55718308953861,
    "90": 50.596466639666424,
    "91": 50.75983748694396,
    "92": 50.84221013296255,
    "93": 50.88389619116174,
    "94": 51.162307911017244,
    "95": 51.50812972415478,
    "96": 51.90765171651054,
    "97": 52.38254217695218,
    "98": 52.92645454530548,
    "99": 53.33036691365879,
    "100": 53.9142792820121,
    "101": 55.629169742453726,
    "102": 56.97831495512985,
    "103": 57.73699447916035,
    "104": 58.89188493960198,
    "105": 60.42677540004361,
    "106": 61.19068776839692,
    "107": 62.68557822883856,
    "108": 63.569490597191866,
    "109": 64.36670148277258,
    "110": 65.09731533389848,
    "111": 65.82122770225179,
    "112": 66.42011205648407,
    "113": 67.93296480731172,
    "114": 69.09687717566501,
    "115": 73.06019095841579,
    "116": 74.09205166338455,
    "117": 74.8080156951224,
    "118": 75.57192806347572,
    "119": 152.63168086365803,
    "120": 153.7265713240997,
    "121": 154.8214617845413,
    "122": 155.99635224498294,
    "123": 157.21124270542455,
    "124": 157.95119462312522,
    "125": 158.6589322856801,
    "126": 159.4230086920021,
    "127": 159.95080454719113,
    "128": 160.7377058033584,
    "129": 161.3805854680744,
    "130": 162.33547592851602,
    "131": 163.29036638895766,
    "132": 164.4252568493993,
    "133": 165.96014730984092,
    "134": 166.99503777028255,
    "135": 168.0649641153621,
    "136": 169.04240934558294,
    "137": 170.50333104869725,
    "138": 171.34497949566386,
    "139": 172.07517166089224,
    "140": 172.96438053293235,
    "141": 174.01927099337402,
    "142": 174.77416145381562,
    "143": 176.2326726799602,
    "144": 177.33511427826537,
    "145": 178.16843832548196,
    "146": 179.03535505869274,
    "147": 179.72235069383527,
    "148": 180.66861375602383,
    "149": 181.49626306218855,
    "150": 183.1382192463652,
    "151": 184.21291223881767,
    "152": 185.03055793766222,
    "153": 185.71516818638696,
    "154": 186.0781319492155,
    "155": 186.9560003344969,
    "156": 187.9598690542754,
    "157": 188.78382507120355,
    "158": 189.6914455434018,
    "159": 190.4274747118653,
    "160": 191.2233432643953,
    "161": 191.8994745446168,
    "162": 192.96637083907908,
    "163": 193.75094892198516,
    "164": 195.89560582483836,
    "165": 196.81512401803008,
    "166": 198.40951819319167,
    "167": 199.1914743773683,
    "168": 200.18686112308995,
    "169": 200.88246409486595,
    "170": 201.57468585979657,
    "171": 202.35901875970492,
    "172": 203.1225105965032,
    "173": 203.90668719450503,
    "174": 204.47033533320976,
    "175": 204.92137155234468,
    "176": 205.5617920838997,
    "177": 205.67646217314808,
    "178": 205.94437872927227,
    "179": 206.77494858748818,
    "180": 207.53071431499444,
    "181": 208.5688609558415,
    "182": 209.42163428003627,
    "183": 210.2027733241948,
    "184": 211.04472950837146,
    "185": 211.7366856925481,
    "186": 212.51728375344948,
    "187": 213.4811961218028,
    "188": 214.67255424507806,
    "189": 215.64784588872072,
    "190": 216.62198648566667,
    "191": 217.476845595216,
    "192": 219.421136945354,
    "193": 220.32700549788393,
    "194": 221.12287405041397,
    "195": 221.99899408235513,
    "196": 222.94604818068086,
    "197": 223.69047970800378,
    "198": 224.4396928694757,
    "199": 225.00814454204252,
    "200": 225.7960284551979,
    "201": 226.61798463937458,
    "202": 228.16994082355123,
    "203": 230.8037940154557,
    "204": 231.56670455391384,
    "205": 232.44580937608117,
    "206": 233.4194871374438,
    "207": 234.73766265324966,
    "208": 235.42335585722228,
    "209": 236.10090233836334,
    "210": 236.91118059392883,
    "211": 237.8750929622822,
    "212": 238.63900533063548,
    "213": 239.40291769898883,
    "214": 240.1902451010132,
    "215": 241.48511822992074,
    "216": 242.59465480404873,
    "217": 243.35856717240205,
    "218": 244.21719066819054,
    "219": 245.29261896368254,
    "220": 246.67636513295437,
    "221": 247.83421664581525,
    "222": 249.08409662043275,
    "223": 250.16204138252186,
    "224": 250.8459537508752,
    "225": 251.4898661192285,
    "226": 252.53377848758183,
    "227": 252.93992177034158,
    "228": 253.5416032242884,
    "229": 253.9234676300398,
    "230": 254.59982245425672,
    "231": 255.16833424281526,
    "232": 255.6726977967472,
    "233": 256.20752427972474,
    "234": 256.6612538717204,
    "235": 257.0934847041424,
    "236": 257.67902488886995,
    "237": 258.2621770177628,
    "238": 258.59265421703935,
    "239": 259.0723196380874,
    "240": 259.50743993073945,
    "241": 259.99607248090166,
    "242": 260.56365165748167,
    "243": 261.3602309996704,
    "244": 261.9775896050148,
    "245": 262.2452093787047,
    "246": 262.7739820388246,
    "247": 263.4978944071779,
    "248": 263.98305420326597,
    "249": 264.1028595719423,
    "250": 264.8696315122378,
    "251": 265.3194189492532,
    "252": 265.9574562489444,
    "253": 266.7057695266704,
    "254": 266.86528098565105,
    "255": 267.5891933540044,
    "256": 269.95310572235763,
    "257": 270.717018090711,
    "258": 271.5013956885964,
    "259": 272.22248428274173,
    "260": 272.62875519577096,
    "261": 273.17266756412425,
    "262": 273.9848698987163,
    "263": 274.40786399910803,
    "264": 274.8936902722051,
    "265": 275.7366340750749,
    "266": 276.61611470294537,
    "267": 277.35614177424407,
    "268": 278.6842057418699,