{
    "1": 4.360000000000006,
    "2": 5.985868552529965,
    "3": 8.424671381324904,
    "4": 9.779561841766537,
    "5": 12.861248919853544,
    "6": 13.948744177047278,
    "7": 16.58485337063084,
    "8": 18.631459374195526,
    "9": 19.395371742548836,
    "10": 20.516706910149853,
    "11": 22.18319647925545,
    "12": 24.826085040934892,
    "13": 26.713310323002734,
    "14": 29.33509401168444,
    "15": 30.709824044757006,
    "16": 31.713736413110315,
    "17": 33.6590624410736,
    "18": 35.45253924190526,
    "19": 36.52467741538785,
    "20": 38.32324822790393,
    "21": 39.579218556055295,
    "22": 41.54534758990016,
    "23": 42.625035359936774,
    "24": 43.554473864145045,
    "25": 47.00858948859677,
    "26": 48.80257467562812,
    "27": 49.957465136069764,
    "28": 51.22137750442307,
    "29": 52.26768847838313,
    "30": 54.39783468963109,
    "31": 55.294661592369536,
    "32": 57.41696999857347,
    "33": 58.75838457641042,
    "34": 62.32876408289622,
    "35": 63.4922557721223,
    "36": 66.09904619173564,
    "37": 68.19446997807734,
    "38": 69.85126020092774,
    "39": 71.01356437672885,
    "40": 73.99495349016432,
    "41": 76.11700080836768,
    "42": 77.41315773335673,
    "43": 78.92353723984253,
    "44": 80.93026679412532,
    "45": 82.26429625281412,
    "46": 83.23467575929992,
    "47": 84.2650552657857,
    "48": 85.19589129504436,
    "49": 86.1858142787573,
    "50": 86.92972664711061,
    "51": 87.58841099183269,
    "52": 88.10607343520186,
    "53": 88.50464672037201,
    "54": 89.03165504508331,
    "55": 89.73247145707862,
    "56": 90.49638382543193,
    "57": 91.39235543254229,
    "58": 92.35822398507224,
    "59": 93.17909902258017,
    "60": 94.10021594730689,
    "61": 94.9103856389302,
    "62": 97.70385061758962,
    "63": 98.69874107803125,
    "64": 100.4987719534131,
    "65": 101.7476778039946,
    "66": 104.77345248421386,
    "67": 106.13891006458742,
    "68": 108.3894414392552,
    "69": 109.76433189969683,
    "70": 110.96412213402508,
    "71": 112.09215663640343,
    "72": 113.89352354842254,
    "73": 115.8354797325992,
    "74": 118.4652420265925,
    "75": 119.25111057912245,
    "76": 119.98465275443495,
    "77": 120.57725562946918,
    "78": 121.89443367531823,
    "79": 122.83834604367152,
    "80": 123.99323650411316,
    "81": 125.30572330869971,
    "82": 126.28085506607135,
    "83": 128.11347442327965,
    "84": 129.3198640696147,
    "85": 132.3891126156187,
    "86": 135.8832218944662,
    "87": 136.75950612506577,
    "88": 138.32146958947055,
    "89": 140.31830895386074,
    "90": 141.78222132221404,
    "91": 142.90920053585103,
    "92": 144.37004605892065,
    "93": 146.02493651936229,
    "94": 146.80038844280182,
    "95": 148.5261754371006,
    "96": 149.58765171651052,
    "97": 150.66254217695217,
    "98": 151.24645454530548,
    "99": 152.13036691365878,
    "100": 153.3285585640242,
    "101": 155.17900369094448,
    "102": 156.32878064377547,
    "103": 156.99699447916035,
    "104": 158.16493264969148,
    "105": 159.51619572007849,
    "106": 160.73068776839693,
    "107": 162.227809520374,
    "108": 163.04949059719186,
    "109": 163.80670148277258,
    "110": 164.81731533389848,
    "111": 166.1812277022518,
    "112": 167.2451400706051,
    "113": 170.15296480731172,
    "114": 170.896877175665,
    "115": 175.0762673417821,
    "116": 176.63205166338454,
    "117": 177.7480156951224,
    "118": 179.53192806347573,
    "119": 315.97168086365804,
    "120": 316.8065713240997,
    "121": 317.94146178454133,
    "122": 318.7363522449829,
    "123": 319.49124270542455,
    "124": 320.1461331658662,
    "125": 321.06247165384156,
    "126": 321.5908624381222,
    "127": 322.23080454719116,
    "128": 322.8656950076327,
    "129": 323.6805854680744,
    "130": 324.3961545392386,
    "131": 325.07567953058924,
    "132": 325.78173476030173,
    "133": 326.3641325788568,
    "134": 327.0709775723063,
    "135": 327.7548877992231,
    "136": 328.40270829896815,
    "137": 329.1157236940271,
    "138": 329.92947744523025,
    "139": 330.59369404349445,
    "140": 331.1921902664662,
    "141": 331.66687606887353,
    "142": 332.4444571343776,
    "143": 333.1290519142573,
    "144": 333.5983714260885,
    "145": 334.2123753301928,
    "146": 334.7903945096586,
    "147": 335.62235069383524,
    "148": 336.28861375602384,
    "149": 336.867384143532,
    "150": 337.44693154781913,
    "151": 337.9722982319212,
    "152": 338.60426322943704,
    "153": 339.1200438994476,
    "154": 339.65523083734104,
    "155": 340.1584003010472,
    "156": 340.70811008393576,
    "157": 341.22710378916196,
    "158": 341.74354470043664,
    "159": 342.33956225988777,
    "160": 342.8297603886724,
    "161": 343.2809004904316,
    "162": 343.961693456485,
    "163": 344.35475913758813,
    "164": 344.84024232993534,
    "165": 345.33512401803006,
    "166": 345.84080727727667,
    "167": 346.3714743773683,
    "168": 347.5737222461799,
    "169": 348.55908288802055,
    "170": 349.2057892636312,
    "171": 349.9992991140749,
    "172": 350.7500084772025,
    "173": 351.4082725723964,
    "174": 351.97420119992586,
    "175": 352.54549641973466,
    "176": 353.14724010487464,
    "177": 353.5337450706789,
    "178": 354.0706931629804,
    "179": 354.69494858748817,
    "180": 355.3975714437971,
    "181": 355.9688609558415,
    "182": 356.41114399602543,
    "183": 357.1627733241948,
    "184": 357.68472950837145,
    "185": 358.2193371385096,
    "186": 358.74411835289754,
    "187": 359.29665786699155,
    "188": 359.7589575943109,
    "189": 360.3290208585094,
    "190": 361.11750635790196,
    "191": 363.31684559521597,
    "192": 365.021136945354,
    "193": 365.80700549788395,
    "194": 367.762874050414,
    "195": 369.0724950686293,
    "196": 369.7631559575714,
    "197": 370.1622238637351,
    "198": 370.68442321736893,
    "199": 371.03798457214725,
    "200": 371.54926105684643,
    "201": 372.00470709707463,
    "202": 372.42998816471027,
    "203": 372.8575176061823,
    "204": 373.3547742981712,
    "205": 374.007228438473,
    "206": 374.65091207484863,
    "207": 375.1796271375422,
    "208": 375.6525853614945,
    "209": 376.26090233836334,
    "210": 377.0111805939288,
    "211": 377.8750929622822,
    "212": 378.5603126120114,
    "213": 379.18965086715065,
    "214": 379.73652745252684,
    "215": 380.1241310703411,
    "216": 380.83210156574097,
    "217": 381.40699702068144,
    "218": 381.853669476004,
    "219": 382.36639190910864,
    "220": 383.090304277462,
    "221": 383.85421664581526,
    "222": 384.0990645070843,
    "223": 384.6820413825219,
    "224": 385.2859537508752,
    "225": 385.7674263655757,
    "226": 386.36896025552943,
    "227": 386.90107634237404,
    "228": 387.43328257943074,
    "229": 387.9649640333775,
    "230": 388.53401970088754,
    "231": 389.09134158863105,
    "232": 389.5572526977017,
    "233": 390.10116506605493,
    "234": 390.64079258892457,
    "235": 390.9933484704142,
    "236": 391.54645108555746,
    "237": 392.03345163157456,
    "238": 392.49268722893856,
    "239": 393.09231963808736,
    "240": 393.46884824003763,
    "241": 394.0124640128814,
    "242": 394.6246474516742,
    "243": 395.140288749588,
    "244": 395.7874501788083,
    "245": 396.3471824205447,
    "246": 396.8339820388246,
    "247": 397.377641986584,
    "248": 397.85653575920156,
    "249": 398.34457361474807,
    "250": 398.99555781468536,
    "251": 399.6930961432828,
    "252": 400.3974562489444,
    "253": 401.0613686172978,
    "254": 401.6077832180904,
    "255": 402.16307247762234,
    "256": 402.73310572235766,
    "257": 403.2939126634977,
    "258": 403.75911655087714,
    "259": 404.2809685654835,
    "260": 404.77187967619386,
    "261": 405.3326675641243,
    "262": 406.06486989871627,
    "263": 406.621134764565,
    "264": 407.1995237353473,
    "265": 407.7841585187688,
    "266": 408.31945864453303,