{
    "1": 0.0,
    "2": 5.94,
    "3": 9.71,
    "4": 11.88,
    "5": 15.33,
    "6": 17.23,
    "7": 20.730000000000004,
    "8": 23.715,
    "9": 26.63,
    "10": 29.369999999999997,
    "11": 31.034999999999997,
    "12": 32.215,
    "13": 35.145,
    "14": 36.7775,
    "15": 38.592499999999994,
    "16": 40.4575,
    "17": 42.2475,
    "18": 43.67,
    "19": 45.355000000000004,
    "20": 47.465,
    "21": 49.089999999999996,
    "22": 50.63249999999999,
    "23": 52.10249999999999,
    "24": 54.2775,
    "25": 61.24895833333332,
    "26": 63.99989583333333,
    "27": 66.13958333333333,
    "28": 68.04979166666666,
    "29": 69.4275,
    "30": 70.99239583333333,
    "31": 72.97239583333334,
    "32": 74.75239583333334,
    "33": 76.390625,
    "34": 78.04333333333334,
    "35": 79.34979166666666,
    "36": 82.33583333333333,
    "37": 83.76968749999999,
    "38": 85.12781249999999,
    "39": 86.56671874999999,
    "40": 88.1179375,
    "41": 89.54968749999999,
    "42": 90.89479166666666,
    "43": 92.42375,
    "44": 93.97927083333333,
    "45": 95.41979166666667,
    "46": 96.77479166666667,
    "47": 98.16979166666667,
    "48": 99.60479166666667,
    "49": 101.06927083333332,
    "50": 102.39697916666664,
    "51": 104.31593749999999,
    "52": 105.90552083333331,
    "53": 107.35593749999998,
    "54": 108.83749999999998,
    "55": 110.25593749999999,
    "56": 111.73510416666664,
    "57": 113.55343749999996,
    "58": 116.73583333333328,
    "59": 118.62354166666664,
    "60": 119.63395833333331,
    "61": 120.55339583333333,
    "62": 125.14124999999997,
    "63": 126.94708333333325,
    "64": 130.50145833333332,
    "65": 132.2789583333333,
    "66": 136.03072916666662,
    "67": 137.53645833333331,
    "68": 141.83645833333333,
    "69": 143.84645833333332,
    "70": 145.84645833333332,
    "71": 146.88104166666665,
    "72": 148.9764583333333,
    "73": 150.2964583333333,
    "74": 151.72375,
    "75": 153.0764583333333,
    "76": 154.99291666666662,
    "77": 156.55645833333332,
    "78": 157.89104166666664,
    "79": 159.42562499999997,
    "80": 161.36427083333328,
    "81": 162.80697916666665,
    "82": 163.9764583333333,
    "83": 165.34937499999995,
    "84": 167.15645833333332,
    "85": 171.50874999999996,
    "86": 178.71312499999996,
    "87": 180.31395833333332,
    "88": 182.70791666666662,
    "89": 184.16229166666665,
    "90": 186.40395833333332,
    "91": 188.1639583333333,
    "92": 189.70395833333333,
    "93": 191.1939583333333,
    "94": 193.08791666666662,
    "95": 195.0959375,
    "96": 196.71510416666663,
    "97": 198.90874999999997,
    "98": 201.80697916666665,
    "99": 204.30697916666665,
    "100": 205.88697916666666,
    "101": 207.26624999999999,
    "102": 209.3575,
    "103": 211.40395833333332,
    "104": 213.06697916666667,
    "105": 214.69968749999995,
    "106": 216.64947916666665,
    "107": 218.58697916666665,
    "108": 220.94697916666667,
    "109": 223.16697916666666,
    "110": 224.40697916666664,
    "111": 226.82697916666666,
    "112": 228.92697916666665,
    "113": 232.82697916666666,
    "114": 234.86697916666665,
    "115": 238.1989583333333,
    "116": 240.2589583333333,
    "117": 243.69041666666652,
    "118": 251.15895833333332,
    "119": 252.15895833333332,
    "120": 253.36895833333332,
    "121": 254.31854166666665,
    "122": 255.23447916666666,
    "123": 256.13895833333333,
    "124": 257.09916666666663,
    "125": 258.03833333333336,
    "126": 258.9344791666667,
    "127": 259.8389583333333,
    "128": 260.74895833333335,
    "129": 261.6789583333333,
    "130": 262.51447916666666,
    "131": 263.31895833333334,
    "132": 264.2289583333333,
    "133": 265.17875,
    "134": 265.9944791666667,
    "135": 266.763125,
    "136": 267.5289583333333,
    "137": 268.53486458333333,
    "138": 269.3597916666667,
    "139": 269.9189583333333,
    "140": 270.80685416666665,
    "141": 271.84411458333335,
    "142": 272.47447916666664,
    "143": 273.75895833333334,
    "144": 274.749375,
    "145": 275.6590625,
    "146": 276.4589583333333,
    "147": 277.3389583333333,
    "148": 278.0791145833333,
    "149": 278.9189583333333,
    "150": 279.6589583333333,
    "151": 280.5589583333333,
    "152": 281.3589583333333,
    "153": 282.2284895833333,
    "154": 282.9789583333333,
    "155": 283.79942708333334,
    "156": 284.6789583333333,
    "157": 285.49442708333333,
    "158": 286.2189583333333,
    "159": 287.0722395833333,
    "160": 287.9989583333333,
    "161": 288.57895833333333,
    "162": 289.51895833333333,
    "163": 290.13895833333333,
    "164": 291.13895833333333,
    "165": 291.7392708333333,
    "166": 292.39909374999996,
    "167": 293.17909375,
    "168": 294.01895833333333,
    "169": 294.9789583333333,
    "170": 295.6033229166666,
    "171": 296.01909374999997,
    "172": 296.7894791666667,
    "173": 297.4989583333333,
    "174": 297.95894791666666,
    "175": 298.6696875,
    "176": 299.3633333333333,
    "177": 300.07895833333333,
    "178": 301.19895833333334,
    "179": 302.2789583333333,
    "180": 303.9589583333333,
    "181": 305.13895833333333,
    "182": 306.1789583333333,
    "183": 307.1292708333333,
    "184": 308.03067708333333,
    "185": 308.8538541666666,
    "186": 309.55970833333333,
    "187": 310.4789583333333,
    "188": 311.51895833333333,
    "189": 312.4789583333333,
    "190": 313.27265625,
    "191": 313.9797916666667,
    "192": 314.80760416666664,
    "193": 315.55685416666665,
    "194": 316.4789583333333,
    "195": 317.5389583333333,
    "196": 318.4892708333333,
    "197": 319.2544270833333,
    "198": 319.91788541666665,
    "199": 320.8789583333333,
    "200": 321.47265625,
    "201": 322.09942708333335,
    "202": 322.77937499999996,
    "203": 323.6395833333333,
    "204": 324.3991145833333,
    "205": 325.09948958333337,
    "206": 325.81265625,
    "207": 326.4791666666667,
    "208": 327.1993020833333,
    "209": 327.8591354166667,
    "210": 328.6189583333333,
    "211": 329.3789583333333,
    "212": 330.2189583333333,
    "213": 330.7798541666666,
    "214": 331.57895833333333,
    "215": 332.1189583333333,
    "216": 332.8789583333333,
    "217": 333.4399375,
    "218": 334.2247916666667,
    "219": 335.05927083333336,
    "220": 336.08958333333334,
    "221": 336.86963541666665,
    "222": 337.5996875,
    "223": 338.3196875,
    "224": 339.1078125,
    "225": 339.7758958333333,
    "226": 340.4897916666667,
    "227": 341.1666145833333,
    "228": 341.7996875,
    "229": 342.5358958333333,
    "230": 343.19291666666663,
    "231": 343.9994791666667,
    "232": 344.52486458333334,
    "233": 345.17189583333334,
    "234": 345.8447916666667,
    "235": 346.5994791666667,
    "236": 348.32364583333333,
    "237": 349.17692708333334,
    "238": 350.19947916666666,
    "239": 351.0948645833334,
    "240": 351.91963541666667,
    "241": 352.57986458333335,
    "242": 353.4499375,
    "243": 353.9794791666667,
    "244": 354.98895833333336,
    "245": 355.75540624999996,
    "246": 356.6794791666667,
    "247": 357.4598958333333,
    "248": 358.21989583333334,
    "249": 358.91291666666666,
    "250": 359.63947916666666,
    "251": 360.27947916666665,
    "252": 361.4194791666667,
    "253": 364.01947916666666,
    "254": 365.6794791666667,
    "255": 367.8594791666667,
    "256": 369.43953125,
    "257": 370.0198958333333,
    "258": 370.6918958333333,
    "259": 371.25947916666667,
    "260": 371.81947916666667,
    "261": 372.43189583333333,
    "262": 373.01092708333334,
    "263": 373.7394791666667,
    "264": 374.6194791666667,
    "265": 375.37947916666667,
    "266": 375.9194791666667,
    "267": 376.9194791666667,
    "268": 378.01895833333333,
    "269": 378.83937499999996,
    "270": 379.59895833333337,
    "271": 380.1991145833333,
    "272": 380.97945833333335,
    "273": 381.6398229166667,
    "274": 382.3989583333333,
    "275": 383.35895833333336,
    "276": 383.97094791666666,
    "277": 384.659375,