{
    "1": 19.72,
    "2": 21.561868552529962,
    "3": 24.324671381324904,
    "4": 25.85956184176654,
    "5": 29.913853716605644,
    "6": 31.988744177047277,
    "7": 36.68485337063084,
    "8": 38.691459374195524,
    "9": 41.33537174254883,
    "10": 43.05885457744343,
    "11": 44.52319647925545,
    "12": 47.17656804471766,
    "13": 52.456586130509564,
    "14": 55.445911676403696,
    "15": 58.389824044757006,
    "16": 59.24222010884269,
    "17": 61.151770735122675,
    "18": 62.83253924190526,
    "19": 64.08532256821526,
    "20": 66.78417629301934,
    "21": 68.14597204982694,
    "22": 70.30112299158347,
    "23": 71.40503535993678,
    "24": 72.93447386414503,
    "25": 76.58768421518648,
    "26": 78.22863441613063,
    "27": 80.19746513606977,
    "28": 80.96137750442307,
    "29": 82.58768847838313,
    "30": 84.37783468963109,
    "31": 85.5615741361698,
    "32": 87.58349411596879,
    "33": 88.43838457641043,
    "34": 92.50876408289622,
    "35": 93.92028232199925,
    "36": 96.66952309586782,
    "37": 98.9135483077569,
    "38": 100.67126020092773,
    "39": 102.17356437672886,
    "40": 104.61289767836149,
    "41": 107.31133387224511,
    "42": 108.71315773335674,
    "43": 110.12353723984253,
    "44": 112.05391674632833,
    "45": 113.24429625281412,
    "46": 114.51148121487986,
    "47": 115.48505526578572,
    "48": 116.93086954454303,
    "49": 118.20246570176316,
    "50": 118.94972664711062,
    "51": 119.6284109918327,
    "52": 120.0607343520187,
    "53": 120.79383640966697,
    "54": 121.20113545323518,
    "55": 121.87247145707862,
    "56": 122.89638382543193,
    "57": 123.68441467129934,
    "58": 124.80733597760837,
    "59": 126.15909902258018,
    "60": 127.01161366912018,
    "61": 127.80900088707283,
    "62": 130.8038506175896,
    "63": 132.03874107803125,
    "64": 133.8587719534131,
    "65": 134.99621718363392,
    "66": 137.9601072357925,
    "67": 139.1945867240777,
    "68": 141.1094414392552,
    "69": 142.4043318996968,
    "70": 143.50412213402507,
    "71": 144.39215663640343,
    "72": 145.67352354842254,
    "73": 146.85547973259918,
    "74": 149.08397323368385,
    "75": 149.94325865633877,
    "76": 151.19451385620894,
    "77": 152.06856512278827,
    "78": 153.62820714544551,
    "79": 154.39834604367152,
    "80": 155.47323650411315,
    "81": 156.80572330869973,
    "82": 159.55203933290812,
    "83": 160.3159517012614,
    "84": 161.49986406961472,
    "85": 166.97296926727125,
    "86": 171.2974593971512,
    "87": 172.9789134751447,
    "88": 174.6141532881544,
    "89": 176.91830895386073,
    "90": 178.93866558665684,
    "91": 180.709200535851,
    "92": 181.48219344746673,
    "93": 183.78493651936228,
    "94": 186.40884888771558,
    "95": 187.85398295705156,
    "96": 189.62765171651054,
    "97": 191.10254217695217,
    "98": 191.98607272685535,
    "99": 193.41644029639056,
    "100": 194.5142792820121,
    "101": 196.7081734333982,
    "102": 197.91401348809828,
    "103": 198.97699447916034,
    "104": 200.25826192752237,
    "105": 201.7267754000436,
    "106": 202.74137553679384,
    "107": 205.0900408119094,
    "108": 206.24949059719188,
    "109": 207.6000417793271,
    "110": 208.65194600169545,
    "111": 209.8012277022518,
    "112": 211.64011205648407,
    "113": 213.9929648073117,
    "114": 214.576877175665,
    "115": 218.43253468356423,
    "116": 219.97205166338455,
    "117": 220.6880156951224,
    "118": 222.03192806347573,
    "119": 373.35168086365803,
    "120": 374.1079427944598,
    "121": 374.9804092996716,
    "122": 375.60254089799315,
    "123": 376.31124270542455,
    "124": 376.98950128141854,
    "125": 377.82102362630786,
    "126": 378.4359140867495,
    "127": 379.19080454719114,
    "128": 379.8777058033584,
    "129": 380.5805854680744,
    "130": 381.29773796425803,
    "131": 381.9940439666749,
    "132": 382.6936797945795,
    "133": 383.37909575139656,
    "134": 384.03503777028254,
    "135": 384.77237703383173,
    "136": 385.42240934558293,
    "137": 386.14362189708976,
    "138": 386.7995996120491,
    "139": 387.4999583485688,
    "140": 388.1427349570647,
    "141": 388.829635496687,
    "142": 389.5130794758236,
    "143": 390.20606478255235,
    "144": 390.75837142608844,
    "145": 391.3579068278374,
    "146": 391.935276156761,
    "147": 392.5629402775341,
    "148": 393.11716825361435,
    "149": 393.7168609722384,
    "150": 394.3182192463652,
    "151": 394.89485612859113,
    "152": 395.36426322943703,
    "153": 395.92817559779036,
    "154": 396.5581319492155,
    "155": 397.01600033449694,
    "156": 397.72793889199517,
    "157": 398.1697923019786,
    "158": 398.7643505675791,
    "159": 399.24747471186527,
    "160": 399.8497603886724,
    "161": 400.3637898178467,
    "162": 400.94169345648504,
    "163": 401.4794584034984,
    "164": 401.9704846598707,
    "165": 402.57285541532553,
    "166": 403.0895181931917,
    "167": 403.6914743773683,
    "168": 404.58686112308993,
    "169": 405.4049281897319,
    "170": 405.9546858597966,
    "171": 406.85929911407493,
    "172": 407.5793808280768,
    "173": 408.2098579502878,
    "174": 408.78613413328395,
    "175": 409.36990788543807,
    "176": 410.0305328405515,
    "177": 410.6031086574046,
    "178": 411.1452916436427,
    "179": 411.9149485874882,
    "180": 412.592333352463,
    "181": 413.16886095584147,
    "182": 413.64098056802175,
    "183": 414.3631093296779,
    "184": 414.92472950837146,
    "185": 415.43668569254805,
    "186": 415.99437025206964,
    "187": 416.46808178942763,
    "188": 417.13255424507804,
    "189": 417.72902085850944,
    "190": 418.5993998402941,
    "191": 420.6795970951232,
    "192": 422.461136945354,
    "193": 423.4926098961911,
    "194": 426.3984333736153,
    "195": 427.29249506862925,
    "196": 427.90748520588784,
    "197": 428.654927435474,
    "198": 429.4276962521582,
    "199": 429.816087698874,
    "200": 430.288014227599,
    "201": 430.9379846393746,
    "202": 431.31396449413074,
    "203": 431.77334903282826,
    "204": 432.3069357454281,
    "205": 433.02580937608116,
    "206": 433.6319780084641,
    "207": 434.27944348886894,
    "208": 435.1233558572223,
    "209": 435.82362916092086,
    "210": 436.65118059392887,
    "211": 437.38864834038674,
    "212": 437.99190053306353,
    "213": 438.5763840353124,
    "214": 439.11809804040524,
    "215": 439.6642969742782,
    "216": 440.24479288242924,
    "217": 440.89856717240207,
    "218": 441.39123977037764,
    "219": 441.83327838182174,
    "220": 442.450304277462,
    "221": 443.17421664581525,
    "222": 443.705345154959,
    "223": 444.28257986361047,
    "224": 444.8059537508752,
    "225": 445.2998928953828,
    "226": 445.8866534185098,
    "227": 446.3968767198309,
    "228": 446.94288177335864,
    "229": 447.4688201455717,
    "230": 447.9583194872358,
    "231": 448.54000734581575,
    "232": 449.0468736060577,
    "233": 449.52116506605495,
    "234": 450.17178639417193,
    "235": 450.67831102643015,
    "236": 451.1586185849139,
    "237": 451.6968145394682,
    "238": 452.20663987958113,
    "239": 452.89231963808743,
    "240": 453.4088482400376,
    "241": 453.9124640128814,
    "242": 454.69820220997553,
    "243": 455.32025987462924,
    "244": 456.0575896050148,
    "245": 456.6457182420545,
    "246": 457.2339820388246,
    "247": 457.84273664430674,
    "248": 458.401445420425,
    "249": 459.0828595719423,
    "250": 459.7296315122378,
    "251": 460.65354388059114,
    "252": 461.8374562489444,
    "253": 462.4128211703786,
    "254": 462.94528098565104,
    "255": 463.5144353478031,
    "256": 464.08786343341455,
    "257": 464.59080723628443,
    "258": 465.1847072462865,
    "259": 465.684116403305,
    "260": 466.23187967619384,
    "261": 466.7526675641243,
    "262": 467.4862379257253,
    "263": 468.0126283017228,
    "264": 468.54440466918413,
    "265": 469.1012238817717,
    "266": 469.59945864453306,