{
    "1": 0.0,
    "2": 20.46,
    "3": 25.73,
    "4": 29.16,
    "5": 34.455,
    "6": 37.505,
    "7": 43.085,
    "8": 46.835,
    "9": 52.16499999999999,
    "10": 55.475,
    "11": 58.655,
    "12": 60.26499999999999,
    "13": 62.6225,
    "14": 64.80749999999999,
    "15": 67.01249999999999,
    "16": 69.2175,
    "17": 70.9675,
    "18": 73.035,
    "19": 74.61,
    "20": 76.735,
    "21": 78.61500000000001,
    "22": 80.69749999999999,
    "23": 82.42249999999999,
    "24": 84.2275,
    "25": 91.07437499999999,
    "26": 94.071875,
    "27": 96.68979166666666,
    "28": 98.53229166666667,
    "29": 100.31958333333333,
    "30": 102.15239583333333,
    "31": 103.81572916666666,
    "32": 105.83239583333334,
    "33": 107.51270833333332,
    "34": 109.50979166666667,
    "35": 111.13833333333332,
    "36": 113.31979166666666,
    "37": 115.10968749999999,
    "38": 116.77958333333332,
    "39": 118.62810416666666,
    "40": 120.1496875,
    "41": 121.74137499999999,
    "42": 123.29479166666667,
    "43": 124.905625,
    "44": 126.926875,
    "45": 128.35979166666667,
    "46": 129.91062499999998,
    "47": 131.26979166666666,
    "48": 132.76479166666667,
    "49": 134.4896875,
    "50": 135.8292708333333,
    "51": 137.6103125,
    "52": 138.9503125,
    "53": 140.23593749999998,
    "54": 141.57031249999997,
    "55": 142.85593749999998,
    "56": 144.19593749999999,
    "57": 145.51593749999998,
    "58": 147.20874999999998,
    "59": 149.25395833333332,
    "60": 150.71395833333332,
    "61": 151.9539583333333,
    "62": 156.63354166666664,
    "63": 159.7914583333333,
    "64": 164.030625,
    "65": 166.83041666666662,
    "66": 171.46531249999995,
    "67": 174.29833333333332,
    "68": 179.0620833333333,
    "69": 181.2264583333333,
    "70": 183.60645833333334,
    "71": 186.46645833333332,
    "72": 188.38770833333325,
    "73": 190.59104166666663,
    "74": 192.66375,
    "75": 194.29291666666663,
    "76": 196.40937499999995,
    "77": 198.2202083333333,
    "78": 200.13104166666665,
    "79": 201.6764583333333,
    "80": 203.9241666666666,
    "81": 205.8842708333333,
    "82": 207.77645833333332,
    "83": 209.2202083333333,
    "84": 211.37854166666662,
    "85": 214.98255208333333,
    "86": 221.50354166666665,
    "87": 223.1339583333333,
    "88": 225.23749999999998,
    "89": 227.24395833333332,
    "90": 228.94875,
    "91": 230.86395833333333,
    "92": 232.4470833333333,
    "93": 234.64874999999998,
    "94": 236.41249999999988,
    "95": 238.82552083333331,
    "96": 241.02072916666665,
    "97": 243.37395833333332,
    "98": 245.68697916666665,
    "99": 247.56010416666663,
    "100": 249.38697916666666,
    "101": 251.29833333333332,
    "102": 252.90937499999995,
    "103": 255.18395833333332,
    "104": 257.0669791666666,
    "105": 259.2758333333333,
    "106": 261.3638541666666,
    "107": 263.86875,
    "108": 266.11833333333334,
    "109": 269.1983333333333,
    "110": 270.46697916666665,
    "111": 272.8669791666666,
    "112": 275.64697916666665,
    "113": 278.7469791666666,
    "114": 280.72697916666664,
    "115": 284.25895833333334,
    "116": 286.31791666666663,
    "117": 289.25895833333334,
    "118": 297.01895833333333,
    "119": 302.16979166666624,
    "120": 303.38895833333333,
    "121": 304.5589583333333,
    "122": 305.60826041666667,
    "123": 306.6589583333333,
    "124": 307.76895833333333,
    "125": 308.87874999999997,
    "126": 309.93703125,
    "127": 310.9589583333333,
    "128": 312.0489583333333,
    "129": 313.1789583333333,
    "130": 314.27447916666665,
    "131": 315.3589583333333,
    "132": 316.4689583333333,
    "133": 317.5989583333333,
    "134": 318.6895833333333,
    "135": 319.6789583333333,
    "136": 320.82259375,
    "137": 321.9189583333333,
    "138": 322.95395833333333,
    "139": 324.01895833333333,
    "140": 325.10895833333336,
    "141": 326.23145833333336,
    "142": 327.21447916666665,
    "143": 328.63895833333333,
    "144": 329.75895833333334,
    "145": 330.67562499999997,
    "146": 331.5389583333333,
    "147": 332.4389583333333,
    "148": 333.31913541666665,
    "149": 334.1592708333333,
    "150": 335.0393020833333,
    "151": 335.8395833333333,
    "152": 336.7492708333333,
    "153": 337.57895833333333,
    "154": 338.4789583333333,
    "155": 339.36729166666663,
    "156": 340.2490625,
    "157": 341.0989583333333,
    "158": 341.9389583333333,
    "159": 342.8589583333333,
    "160": 343.7821354166667,
    "161": 344.43966666666665,
    "162": 345.3789583333333,
    "163": 346.0989583333333,
    "164": 347.01895833333333,
    "165": 347.6795104166667,
    "166": 348.6611458333333,
    "167": 349.2389583333333,
    "168": 350.2389583333333,
    "169": 350.94114583333334,
    "170": 351.7189583333333,
    "171": 352.3948645833333,
    "172": 353.19895833333334,
    "173": 353.83965624999996,
    "174": 354.6789583333333,
    "175": 355.295625,
    "176": 356.059375,
    "177": 356.6998229166667,
    "178": 357.7989583333333,
    "179": 358.61913541666667,
    "180": 360.53833333333336,
    "181": 362.0989583333333,
    "182": 363.31874999999997,
    "183": 364.4389583333333,
    "184": 365.4589583333333,
    "185": 366.4389583333333,
    "186": 367.2389583333333,
    "187": 368.19895833333334,
    "188": 368.9997916666667,
    "189": 369.83265625,
    "190": 370.619375,
    "191": 371.4127604166667,
    "192": 372.19895833333334,
    "193": 372.9589583333333,
    "194": 373.7789583333333,
    "195": 374.63895833333333,
    "196": 375.314875,
    "197": 376.12973958333333,
    "198": 376.81895833333334,
    "199": 377.62609375,
    "200": 378.2938541666666,
    "201": 379.07255208333333,
    "202": 379.8389583333333,
    "203": 380.5389583333333,
    "204": 381.2994791666667,
    "205": 381.999875,
    "206": 382.7592708333333,
    "207": 383.4594270833333,
    "208": 384.179375,
    "209": 384.85932291666666,
    "210": 385.57962499999996,
    "211": 386.29965625,
    "212": 387.0989583333333,
    "213": 387.7789583333333,
    "214": 388.5221354166667,
    "215": 389.15932291666667,
    "216": 389.9589583333333,
    "217": 390.6266145833333,
    "218": 391.37963541666664,
    "219": 392.1194791666667,
    "220": 392.9194791666667,
    "221": 393.71956250000005,
    "222": 394.5394791666667,
    "223": 395.1194791666667,
    "224": 395.87947916666667,
    "225": 396.7394791666667,
    "226": 397.4394791666667,
    "227": 398.07947916666666,
    "228": 398.83953125,
    "229": 399.554875,
    "230": 400.2394791666667,
    "231": 400.9794791666667,
    "232": 401.6199270833333,
    "233": 402.4466145833333,
    "234": 403.0994791666667,
    "235": 403.9066145833333,
    "236": 405.1194791666667,
    "237": 405.9194791666667,
    "238": 407.0594791666667,
    "239": 407.92958333333337,
    "240": 408.74958333333336,
    "241": 409.41991666666667,
    "242": 410.31947916666667,
    "243": 411.0196875,
    "244": 412.18895833333335,
    "245": 412.96733333333333,
    "246": 413.89947916666665,
    "247": 414.69971875,
    "248": 415.4394791666667,
    "249": 416.13972916666665,
    "250": 416.83947916666665,
    "251": 417.6794791666667,
    "252": 418.77947916666665,
    "253": 422.01947916666666,
    "254": 423.3594791666667,
    "255": 426.8594791666667,
    "256": 427.60463541666667,
    "257": 428.3594791666667,
    "258": 429.4329270833333,
    "259": 429.99975,
    "260": 430.6794791666667,
    "261": 431.3196875,
    "262": 431.9718958333333,
    "263": 432.7194791666667,
    "264": 433.5994791666667,
    "265": 434.51947916666666,
    "266": 435.4794791666667,
    "267": 436.55906250000004,
    "268": 437.4792916666667,
    "269": 438.21945833333336,
    "270": 438.99895833333335,
    "271": 439.69958333333335,
    "272": 440.47682291666666,
    "273": 441.19265624999997,
    "274": 441.83979166666666,
    "275": 442.7189583333334,
    "276": 443.51947916666666,
    "277": 444.27187499999997,
    "278": 444.9194791666667,