{
    "1": 28.404788684820247,
    "2": 29.63674176342211,
    "3": 31.484671381324905,
    "4": 32.51129894682646,
    "5": 42.1147904064958,
    "6": 43.56874417704728,
    "7": 46.80485337063084,
    "8": 48.02008624774748,
    "9": 49.635371742548834,
    "10": 50.91914093308257,
    "11": 53.188621692128336,
    "12": 54.821989814239416,
    "13": 59.82017764412474,
    "14": 62.805911676403696,
    "15": 64.50982404475701,
    "16": 65.69373641311032,
    "17": 67.5491814662445,
    "18": 69.54955493866736,
    "19": 70.40467741538784,
    "20": 72.82232016278851,
    "21": 74.12623253114182,
    "22": 75.93802138485024,
    "23": 77.20503535993677,
    "24": 78.33447386414504,
    "25": 81.88644211644757,
    "26": 83.47908961075375,
    "27": 84.91746513606977,
    "28": 86.08137750442307,
    "29": 87.28934063105149,
    "30": 88.69783468963108,
    "31": 89.53099619427715,
    "32": 91.72349411596879,
    "33": 92.91838457641042,
    "34": 95.52876408289623,
    "35": 96.966620547624,
    "36": 101.44933233421494,
    "37": 104.07539164839778,
    "38": 105.81951224111329,
    "39": 107.29356437672885,
    "40": 109.7878511685258,
    "41": 112.87700080836767,
    "42": 114.20768392004211,
    "43": 116.32353723984252,
    "44": 118.75391674632833,
    "45": 120.00429625281411,
    "46": 120.99707166761496,
    "47": 122.06505526578572,
    "48": 123.0766673837582,
    "49": 124.16581427875731,
    "50": 124.7877813176885,
    "51": 125.50841099183269,
    "52": 126.06607343520187,
    "53": 126.604646720372,
    "54": 127.26855908872531,
    "55": 128.03247145707863,
    "56": 128.75638382543193,
    "57": 129.81647391005637,
    "58": 131.13822398507224,
    "59": 131.91909902258018,
    "60": 133.06881822549357,
    "61": 133.84900088707283,
    "62": 137.1838506175896,
    "63": 138.57874107803124,
    "64": 140.6787719534131,
    "65": 142.10670405708746,
    "66": 146.20679773263527,
    "67": 147.82161670254857,
    "68": 150.58921801495725,
    "69": 152.10606465957554,
    "70": 153.62412213402504,
    "71": 154.87215663640342,
    "72": 156.67352354842254,
    "73": 157.7754797325992,
    "74": 160.6252420265925,
    "75": 161.53111057912247,
    "76": 162.50465275443494,
    "77": 163.26856512278826,
    "78": 165.71443367531822,
    "79": 166.8183460436715,
    "80": 167.87323650411315,
    "81": 170.28572330869972,
    "82": 172.3920393329081,
    "83": 173.21595170126142,
    "84": 174.49986406961472,
    "85": 178.02385665165255,
    "86": 180.9489843917812,
    "87": 182.83950612506578,
    "88": 184.08587835788225,
    "89": 185.87830895386074,
    "90": 187.20222132221403,
    "91": 188.709200535851,
    "92": 189.48219344746673,
    "93": 191.38493651936227,
    "94": 194.25617243646604,
    "95": 197.08471378373457,
    "96": 198.12107652274005,
    "97": 199.5825421769522,
    "98": 200.44645454530547,
    "99": 201.79539427190343,
    "100": 203.44338740487743,
    "101": 205.2675092273612,
    "102": 206.66616422161405,
    "103": 207.6477922708245,
    "104": 209.2646389154428,
    "105": 210.45884064006978,
    "106": 211.23068776839693,
    "107": 213.227809520374,
    "108": 214.26949059719186,
    "109": 215.21346563453582,
    "110": 216.37731533389848,
    "111": 217.91185729441145,
    "112": 220.21016808472612,
    "113": 222.37652257608576,
    "114": 223.40025261079802,
    "115": 226.36019095841579,
    "116": 227.50928563581476,
    "117": 231.26250672683233,
    "118": 233.8119280634757,
    "119": 377.73334469092646,
    "120": 378.5865713240997,
    "121": 379.6014617845413,
    "122": 380.41127044899656,
    "123": 381.3312427054246,
    "124": 382.1095198492796,
    "125": 383.1210236263079,
    "126": 384.0759140867495,
    "127": 384.8908045471911,
    "128": 385.71570850228983,
    "129": 386.6005854680744,
    "130": 387.3772855571096,
    "131": 388.19036638895767,
    "132": 389.04420547951946,
    "133": 389.83052374026636,
    "134": 390.59503777028254,
    "135": 391.5049641153621,
    "136": 392.2024093455829,
    "137": 393.09579640612526,
    "138": 393.88497949566386,
    "139": 394.6530634478439,
    "140": 395.4377522131729,
    "141": 396.21162091655447,
    "142": 396.9979130176709,
    "143": 397.80606478255237,
    "144": 398.4129642826106,
    "145": 399.05311286321205,
    "146": 399.7303945096586,
    "147": 400.50235069383524,
    "148": 400.96861375602384,
    "149": 401.6762630621886,
    "150": 402.2582192463652,
    "151": 402.8348561285911,
    "152": 403.48426322943703,
    "153": 404.1219127700776,
    "154": 404.77329676275804,
    "155": 405.3808002675975,
    "156": 405.99592143256524,
    "157": 406.58826227349715,
    "158": 407.2616061593354,
    "159": 408.0274747118653,
    "160": 408.66658287572295,
    "161": 409.3735270901551,
    "162": 410.16169345648507,
    "163": 410.61983942505873,
    "164": 411.35560582483834,
    "165": 412.024537205409,
    "166": 412.62951819319164,
    "167": 413.6714743773683,
    "168": 414.75235002156194,
    "169": 415.93323758630925,
    "170": 416.7546858597966,
    "171": 417.6392991140749,
    "172": 418.4025105965032,
    "173": 419.1796344472847,
    "174": 419.8413017998888,
    "175": 420.5488229314068,
    "176": 421.14724010487464,
    "177": 421.90310865740463,
    "178": 422.565984806623,
    "179": 423.39494858748816,
    "180": 424.1159524063285,
    "181": 424.7688609558415,
    "182": 425.28163428003626,
    "183": 425.9827733241948,
    "184": 426.6880080328463,
    "185": 427.29767998478366,
    "186": 427.9572837534495,
    "187": 428.6263588365408,
    "188": 429.29255424507807,
    "189": 429.8890208585094,
    "190": 430.59422654954903,
    "191": 431.236845595216,
    "192": 435.461136945354,
    "193": 436.38700549788393,
    "194": 438.7132206319043,
    "195": 440.31249506862923,
    "196": 440.94604818068086,
    "197": 441.55047970800376,
    "198": 442.09018089563205,
    "199": 442.5701031267268,
    "200": 443.1112056910396,
    "201": 443.63798463937457,
    "202": 444.12418343059437,
    "203": 444.6037940154557,
    "204": 445.147706383809,
    "205": 445.78580937608115,
    "206": 446.45979120338563,
    "207": 446.87949913998204,
    "208": 447.48335585722225,
    "209": 448.14090233836333,
    "210": 448.90941671271463,
    "211": 449.7350929622822,
    "212": 450.4927335715258,
    "213": 451.08291769898887,
    "214": 451.69151307407634,
    "215": 452.36118166792653,
    "216": 452.8847928824292,
    "217": 453.6385671724021,
    "218": 454.25123977037765,
    "219": 454.9463919091087,
    "220": 455.710304277462,
    "221": 456.43421664581524,
    "222": 456.9190645070843,
    "223": 457.5620413825219,
    "224": 458.1059537508752,
    "225": 458.70698661192284,
    "226": 459.2537784875818,
    "227": 459.8976908559351,
    "228": 460.55328257943074,
    "229": 461.0855155926417,
    "230": 461.78942796099506,
    "231": 462.38000314820675,
    "232": 462.9972526977017,
    "233": 463.64116506605495,
    "234": 464.2772817481074,
    "235": 464.93348470414236,
    "236": 465.81406303956084,
    "237": 466.44667258157875,
    "238": 466.84072690782153,
    "239": 467.5375886769497,
    "240": 468.1285516445281,
    "241": 469.0124640128814,
    "242": 469.8763763812347,
    "243": 470.56028874958804,
    "244": 471.3575896050148,
    "245": 471.999091578383,
    "246": 472.753877844659,
    "247": 473.33789440717794,
    "248": 473.9018067755312,
    "249": 474.64285957194227,
    "250": 475.44963151223783,
    "251": 476.59546674624625,
    "252": 477.7774562489444,
    "253": 478.4977359523572,
    "254": 479.10528098565106,
    "255": 479.8018143509037,
    "256": 480.4131057223576,
    "257": 481.0262108544266,
    "258": 481.66139568859643,
    "259": 482.3432446943698,
    "260": 482.96875519577094,
    "261": 483.5594008077118,
    "262": 484.3048698987163,
    "263": 484.8926283017228,
    "264": 485.50440466918417,
    "265": 486.17506948190686,
    "266": 486.80566882176726,