{
    "1": 3.2000000000000015,
    "2": 5.804000000000001,
    "3": 9.71,
    "4": 11.88,
    "5": 15.33,
    "6": 17.23,
    "7": 20.730000000000004,
    "8": 23.715,
    "9": 27.875,
    "10": 30.009999999999998,
    "11": 31.715,
    "12": 34.16250000000001,
    "13": 35.7725,
    "14": 37.62,
    "15": 39.385,
    "16": 41.43,
    "17": 42.765,
    "18": 44.595000000000006,
    "19": 46.095,
    "20": 48.295,
    "21": 49.695,
    "22": 51.445,
    "23": 53.66,
    "24": 54.765,
    "25": 62.78593750000001,
    "26": 65.10729166666667,
    "27": 67.58593750000001,
    "28": 69.01177083333334,
    "29": 70.24593750000001,
    "30": 72.26083333333337,
    "31": 74.11229166666668,
    "32": 75.67229166666667,
    "33": 77.23635416666667,
    "34": 79.03729166666668,
    "35": 81.07750000000001,
    "36": 82.94729166666667,
    "37": 84.59095833333335,
    "38": 86.24729166666667,
    "39": 87.85729166666667,
    "40": 89.02973958333334,
    "41": 90.95729166666668,
    "42": 92.49229166666667,
    "43": 94.05020833333334,
    "44": 95.48229166666667,
    "45": 96.83729166666667,
    "46": 98.23875000000001,
    "47": 99.67020833333333,
    "48": 101.28802083333333,
    "49": 103.16447916666668,
    "50": 105.07864583333333,
    "51": 106.60145833333334,
    "52": 107.96072916666668,
    "53": 109.53302083333334,
    "54": 110.96072916666668,
    "55": 112.46072916666668,
    "56": 114.76468750000004,
    "57": 117.50072916666667,
    "58": 119.07145833333334,
    "59": 120.07145833333334,
    "60": 120.85145833333334,
    "61": 122.07145833333334,
    "62": 127.71895833333333,
    "63": 129.46895833333332,
    "64": 132.83729166666666,
    "65": 134.65447916666668,
    "66": 138.25833333333333,
    "67": 140.6775,
    "68": 144.25583333333333,
    "69": 146.2959375,
    "70": 147.67395833333333,
    "71": 149.61395833333333,
    "72": 150.86186458333333,
    "73": 151.92395833333333,
    "74": 154.65593750000002,
    "75": 156.1359375,
    "76": 157.0559375,
    "77": 158.59593750000002,
    "78": 160.60395833333334,
    "79": 162.70072916666666,
    "80": 164.96072916666665,
    "81": 166.8559375,
    "82": 169.41395833333334,
    "83": 170.47395833333334,
    "84": 171.50875,
    "85": 178.600625,
    "86": 180.25145833333335,
    "87": 182.58291666666668,
    "88": 183.75145833333335,
    "89": 186.34145833333335,
    "90": 188.10145833333334,
    "91": 189.61833333333334,
    "92": 190.88145833333334,
    "93": 192.96291666666667,
    "94": 194.43145833333332,
    "95": 197.594375,
    "96": 200.61145833333333,
    "97": 204.98718749999998,
    "98": 206.3580208333333,
    "99": 207.73572916666666,
    "100": 209.76447916666652,
    "101": 211.92145833333333,
    "102": 213.24145833333333,
    "103": 214.45833333333334,
    "104": 217.83572916666665,
    "105": 220.5752083333333,
    "106": 222.30145833333333,
    "107": 225.450625,
    "108": 228.6014583333333,
    "109": 229.89374999999998,
    "110": 231.96729166666663,
    "111": 234.28145833333332,
    "112": 235.54145833333334,
    "113": 239.79833333333332,
    "114": 242.00145833333332,
    "115": 251.88968749999998,
    "116": 252.95164583333334,
    "117": 253.692125,
    "118": 254.54968749999998,
    "119": 255.54645833333333,
    "120": 256.71965625,
    "121": 257.7121041666667,
    "122": 258.8946979166667,
    "123": 259.87807291666667,
    "124": 261.01374999999996,
    "125": 262.0029375,
    "126": 263.07371875,
    "127": 264.1664583333333,
    "128": 265.3595416666667,
    "129": 266.13332291666666,
    "130": 267.10698958333336,
    "131": 268.32645833333333,
    "132": 269.32968750000003,
    "133": 270.035125,
    "134": 271.0896875,
    "135": 272.08903125,
    "136": 272.95645833333333,
    "137": 274.5496875,
    "138": 275.60281249999997,
    "139": 276.6464583333333,
    "140": 277.72510416666665,
    "141": 278.65781250000003,
    "142": 279.5964583333333,
    "143": 280.795625,
    "144": 281.5464583333333,
    "145": 282.3464583333333,
    "146": 283.1664583333333,
    "147": 284.0210416666667,
    "148": 284.791875,
    "149": 285.6664583333333,
    "150": 286.4064583333333,
    "151": 287.24645833333335,
    "152": 288.0832291666666,
    "153": 288.76645833333333,
    "154": 289.6089166666667,
    "155": 290.32645833333333,
    "156": 291.2099166666667,
    "157": 291.9264583333333,
    "158": 292.56645833333334,
    "159": 293.3664583333333,
    "160": 294.1664583333333,
    "161": 295.15781250000003,
    "162": 295.67112499999996,
    "163": 296.18645833333335,
    "164": 296.8884895833333,
    "165": 297.68645833333335,
    "166": 298.091875,
    "167": 298.7864583333333,
    "168": 299.4864583333333,
    "169": 300.30104166666666,
    "170": 301.38645833333334,
    "171": 302.69125,
    "172": 304.1464583333333,
    "173": 305.36104166666667,
    "174": 306.3664583333333,
    "175": 307.2864583333333,
    "176": 308.1305208333333,
    "177": 308.9864583333333,
    "178": 309.7091666666667,
    "179": 310.68645833333335,
    "180": 311.70645833333333,
    "181": 312.62916666666666,
    "182": 313.38821874999996,
    "183": 314.131875,
    "184": 314.9264583333333,
    "185": 315.7264583333333,
    "186": 316.62236458333336,
    "187": 317.7264583333333,
    "188": 318.61484375,
    "189": 319.3979270833333,
    "190": 320.06916666666666,
    "191": 321.05003124999996,
    "192": 321.59792708333333,
    "193": 322.2864583333333,
    "194": 322.952625,
    "195": 323.82645833333333,
    "196": 324.53458333333333,
    "197": 325.251875,
    "198": 325.94916666666666,
    "199": 326.6305208333333,
    "200": 327.351875,
    "201": 328.0078125,
    "202": 328.73176041666665,
    "203": 329.56645833333334,
    "204": 330.3145833333333,
    "205": 330.94916666666666,
    "206": 331.61078125,
    "207": 332.2891666666667,
    "208": 332.99446875,
    "209": 333.6091666666667,
    "210": 334.32755208333333,
    "211": 335.28104166666674,
    "212": 336.24645833333335,
    "213": 337.00322916666664,
    "214": 337.7505208333333,
    "215": 338.50645833333334,
    "216": 339.20821875,
    "217": 339.9291666666667,
    "218": 340.611875,
    "219": 341.2725520833333,
    "220": 341.9691666666667,
    "221": 342.6878125,
    "222": 343.29628125,
    "223": 344.10326041666667,
    "224": 344.62916666666666,
    "225": 345.30916666666667,
    "226": 345.93458333333336,
    "227": 347.14854166666674,
    "228": 348.44645833333334,
    "229": 349.3810416666667,
    "230": 350.38645833333334,
    "231": 351.26645833333333,
    "232": 352.031875,
    "233": 352.72645833333337,
    "234": 353.51717708333337,
    "235": 354.08890625000004,
    "236": 354.92645833333336,
    "237": 355.74978125,
    "238": 356.4032291666667,
    "239": 357.3206354166667,
    "240": 358.04645833333336,
    "241": 358.69112500000006,
    "242": 359.37458333333336,
    "243": 360.0379270833334,
    "244": 361.3882291666667,
    "245": 363.9882291666667,
    "246": 365.9296875,
    "247": 368.0896875,
    "248": 369.5964583333334,
    "249": 370.18052083333333,
    "250": 370.78593750000005,
    "251": 371.36390625,
    "252": 371.9874375,
    "253": 372.56311458333334,
    "254": 373.1351041666667,
    "255": 373.95671875000005,
    "256": 374.81334375,
    "257": 375.49469791666667,
    "258": 376.1496875,
    "259": 377.1496875,
    "260": 378.2496875,
    "261": 379.0523958333334,
    "262": 379.7674375,
    "263": 380.4296875,
    "264": 381.20968750000003,
    "265": 381.8376979166667,
    "266": 382.5923958333334,
    "267": 383.5896875,
    "268": 384.05740625,
    "269": 384.88968750000004,
    "270": 385.55402083333337,
    "271": 386.31171875,
    "272": 387.0094270833333,
    "273": 387.7923958333334,
    "274": 388.4564583333334,
    "275": 389.1540208333334,
    "276": 389.74089583333335,
    "277": 390.4696875,
    "278": 390.99296875,
    "279": 391.7310416666667,
    "280": 392.35213541666667,
    "281": 393.0496875,
    "282": 393.56360416666666,
    "283": 394.4323958333334,