{
    "1": 15.440000000000001,
    "2": 19.556,
    "3": 25.73,
    "4": 29.16,
    "5": 34.455,
    "6": 37.505,
    "7": 43.085,
    "8": 46.835,
    "9": 54.145,
    "10": 56.605,
    "11": 59.245,
    "12": 61.5625,
    "13": 63.152499999999996,
    "14": 65.825,
    "15": 67.89,
    "16": 70.07,
    "17": 71.545,
    "18": 73.72,
    "19": 75.11500000000001,
    "20": 77.72,
    "21": 79.53,
    "22": 81.57,
    "23": 83.565,
    "24": 84.74499999999999,
    "25": 92.91468750000001,
    "26": 95.82729166666667,
    "27": 97.74593750000001,
    "28": 99.81177083333334,
    "29": 101.14614583333335,
    "30": 103.21229166666667,
    "31": 104.83875,
    "32": 106.73229166666667,
    "33": 108.5434375,
    "34": 110.23729166666668,
    "35": 112.11729166666667,
    "36": 114.16729166666667,
    "37": 115.89729166666667,
    "38": 118.30729166666667,
    "39": 119.86291666666666,
    "40": 121.194375,
    "41": 123.35729166666667,
    "42": 125.1085416666667,
    "43": 126.96875,
    "44": 128.42229166666667,
    "45": 129.98874999999998,
    "46": 131.37104166666668,
    "47": 132.83895833333335,
    "48": 134.58343750000003,
    "49": 136.61885416666667,
    "50": 138.23864583333332,
    "51": 139.56072916666668,
    "52": 140.84072916666668,
    "53": 142.176875,
    "54": 143.50072916666667,
    "55": 144.77302083333333,
    "56": 146.11302083333334,
    "57": 147.50218750000002,
    "58": 149.73375000000001,
    "59": 151.31375,
    "60": 152.53145833333335,
    "61": 153.83145833333333,
    "62": 159.9789583333333,
    "63": 161.68812499999999,
    "64": 167.31895833333334,
    "65": 168.93447916666668,
    "66": 174.543125,
    "67": 177.54375,
    "68": 181.41395833333334,
    "69": 185.45427083333334,
    "70": 187.59395833333335,
    "71": 189.65395833333335,
    "72": 191.42395833333333,
    "73": 192.940625,
    "74": 195.97593750000001,
    "75": 197.71593750000002,
    "76": 199.03593750000002,
    "77": 200.4813541666667,
    "78": 202.411875,
    "79": 205.76552083333334,
    "80": 208.79833333333332,
    "81": 210.97593750000001,
    "82": 212.67395833333333,
    "83": 214.284375,
    "84": 214.98255208333333,
    "85": 221.41604166666667,
    "86": 223.07145833333334,
    "87": 225.0875,
    "88": 226.87145833333335,
    "89": 228.77354166666666,
    "90": 230.80145833333336,
    "91": 232.34145833333335,
    "92": 234.22145833333335,
    "93": 235.9625,
    "94": 238.12979166666668,
    "95": 242.11145833333333,
    "96": 244.97375000000002,
    "97": 248.55572916666665,
    "98": 250.11572916666665,
    "99": 251.85572916666666,
    "100": 253.6432291666666,
    "101": 255.90291666666664,
    "102": 257.41833333333335,
    "103": 259.0720833333333,
    "104": 262.6557291666666,
    "105": 264.7414583333333,
    "106": 267.5352083333333,
    "107": 272.3320833333333,
    "108": 275.04604166666667,
    "109": 276.44145833333334,
    "110": 278.2520833333333,
    "111": 279.56145833333335,
    "112": 281.7414583333333,
    "113": 285.6275,
    "114": 288.82145833333334,
    "115": 299.1296875,
    "116": 302.8496875,
    "117": 303.8480729166667,
    "118": 304.7896875,
    "119": 305.8464583333333,
    "120": 307.27014583333334,
    "121": 308.5464583333333,
    "122": 309.89671875,
    "123": 311.05322916666665,
    "124": 312.4631145833333,
    "125": 313.72052083333335,
    "126": 315.0896875,
    "127": 316.4064583333333,
    "128": 317.80115625,
    "129": 318.9864583333333,
    "130": 320.3096875,
    "131": 321.6064583333333,
    "132": 322.9476666666667,
    "133": 324.09890625,
    "134": 325.5896875,
    "135": 326.72052083333335,
    "136": 327.93833333333333,
    "137": 329.4896875,
    "138": 330.653125,
    "139": 331.7264583333333,
    "140": 332.8564583333333,
    "141": 333.9551041666667,
    "142": 334.9974270833333,
    "143": 336.0264583333333,
    "144": 336.9064583333333,
    "145": 337.76645833333333,
    "146": 338.6664583333333,
    "147": 339.50645833333334,
    "148": 340.4264583333333,
    "149": 341.2864583333333,
    "150": 342.12645833333335,
    "151": 343.0464583333333,
    "152": 343.8259375,
    "153": 344.62645833333335,
    "154": 345.47323958333334,
    "155": 346.2864583333333,
    "156": 347.0981041666667,
    "157": 347.8664583333333,
    "158": 348.67878125,
    "159": 349.4264583333333,
    "160": 350.4264583333333,
    "161": 350.96596875,
    "162": 351.89781250000004,
    "163": 352.5464583333333,
    "164": 353.2740416666666,
    "165": 354.0264583333333,
    "166": 354.73105208333334,
    "167": 355.42495833333334,
    "168": 356.12334375,
    "169": 356.88645833333334,
    "170": 357.9864583333333,
    "171": 358.80645833333335,
    "172": 360.7264583333333,
    "173": 362.30375,
    "174": 363.50645833333334,
    "175": 364.62645833333335,
    "176": 365.6278125,
    "177": 366.5864583333333,
    "178": 367.4264583333333,
    "179": 368.3578125,
    "180": 369.1631145833333,
    "181": 369.9691666666667,
    "182": 370.7678125,
    "183": 371.5464583333333,
    "184": 372.34781250000003,
    "185": 373.13521875,
    "186": 373.9517604166667,
    "187": 374.7705208333333,
    "188": 375.4664583333333,
    "189": 376.2259375,
    "190": 376.96236458333334,
    "191": 377.7864583333333,
    "192": 378.44645833333334,
    "193": 379.24645833333335,
    "194": 379.89264583333335,
    "195": 380.7091666666667,
    "196": 381.4345833333333,
    "197": 382.1691666666667,
    "198": 382.87512499999997,
    "199": 383.59458333333333,
    "200": 384.28864583333336,
    "201": 385.00146875,
    "202": 385.7379270833333,
    "203": 386.4864583333333,
    "204": 387.22507291666665,
    "205": 387.88645833333334,
    "206": 388.6031145833333,
    "207": 389.33348958333335,
    "208": 390.031875,
    "209": 390.76916666666665,
    "210": 391.45458333333335,
    "211": 392.2891666666667,
    "212": 393.0891666666667,
    "213": 393.84161458333335,
    "214": 394.7091666666667,
    "215": 395.27187499999997,
    "216": 396.0491666666667,
    "217": 396.79769791666666,
    "218": 397.62645833333335,
    "219": 398.2301145833334,
    "220": 398.9242916666667,
    "221": 399.6745833333334,
    "222": 400.37458333333336,
    "223": 401.1278125,
    "224": 401.71510416666666,
    "225": 402.55458333333337,
    "226": 403.2345833333334,
    "227": 404.2047916666667,
    "228": 405.30645833333335,
    "229": 406.175625,
    "230": 407.24645833333335,
    "231": 408.071875,
    "232": 408.85052083333335,
    "233": 409.60645833333336,
    "234": 410.39968749999997,
    "235": 411.16755208333336,
    "236": 412.12916666666666,
    "237": 412.934375,
    "238": 413.6278125,
    "239": 414.5264583333334,
    "240": 415.211875,
    "241": 415.94916666666666,
    "242": 416.58821875,
    "243": 417.38916666666665,
    "244": 418.7482291666667,
    "245": 421.9882291666667,
    "246": 423.71343750000005,
    "247": 427.0568333333334,
    "248": 427.7723958333334,
    "249": 428.7307291666667,
    "250": 429.54052083333335,
    "251": 430.1795416666667,
    "252": 430.9096875,
    "253": 431.48311458333336,
    "254": 432.09781250000003,
    "255": 432.9696875,
    "256": 433.7825104166667,
    "257": 434.80156250000005,
    "258": 435.70968750000003,
    "259": 436.7896875,
    "260": 437.70968750000003,
    "261": 438.44968750000004,
    "262": 439.14187499999997,
    "263": 439.9296875,
    "264": 440.6896875,
    "265": 441.37239583333337,
    "266": 442.06536458333335,
    "267": 442.91334375,
    "268": 443.67484375000004,
    "269": 444.4151041666667,
    "270": 445.09578125,
    "271": 445.8496875,
    "272": 446.46484375000006,
    "273": 447.1978125,
    "274": 447.8639791666667,
    "275": 448.59578125,
    "276": 449.2302604166667,
    "277": 449.9923958333334,
    "278": 450.67608333333334,
    "279": 451.4096875,
    "280": 452.03696874999997,
    "281": 452.8496875,
    "282": 453.5208958333333,
    "283": 454.3496875,
    "284": 455.28755208333337,
    "285": 456.01239583333336,