{
    "1": 0.0,
    "2": 1.78,
    "3": 32.4,
    "4": 35.8,
    "5": 44.655,
    "6": 47.305,
    "7": 50.945,
    "8": 54.335,
    "9": 59.53499999999999,
    "10": 62.835,
    "11": 64.77499999999999,
    "12": 66.21499999999999,
    "13": 69.2525,
    "14": 71.08749999999999,
    "15": 72.9975,
    "16": 74.9575,
    "17": 76.85749999999999,
    "18": 78.45,
    "19": 80.13000000000001,
    "20": 82.15,
    "21": 83.805,
    "22": 85.43249999999999,
    "23": 87.1725,
    "24": 88.5775,
    "25": 94.80333333333334,
    "26": 97.15989583333334,
    "27": 101.47770833333333,
    "28": 103.94375000000001,
    "29": 105.465625,
    "30": 107.27239583333333,
    "31": 109.21239583333333,
    "32": 110.5571875,
    "33": 113.07479166666667,
    "34": 115.06375,
    "35": 117.79958333333333,
    "36": 120.07979166666667,
    "37": 121.54968749999999,
    "38": 123.02144791666667,
    "39": 124.54473958333332,
    "40": 126.07595833333333,
    "41": 127.82968749999999,
    "42": 129.41479166666664,
    "43": 131.20375,
    "44": 132.97239583333334,
    "45": 134.33979166666666,
    "46": 136.27375,
    "47": 137.82979166666667,
    "48": 139.70479166666667,
    "49": 141.35760416666665,
    "50": 143.24510416666664,
    "51": 145.7727083333333,
    "52": 147.49906249999995,
    "53": 149.32229166666664,
    "54": 151.04468749999995,
    "55": 152.63989583333333,
    "56": 154.6159375,
    "57": 156.51593749999998,
    "58": 158.82270833333328,
    "59": 160.87229166666663,
    "60": 161.9139583333333,
    "61": 163.15395833333332,
    "62": 169.9747916666666,
    "63": 172.6314583333333,
    "64": 175.75520833333331,
    "65": 177.99145833333333,
    "66": 181.0761458333333,
    "67": 183.5164583333333,
    "68": 187.31479166666662,
    "69": 189.2264583333333,
    "70": 191.20645833333333,
    "71": 194.64791666666656,
    "72": 197.4764583333333,
    "73": 198.93645833333332,
    "74": 201.11645833333333,
    "75": 202.77645833333332,
    "76": 204.84041666666658,
    "77": 206.905625,
    "78": 209.15645833333332,
    "79": 210.3783333333333,
    "80": 212.29114583333322,
    "81": 213.95885416666664,
    "82": 215.461875,
    "83": 217.10375,
    "84": 220.10375,
    "85": 224.0139583333333,
    "86": 232.81666666666663,
    "87": 235.44999999999985,
    "88": 237.20270833333328,
    "89": 239.10395833333334,
    "90": 240.9439583333333,
    "91": 242.6639583333333,
    "92": 244.40395833333332,
    "93": 246.49395833333332,
    "94": 248.0949999999999,
    "95": 251.25427083333332,
    "96": 253.3055208333333,
    "97": 255.6070833333333,
    "98": 257.64697916666665,
    "99": 259.34697916666664,
    "100": 261.02697916666665,
    "101": 263.06312499999996,
    "102": 265.0733333333333,
    "103": 266.62395833333335,
    "104": 268.50697916666667,
    "105": 270.7559375,
    "106": 273.1407291666667,
    "107": 275.4783333333333,
    "108": 277.64697916666665,
    "109": 279.88697916666666,
    "110": 281.58697916666665,
    "111": 282.64697916666665,
    "112": 286.54697916666663,
    "113": 288.8069791666666,
    "114": 290.76093749999995,
    "115": 293.3589583333333,
    "116": 295.07895833333333,
    "117": 299.4560416666666,
    "118": 304.3389583333333,
    "119": 306.8485416666665,
    "120": 307.7391666666666,
    "121": 308.69895833333334,
    "122": 309.6380520833334,
    "123": 310.5391666666667,
    "124": 311.48895833333336,
    "125": 312.4390625,
    "126": 313.33703125,
    "127": 314.11145833333336,
    "128": 315.2889583333333,
    "129": 316.07979166666667,
    "130": 317.2666458333333,
    "131": 318.03973958333336,
    "132": 319.0489583333333,
    "133": 319.95923958333333,
    "134": 320.8744791666667,
    "135": 321.8789583333333,
    "136": 323.00344791666663,
    "137": 323.9189583333333,
    "138": 324.79447916666663,
    "139": 325.8389583333333,
    "140": 326.737625,
    "141": 327.5243958333333,
    "142": 328.4344791666667,
    "143": 329.51895833333333,
    "144": 330.4989583333333,
    "145": 331.4789583333333,
    "146": 332.3589583333333,
    "147": 333.25916666666666,
    "148": 334.2389583333333,
    "149": 335.1589583333333,
    "150": 336.0991354166667,
    "151": 337.0389583333333,
    "152": 337.9789583333333,
    "153": 338.939375,
    "154": 339.8790625,
    "155": 340.8389583333333,
    "156": 341.7789583333333,
    "157": 342.7189583333333,
    "158": 343.6591666666667,
    "159": 344.63895833333333,
    "160": 345.63895833333333,
    "161": 346.4589583333333,
    "162": 347.4589583333333,
    "163": 348.2798541666666,
    "164": 349.2789583333333,
    "165": 350.13895833333333,
    "166": 351.10630208333333,
    "167": 351.8994583333333,
    "168": 352.8989583333333,
    "169": 353.8389583333333,
    "170": 354.64213541666663,
    "171": 355.5389583333333,
    "172": 356.3389583333333,
    "173": 357.0989583333333,
    "174": 357.8789583333333,
    "175": 358.69895833333334,
    "176": 359.5798541666666,
    "177": 360.4189583333333,
    "178": 361.4789583333333,
    "179": 362.53875,
    "180": 364.45854166666663,
    "181": 365.81895833333334,
    "182": 366.8389583333333,
    "183": 367.81895833333334,
    "184": 368.7789583333333,
    "185": 369.6591666666667,
    "186": 370.5989583333333,
    "187": 371.6789583333333,
    "188": 372.7389583333333,
    "189": 373.6791666666667,
    "190": 374.6096875,
    "191": 375.52927083333327,
    "192": 376.3792708333333,
    "193": 377.2890625,
    "194": 378.1394583333333,
    "195": 379.19895833333334,
    "196": 380.1395833333333,
    "197": 381.01895833333333,
    "198": 381.879375,
    "199": 382.8389583333333,
    "200": 383.9092708333333,
    "201": 384.75895833333334,
    "202": 385.6894791666667,
    "203": 386.5589583333333,
    "204": 387.379375,
    "205": 388.2389583333333,
    "206": 389.1191666666667,
    "207": 389.89962499999996,
    "208": 390.7789583333333,
    "209": 391.65067708333333,
    "210": 392.4389583333333,
    "211": 393.2995833333333,
    "212": 394.19895833333334,
    "213": 394.95937499999997,
    "214": 395.8589583333333,
    "215": 396.5991666666667,
    "216": 397.4789583333333,
    "217": 398.2394791666667,
    "218": 399.06677083333335,
    "219": 399.9794791666667,
    "220": 400.77947916666665,
    "221": 401.6794791666667,
    "222": 402.4794791666667,
    "223": 403.25947916666667,
    "224": 404.07947916666666,
    "225": 404.9194791666667,
    "226": 405.7394791666667,
    "227": 406.51947916666666,
    "228": 407.3594791666667,
    "229": 408.39947916666665,
    "230": 409.2194791666667,
    "231": 410.19947916666666,
    "232": 410.87947916666667,
    "233": 411.86661458333333,
    "234": 412.63947916666666,
    "235": 413.9394791666667,
    "236": 415.5394791666667,
    "237": 416.7194791666667,
    "238": 417.83947916666665,
    "239": 418.83947916666665,
    "240": 419.75947916666667,
    "241": 420.63947916666666,
    "242": 421.51947916666666,
    "243": 422.4194791666667,
    "244": 423.67406250000005,
    "245": 424.57550000000003,
    "246": 425.53953125000004,
    "247": 426.43971875,
    "248": 427.29963541666666,
    "249": 428.1198958333333,
    "250": 428.9996875,
    "251": 429.83947916666665,
    "252": 430.7394791666667,
    "253": 431.59291666666667,
    "254": 436.1794791666667,
    "255": 438.99927083333336,
    "256": 440.6278125,
    "257": 441.35953125000003,
    "258": 442.09690624999996,
    "259": 442.7795625,
    "260": 443.4797291666667,
    "261": 444.1268541666667,
    "262": 444.79291666666666,
    "263": 445.55189583333333,
    "264": 446.4466145833333,
    "265": 447.0394791666667,
    "266": 447.8266145833333,
    "267": 448.7994791666667,
    "268": 449.87895833333334,
    "269": 450.73442708333334,
    "270": 451.53895833333337,
    "271": 452.3708854166666,
    "272": 453.19895833333334,
    "273": 454.099375,
    "274": 454.97895833333337,
    "275": 455.97895833333337,
    "276": 456.63895833333333,
    "277": 457.5391666666667,
    "278": 458.2292708333334,