{
    "1": 16.377371050599223,
    "2": 18.23202828794942,
    "3": 21.01401414397471,
    "4": 22.559561841766538,
    "5": 26.073853716605644,
    "6": 27.90874417704728,
    "7": 31.140366552926785,
    "8": 34.100129371621215,
    "9": 35.375371742548836,
    "10": 36.958854577443425,
    "11": 38.77375366265981,
    "12": 41.288377591326714,
    "13": 46.0498964535123,
    "14": 48.36264101752666,
    "15": 50.82982404475701,
    "16": 52.3179782609765,
    "17": 54.13177073512267,
    "18": 56.41253924190526,
    "19": 57.562741924111826,
    "20": 59.986032423250165,
    "21": 61.81817663079569,
    "22": 64.04112299158346,
    "23": 65.16204243192414,
    "24": 66.81447386414504,
    "25": 71.06147372149192,
    "26": 73.32257467562813,
    "27": 75.25746513606975,
    "28": 76.20275500884614,
    "29": 77.94934063105148,
    "30": 79.73783468963109,
    "31": 80.51958174761549,
    "32": 82.22959058555006,
    "33": 83.59838457641042,
    "34": 86.96876408289623,
    "35": 88.50493222337182,
    "36": 92.04952309586781,
    "37": 94.43539164839778,
    "38": 96.37126020092774,
    "39": 97.71356437672885,
    "40": 101.02579535672298,
    "41": 103.57700080836767,
    "42": 105.08905237337076,
    "43": 107.92285640733861,
    "44": 109.28540019118797,
    "45": 110.90429625281412,
    "46": 112.02343275873095,
    "47": 113.20505526578572,
    "48": 114.37543477227152,
    "49": 115.44581427875731,
    "50": 116.12507311710182,
    "51": 116.77768219836653,
    "52": 117.26432873345347,
    "53": 117.90632527042605,
    "54": 118.39484727098025,
    "55": 119.17896574849435,
    "56": 119.87638382543193,
    "57": 121.02029619378524,
    "58": 121.97518665422687,
    "59": 122.73909902258018,
    "60": 123.68301139093349,
    "61": 124.49038563893019,
    "62": 127.36385061758962,
    "63": 128.41874107803125,
    "64": 130.1587719534131,
    "65": 131.4762171836339,
    "66": 134.2200714905283,
    "67": 135.48161670254856,
    "68": 137.55865945421246,
    "69": 138.9043318996968,
    "70": 140.04412213402506,
    "71": 140.99215663640342,
    "72": 142.37352354842253,
    "73": 143.19547973259918,
    "74": 144.834290431911,
    "75": 145.7268144246898,
    "76": 146.48465275443496,
    "77": 147.46856512278825,
    "78": 149.37443367531822,
    "79": 150.17801525240583,
    "80": 151.19323650411314,
    "81": 152.55774857305892,
    "82": 154.6120393329081,
    "83": 155.55752272201826,
    "84": 156.73986406961473,
    "85": 160.66385665165257,
    "86": 163.8689843917812,
    "87": 165.2995061250658,
    "88": 166.90146958947057,
    "89": 168.55830895386072,
    "90": 169.68222132221402,
    "91": 170.549200535851,
    "92": 172.47004605892067,
    "93": 174.62493651936228,
    "94": 177.16923733051743,
    "95": 178.4842265659459,
    "96": 179.72765171651054,
    "97": 180.98254217695217,
    "98": 181.79961818154987,
    "99": 182.6503669136588,
    "100": 184.04741442042663,
    "101": 185.93767527887044,
    "102": 187.03308211080704,
    "103": 187.81699447916037,
    "104": 189.1339167463283,
    "105": 190.60148556006106,
    "106": 191.95068776839693,
    "107": 193.4689251661417,
    "108": 194.34949059719185,
    "109": 195.3467014827726,
    "110": 196.53731533389848,
    "111": 197.78122770225178,
    "112": 198.5451400706051,
    "113": 201.01296480731173,
    "114": 201.7418140229655,
    "115": 205.8801909584158,
    "116": 207.63205166338454,
    "117": 208.3880156951224,
    "118": 209.4919280634757,
    "119": 339.0166723454632,
    "120": 339.6865713240997,
    "121": 340.534271752551,
    "122": 341.2363522449829,
    "123": 341.9512427054246,
    "124": 342.692906532693,
    "125": 343.3610236263079,
    "126": 344.11313986072463,
    "127": 344.83232181887644,
    "128": 345.52569500763275,
    "129": 346.2484098276521,
    "130": 346.947737964258,
    "131": 347.71813190002473,
    "132": 348.45452328771165,
    "133": 349.12165303154273,
    "134": 349.8846617087876,
    "135": 350.60118851691584,
    "136": 351.37872280367486,
    "137": 352.02362189708975,
    "138": 352.70324951506143,
    "139": 353.3910665616171,
    "140": 354.1643805329324,
    "141": 354.83687606887355,
    "142": 355.5356210903617,
    "143": 356.261267267996,
    "144": 356.85296428261057,
    "145": 357.44290682783736,
    "146": 358.0703945096586,
    "147": 358.56235069383524,
    "148": 359.1428910048191,
    "149": 359.7552526124377,
    "150": 360.35164384927305,
    "151": 360.88035086108374,
    "152": 361.4661216011255,
    "153": 362.01927023911617,
    "154": 362.5963187542939,
    "155": 363.1875201739384,
    "156": 363.7598690542754,
    "157": 364.30382507120356,
    "158": 364.968058671424,
    "159": 365.5474747118653,
    "160": 366.22334326439534,
    "161": 366.72341641757026,
    "162": 367.4638709530376,
    "163": 367.94547446099256,
    "164": 368.4965848154774,
    "165": 369.129074410818,
    "166": 369.7695325470468,
    "167": 370.51147437736836,
    "168": 371.88686112308994,
    "169": 372.8673922845979,
    "170": 373.62407722288816,
    "171": 374.45929911407495,
    "172": 375.2162595368529,
    "173": 375.9196344472847,
    "174": 376.5503353332098,
    "175": 377.24665302334427,
    "176": 378.00724010487465,
    "177": 378.3599128799369,
    "178": 379.00138632596077,
    "179": 379.71494858748815,
    "180": 380.38554764696136,
    "181": 380.85678994410296,
    "182": 381.4416342800363,
    "183": 382.08507572912964,
    "184": 382.6447295083714,
    "185": 383.2366856925481,
    "186": 383.8258270027596,
    "187": 384.4611961218028,
    "188": 384.97895759431094,
    "189": 385.64902085850946,
    "190": 386.67939984029414,
    "191": 387.416845595216,
    "192": 388.021136945354,
    "193": 388.76700549788393,
    "194": 389.4354409703036,
    "195": 392.85249506862925,
    "196": 394.40461115547396,
    "197": 397.23047970800377,
    "198": 398.2555733999485,
    "199": 398.770515633634,
    "200": 399.32321991863853,
    "201": 399.8579846393746,
    "202": 400.3913905317682,
    "203": 400.8837940154557,
    "204": 401.4680018298952,
    "205": 401.92807987590817,
    "206": 402.47553112051565,
    "207": 402.9597773955476,
    "208": 403.73602702866674,
    "209": 404.4809023383633,
    "210": 405.23118059392885,
    "211": 405.8950929622822,
    "212": 406.5754529318495,
    "213": 407.15213839812026,
    "214": 407.76821045926107,
    "215": 408.3464454614172,
    "216": 408.8847928824292,
    "217": 409.6385671724021,
    "218": 410.15123977037763,
    "219": 410.72639190910866,
    "220": 411.350304277462,
    "221": 412.09421664581527,
    "222": 412.5190645070843,
    "223": 413.0820413825219,
    "224": 413.68595375087517,
    "225": 414.23490628345996,
    "226": 414.803093801804,
    "227": 415.3376908559351,
    "228": 416.0016032242884,
    "229": 416.4655155926417,
    "230": 417.10942796099505,
    "231": 417.64333823054386,
    "232": 418.1972526977017,
    "233": 418.8011650660549,
    "234": 419.3850774344083,
    "235": 419.9556867435901,
    "236": 420.50496684544765,
    "237": 421.02672581578724,
    "238": 421.5737235743297,
    "239": 422.1528031059027,
    "240": 422.6885516445281,
    "241": 423.31521761159325,
    "242": 423.7963763812347,
    "243": 424.4002425496539,
    "244": 425.1283465946077,
    "245": 425.75240952594896,
    "246": 426.40959281552983,
    "247": 426.8778944071779,
    "248": 427.36180677553125,
    "249": 428.00457361474804,
    "250": 428.74963151223784,
    "251": 429.51225265670934,
    "252": 430.55745624894445,
    "253": 431.28136861729774,
    "254": 431.87278768296903,
    "255": 432.5095160124027,
    "256": 433.11310572235766,
    "257": 433.6762108544266,
    "258": 434.3013956885964,
    "259": 434.8466779958385,
    "260": 435.44875519577096,
    "261": 435.8326675641243,
    "262": 436.58486989871625,
    "263": 437.1326283017228,
    "264": 437.70440466918416,
    "265": 438.2341585187687,
    "266": 438.8561147029454,