{
    "1": 0.0,
    "2": 18.66,
    "3": 22.47,
    "4": 25.3,
    "5": 29.175,
    "6": 32.765,
    "7": 37.065000000000005,
    "8": 39.795,
    "9": 45.67499999999999,
    "10": 48.415,
    "11": 51.095,
    "12": 53.695,
    "13": 55.855000000000004,
    "14": 58.1325,
    "15": 60.3125,
    "16": 62.662499999999994,
    "17": 64.7225,
    "18": 66.92999999999999,
    "19": 68.75500000000001,
    "20": 71.715,
    "21": 73.72,
    "22": 75.8625,
    "23": 77.8325,
    "24": 79.6025,
    "25": 85.55854166666666,
    "26": 89.13947916666666,
    "27": 92.06979166666666,
    "28": 94.07416666666666,
    "29": 95.81166666666667,
    "30": 97.69239583333334,
    "31": 100.31239583333334,
    "32": 102.08197916666666,
    "33": 103.79374999999999,
    "34": 106.02979166666667,
    "35": 108.52979166666667,
    "36": 110.97979166666666,
    "37": 112.55739583333332,
    "38": 114.29979166666666,
    "39": 115.82968749999999,
    "40": 117.33134375,
    "41": 118.9496875,
    "42": 120.43374999999999,
    "43": 122.02979166666667,
    "44": 123.61239583333334,
    "45": 124.99979166666667,
    "46": 126.35479166666667,
    "47": 127.83770833333332,
    "48": 129.30479166666666,
    "49": 130.7811458333333,
    "50": 132.29322916666663,
    "51": 133.82072916666664,
    "52": 135.29593749999998,
    "53": 136.52072916666665,
    "54": 138.0455208333333,
    "55": 139.35031249999997,
    "56": 140.79593749999998,
    "57": 142.12468749999996,
    "58": 143.8939583333333,
    "59": 145.09229166666663,
    "60": 146.09395833333332,
    "61": 147.3539583333333,
    "62": 152.2827083333333,
    "63": 154.8514583333333,
    "64": 158.19833333333332,
    "65": 160.6314583333333,
    "66": 163.9961458333333,
    "67": 166.57291666666663,
    "68": 169.76562499999997,
    "69": 171.66375,
    "70": 174.40645833333332,
    "71": 177.30749999999998,
    "72": 179.2364583333333,
    "73": 180.47291666666663,
    "74": 182.23104166666664,
    "75": 183.77645833333332,
    "76": 185.49499999999992,
    "77": 187.16375,
    "78": 188.92374999999998,
    "79": 190.53104166666662,
    "80": 192.47291666666663,
    "81": 194.10156249999997,
    "82": 195.7364583333333,
    "83": 197.0164583333333,
    "84": 198.4564583333333,
    "85": 202.21395833333332,
    "86": 209.04791666666662,
    "87": 210.7939583333333,
    "88": 212.53749999999997,
    "89": 214.36395833333333,
    "90": 216.25833333333333,
    "91": 217.71187499999996,
    "92": 219.5470833333333,
    "93": 221.32874999999999,
    "94": 222.91312499999998,
    "95": 224.68541666666664,
    "96": 226.23593749999998,
    "97": 228.21395833333332,
    "98": 230.18697916666665,
    "99": 231.88697916666666,
    "100": 233.73135416666665,
    "101": 235.54062499999998,
    "102": 237.22395833333331,
    "103": 238.50395833333332,
    "104": 240.66010416666663,
    "105": 242.7348958333333,
    "106": 244.2502083333333,
    "107": 246.27916666666667,
    "108": 248.20697916666666,
    "109": 250.02697916666665,
    "110": 251.82697916666666,
    "111": 253.12697916666664,
    "112": 255.08697916666665,
    "113": 257.5669791666666,
    "114": 259.50697916666667,
    "115": 262.4589583333333,
    "116": 264.4589583333333,
    "117": 268.3529166666663,
    "118": 273.1789583333333,
    "119": 274.1789583333333,
    "120": 275.26366666666667,
    "121": 276.1791666666667,
    "122": 277.11642708333335,
    "123": 278.00906249999997,
    "124": 278.91285416666665,
    "125": 279.7595833333333,
    "126": 280.6948958333333,
    "127": 281.6589583333333,
    "128": 282.10895833333336,
    "129": 283.4189583333333,
    "130": 284.2012604166667,
    "131": 285.02609375,
    "132": 285.8795833333333,
    "133": 286.6597916666667,
    "134": 287.57042708333336,
    "135": 288.45923958333333,
    "136": 289.1254583333333,
    "137": 290.07177083333335,
    "138": 290.8144791666667,
    "139": 291.5989583333333,
    "140": 292.5889583333333,
    "141": 293.47942708333335,
    "142": 294.17447916666663,
    "143": 295.19895833333334,
    "144": 296.01895833333333,
    "145": 296.8589583333333,
    "146": 297.6589583333333,
    "147": 298.5389583333333,
    "148": 299.31909375,
    "149": 300.0989583333333,
    "150": 300.96609374999997,
    "151": 301.81895833333334,
    "152": 302.51965624999997,
    "153": 303.3789583333333,
    "154": 304.1589583333333,
    "155": 305.0314583333333,
    "156": 305.8989583333333,
    "157": 306.75895833333334,
    "158": 307.55916666666667,
    "159": 308.46729166666665,
    "160": 309.4189583333333,
    "161": 310.20947916666665,
    "162": 310.9989583333333,
    "163": 311.9114583333333,
    "164": 312.8789583333333,
    "165": 313.7389583333333,
    "166": 314.7389583333333,
    "167": 315.2991666666667,
    "168": 316.1590625,
    "169": 316.8989583333333,
    "170": 317.8989583333333,
    "171": 318.6263020833333,
    "172": 319.41929166666665,
    "173": 320.14976041666665,
    "174": 321.00135416666666,
    "175": 321.7189583333333,
    "176": 322.51965624999997,
    "177": 323.33913541666664,
    "178": 324.3589583333333,
    "179": 325.3589583333333,
    "180": 326.79875,
    "181": 327.9589583333333,
    "182": 329.01895833333333,
    "183": 330.01895833333333,
    "184": 331.0041145833333,
    "185": 331.9189583333333,
    "186": 332.7989583333333,
    "187": 333.6394270833333,
    "188": 334.4989583333333,
    "189": 335.3589583333333,
    "190": 336.31895833333334,
    "191": 337.054875,
    "192": 337.8589583333333,
    "193": 338.67244791666667,
    "194": 339.4189583333333,
    "195": 340.19895833333334,
    "196": 340.99088541666663,
    "197": 341.75895833333334,
    "198": 342.5196875,
    "199": 343.13947916666666,
    "200": 343.9596875,
    "201": 344.7290625,
    "202": 345.4396875,
    "203": 346.2189583333333,
    "204": 346.94947916666666,
    "205": 347.73562499999997,
    "206": 348.4995,
    "207": 349.219125,
    "208": 349.9594895833333,
    "209": 350.7189583333333,
    "210": 351.51923958333333,
    "211": 352.1794791666667,
    "212": 352.9295833333333,
    "213": 353.65953125000004,
    "214": 354.5589583333333,
    "215": 355.2189583333333,
    "216": 356.01895833333333,
    "217": 356.6794791666667,
    "218": 357.4646354166666,
    "219": 358.2169270833333,
    "220": 358.99953125,
    "221": 359.7558958333333,
    "222": 360.4996875,
    "223": 361.2394791666667,
    "224": 361.9994791666667,
    "225": 362.75953125,
    "226": 363.5394791666667,
    "227": 364.21486458333334,
    "228": 365.04661458333334,
    "229": 365.83947916666665,
    "230": 366.5958958333333,
    "231": 367.4699166666667,
    "232": 368.1666145833333,
    "233": 368.9194791666667,
    "234": 369.77092708333333,
    "235": 370.87906250000003,
    "236": 372.5394791666667,
    "237": 373.60463541666667,
    "238": 374.6594791666667,
    "239": 375.5996875,
    "240": 376.45947916666665,
    "241": 377.2929270833333,
    "242": 378.28496875,
    "243": 378.8594791666667,
    "244": 379.94529166666666,
    "245": 380.69325000000003,
    "246": 381.6794791666667,
    "247": 382.4718958333333,
    "248": 383.2394791666667,
    "249": 384.01276041666665,
    "250": 384.9394791666667,
    "251": 385.5994791666667,
    "252": 386.8594791666667,
    "253": 387.65975000000003,
    "254": 388.6594791666667,
    "255": 389.51947916666666,
    "256": 393.95947916666665,
    "257": 396.1794791666667,
    "258": 398.2727604166667,
    "259": 398.95972916666665,
    "260": 399.6595520833334,
    "261": 400.3929166666666,
    "262": 401.0594791666667,
    "263": 401.77982291666666,
    "264": 402.4394791666667,
    "265": 403.1594791666667,
    "266": 404.1695833333334,
    "267": 405.13947916666666,
    "268": 406.03895833333337,
    "269": 406.859375,
    "270": 407.6490625,
    "271": 408.39937499999996,
    "272": 409.19895833333334,
    "273": 409.9568229166667,
    "274": 410.75895833333334,
    "275": 411.61895833333335,
    "276": 412.23966666666666,
    "277": 413.059875,