{
    "1": 0.0,
    "2": 1.3,
    "3": 3.3899999999999997,
    "4": 4.372,
    "5": 6.555,
    "6": 7.305000000000001,
    "7": 9.285,
    "8": 10.327,
    "9": 11.200000000000001,
    "10": 12.195,
    "11": 13.035,
    "12": 13.795,
    "13": 14.52875,
    "14": 14.889,
    "15": 15.507499999999999,
    "16": 16.4575,
    "17": 17.4575,
    "18": 18.695,
    "19": 19.695,
    "20": 21.115000000000002,
    "21": 22.115000000000002,
    "22": 23.417499999999997,
    "23": 24.0545,
    "24": 24.9955,
    "25": 26.749791666666667,
    "26": 27.258197916666667,
    "27": 28.009791666666665,
    "28": 28.125697916666667,
    "29": 28.131697916666667,
    "30": 28.212395833333332,
    "31": 29.212395833333332,
    "32": 30.212395833333332,
    "33": 30.285,
    "34": 30.291,
    "35": 30.29569791666667,
    "36": 30.459791666666664,
    "37": 31.529687499999994,
    "38": 32.539791666666666,
    "39": 34.0496875,
    "40": 35.57695833333333,
    "41": 36.9096875,
    "42": 37.4978125,
    "43": 38.001875000000005,
    "44": 38.43844791666667,
    "45": 38.719791666666666,
    "46": 39.05653125,
    "47": 39.59758333333333,
    "48": 40.58479166666666,
    "49": 41.47075,
    "50": 42.11075,
    "51": 42.63219791666667,
    "52": 42.78071875,
    "53": 42.806947916666665,
    "54": 42.852718749999994,
    "55": 43.04563541666666,
    "56": 43.835937499999986,
    "57": 44.73593749999999,
    "58": 45.91395833333332,
    "59": 46.532968749999995,
    "60": 46.786739583333336,
    "61": 46.79573958333334,
    "62": 46.90145833333332,
    "63": 47.391458333333325,
    "64": 48.16145833333333,
    "65": 49.31145833333332,
    "66": 50.38968749999997,
    "67": 50.54636458333333,
    "68": 50.59845833333333,
    "69": 50.79559375,
    "70": 50.87672916666667,
    "71": 51.166916666666665,
    "72": 51.63204166666666,
    "73": 52.07745833333333,
    "74": 52.98475,
    "75": 53.75645833333331,
    "76": 55.51645833333331,
    "77": 57.136458333333316,
    "78": 58.79645833333331,
    "79": 60.37645833333332,
    "80": 62.15614583333329,
    "81": 63.32968749999998,
    "82": 64.53645833333331,
    "83": 65.49645833333331,
    "84": 66.34916666666665,
    "85": 71.4712499999997,
    "86": 75.21395833333331,
    "87": 76.21395833333331,
    "88": 77.20656249999999,
    "89": 78.34395833333332,
    "90": 78.88395833333333,
    "91": 79.37171875,
    "92": 79.51384374999999,
    "93": 80.25395833333332,
    "94": 81.01395833333332,
    "95": 82.11593749999999,
    "96": 83.11593749999999,
    "97": 84.20347916666667,
    "98": 84.32697916666666,
    "99": 84.61747916666667,
    "100": 84.65,
    "101": 84.79011458333333,
    "102": 85.07461458333333,
    "103": 85.13747916666667,
    "104": 85.159,
    "105": 85.70133333333334,
    "106": 86.35114583333332,
    "107": 86.51773958333334,
    "108": 86.99117708333333,
    "109": 87.204,
    "110": 87.214,
    "111": 87.23347916666667,
    "112": 87.41447916666667,
    "113": 88.04697916666666,
    "114": 88.88697916666666,
    "115": 90.95895833333331,
    "116": 91.89958333333334,
    "117": 92.79895833333332,
    "118": 93.61895833333332,
    "119": 94.61895833333332,
    "120": 95.44895833333332,
    "121": 96.69895833333332,
    "122": 97.53447916666667,
    "123": 98.37895833333332,
    "124": 99.06895833333333,
    "125": 99.93895833333332,
    "126": 100.73805208333333,
    "127": 101.55895833333332,
    "128": 102.12895833333333,
    "129": 102.81895833333331,
    "130": 103.80297916666667,
    "131": 104.25937499999999,
    "132": 105.19795833333333,
    "133": 105.23978125,
    "134": 106.3046875,
    "135": 106.70976041666665,
    "136": 106.88895833333332,
    "137": 107.99923958333332,
    "138": 108.65979166666666,
    "139": 109.25088541666668,
    "140": 109.51615625,
    "141": 110.33895833333332,
    "142": 111.23447916666666,
    "143": 111.95288541666667,
    "144": 112.61895833333332,
    "145": 113.21389583333332,
    "146": 113.51483333333333,
    "147": 114.435625,
    "148": 115.38114583333332,
    "149": 115.61392708333334,
    "150": 116.43929166666666,
    "151": 116.99895833333332,
    "152": 117.51930208333332,
    "153": 118.07913541666666,
    "154": 118.80333333333333,
    "155": 119.45895833333331,
    "156": 120.12496875,
    "157": 120.57895833333332,
    "158": 121.57895833333332,
    "159": 122.57895833333332,
    "160": 124.01895833333332,
    "161": 125.15895833333332,
    "162": 126.15895833333332,
    "163": 127.15895833333332,
    "164": 128.15895833333332,
    "165": 129.15895833333332,
    "166": 130.15895833333332,
    "167": 131.15895833333332,
    "168": 132.15895833333332,
    "169": 133.01895833333333,
    "170": 133.87916666666666,
    "171": 134.37895833333332,
    "172": 135.39895833333333,
    "173": 136.1389583333333,
    "174": 137.019375,
    "175": 137.73895833333333,
    "176": 138.65979166666665,
    "177": 139.5389583333333,
    "178": 140.7589583333333,
    "179": 141.7589583333333,
    "180": 142.7589583333333,
    "181": 142.96669791666667,
    "182": 143.37895833333332,
    "183": 144.05895833333332,
    "184": 144.61895833333332,
    "185": 145.57895833333333,
    "186": 146.53145833333335,
    "187": 147.5389583333333,
    "188": 148.59874999999997,
    "189": 149.49895833333332,
    "190": 150.25909374999998,
    "191": 151.14966666666666,
    "192": 151.58980208333332,
    "193": 152.1389583333333,
    "194": 153.21874999999997,
    "195": 154.4189583333333,
    "196": 155.6389583333333,
    "197": 156.8970833333333,
    "198": 157.89895833333333,
    "199": 158.479875,
    "200": 159.29895833333333,
    "201": 159.8189583333333,
    "202": 160.6989583333333,
    "203": 161.33895833333332,
    "204": 162.33895833333332,
    "205": 163.33895833333332,
    "206": 164.51895833333333,
    "207": 166.2177083333333,
    "208": 167.17895833333333,
    "209": 168.27895833333332,
    "210": 169.27895833333332,
    "211": 170.87895833333332,
    "212": 171.61942708333333,
    "213": 172.4189583333333,
    "214": 173.51854166666666,
    "215": 174.4729166666667,
    "216": 175.67895833333333,
    "217": 177.05947916666668,
    "218": 178.19947916666666,
    "219": 179.2396875,
    "220": 180.43781250000004,
    "221": 181.49947916666667,
    "222": 183.3594791666667,
    "223": 184.87947916666667,
    "224": 185.67947916666668,
    "225": 186.25947916666667,
    "226": 187.39947916666668,
    "227": 188.67947916666668,
    "228": 189.77953125000002,
    "229": 190.77947916666668,
    "230": 191.73947916666668,
    "231": 193.01927083333337,
    "232": 194.93947916666667,
    "233": 196.59947916666667,
    "234": 198.41947916666666,
    "235": 199.41947916666666,
    "236": 200.67947916666668,
    "237": 201.53947916666667,
    "238": 202.55947916666668,
    "239": 203.5794791666667,
    "240": 204.3796875,
    "241": 205.03947916666667,
    "242": 205.66598958333333,
    "243": 205.77957291666667,
    "244": 207.06895833333337,
    "245": 208.34895833333337,
    "246": 209.71947916666667,
    "247": 210.81947916666667,
    "248": 211.73947916666668,
    "249": 212.75947916666667,
    "250": 214.37947916666667,
    "251": 215.53947916666667,
    "252": 216.81947916666667,
    "253": 218.59947916666667,
    "254": 220.21947916666667,
    "255": 221.21947916666667,
    "256": 222.47947916666666,
    "257": 223.49947916666667,
    "258": 224.46958333333333,
    "259": 225.31947916666667,
    "260": 226.3594791666667,
    "261": 228.17947916666668,
    "262": 231.05947916666668,
    "263": 231.99947916666667,
    "264": 233.31947916666667,
    "265": 234.93947916666667,
    "266": 235.77953125000002,
    "267": 236.81947916666667,
    "268": 238.01895833333336,
    "269": 239.01895833333336,
    "270": 240.01895833333336,
    "271": 241.8556250000001,
    "272": 242.91895833333334,
    "273": 243.91895833333334,
    "274": 245.3772916666667,
    "275": 247.13895833333333,
    "276": 248.33895833333335,
    "277": 250.13895833333333,
    "278": 251.09854166666668,