{
    "1": 0.4891081556591508,
    "2": 3.092460235033313,
    "3": 6.997488354094555,
    "4": 9.16694842023969,
    "5": 12.815414866422575,
    "6": 14.768744177047278,
    "7": 18.86758063590498,
    "8": 21.51145937419553,
    "9": 22.4424460910586,
    "10": 25.054988776314993,
    "11": 26.72319647925545,
    "12": 28.93379936084846,
    "13": 33.7955994300434,
    "14": 40.2659116764037,
    "15": 41.18982404475701,
    "16": 42.05696739146475,
    "17": 44.00165170995177,
    "18": 45.812539241905256,
    "19": 46.92725805949127,
    "20": 49.66371226046164,
    "21": 51.02623253114183,
    "22": 53.38112299158347,
    "23": 54.82503535993678,
    "24": 56.25447386414504,
    "25": 60.09322105822379,
    "26": 62.31120909175875,
    "27": 64.11746513606977,
    "28": 64.88137750442307,
    "29": 66.76851455471731,
    "30": 68.27783468963108,
    "31": 69.21958174761548,
    "32": 71.24349411596879,
    "33": 74.19192288205211,
    "34": 75.52876408289623,
    "35": 76.96436757937335,
    "36": 81.20952309586782,
    "37": 83.81539164839778,
    "38": 86.27126020092774,
    "39": 87.8181188808781,
    "40": 90.73588837639436,
    "41": 94.10277822687092,
    "42": 95.78852557344096,
    "43": 97.36353723984253,
    "44": 99.13026679412532,
    "45": 100.64429625281412,
    "46": 101.75467575929991,
    "47": 102.92505526578572,
    "48": 103.95543477227152,
    "49": 104.80581427875731,
    "50": 105.54972664711062,
    "51": 105.99768219836653,
    "52": 106.41348077872206,
    "53": 106.90255569620462,
    "54": 107.48754149975979,
    "55": 107.97247145707863,
    "56": 108.63638382543193,
    "57": 109.40029619378524,
    "58": 110.35822398507224,
    "59": 111.17909902258017,
    "60": 111.90301139093349,
    "61": 112.73038563893019,
    "62": 115.26385061758961,
    "63": 116.5644809869628,
    "64": 118.2787719534131,
    "65": 119.37719093054105,
    "66": 123.49355972000635,
    "67": 125.34161670254856,
    "68": 127.7087711663614,
    "69": 129.40606465957555,
    "70": 130.96412213402505,
    "71": 132.33215663640343,
    "72": 134.05352354842253,
    "73": 135.19547973259918,
    "74": 137.70460763013818,
    "75": 138.78325865633877,
    "76": 139.62465275443495,
    "77": 140.54798234380715,
    "78": 142.15443367531822,
    "79": 143.05834604367152,
    "80": 144.09323650411315,
    "81": 145.52973173015278,
    "82": 147.4313809313773,
    "83": 148.65595170126142,
    "84": 149.8198640696147,
    "85": 154.82279862462715,
    "86": 159.19881565117868,
    "87": 160.4595061250658,
    "88": 162.3107664407719,
    "89": 164.20394148926576,
    "90": 166.77110661107017,
    "91": 168.40920053585103,
    "92": 169.45004605892063,
    "93": 170.9849365193623,
    "94": 174.2946186652587,
    "95": 175.74373934815722,
    "96": 177.64765171651052,
    "97": 179.34254217695218,
    "98": 180.27278181779425,
    "99": 181.47036691365878,
    "100": 183.1542792820121,
    "101": 185.42684502132417,
    "102": 186.91662991025967,
    "103": 188.19699447916037,
    "104": 189.65188493960198,
    "105": 191.58677540004362,
    "106": 192.5408253220763,
    "107": 194.5289251661417,
    "108": 195.48779623887674,
    "109": 196.2667014827726,
    "110": 197.41731533389847,
    "111": 198.3212277022518,
    "112": 199.34525212708917,
    "113": 203.57296480731173,
    "114": 204.336877175665,
    "115": 207.53253468356422,
    "116": 209.51205166338454,
    "117": 210.41522197317136,
    "118": 213.60518276815915,
    "119": 361.8350085181948,
    "120": 362.6465713240997,
    "121": 363.5414617845413,
    "122": 364.25635224498296,
    "123": 364.8912427054246,
    "124": 365.56882394473587,
    "125": 366.1810236263079,
    "126": 366.93554845204966,
    "127": 367.5846436377529,
    "128": 368.2481268563352,
    "129": 369.13246837445956,
    "130": 369.8933666299923,
    "131": 370.62754030278535,
    "132": 371.22525684939933,
    "133": 372.0305237402664,
    "134": 372.7470677520328,
    "135": 373.43909066999413,
    "136": 374.09496373823316,
    "137": 374.81956372741126,
    "138": 375.4625575228204,
    "139": 376.13785636306693,
    "140": 376.8027349570647,
    "141": 377.4938979390724,
    "142": 378.17220744714865,
    "143": 378.87452595712864,
    "144": 379.43296428261056,
    "145": 380.00843832548196,
    "146": 380.525276156761,
    "147": 381.10235069383526,
    "148": 381.66430687801187,
    "149": 382.2362630621885,
    "150": 382.8182192463652,
    "151": 383.38017543054184,
    "152": 383.9474105835496,
    "153": 384.4819127700776,
    "154": 384.9981319492155,
    "155": 385.6160003344969,
    "156": 386.2166760380474,
    "157": 386.7230600569629,
    "158": 387.3209636956012,
    "159": 387.9074747118653,
    "160": 388.65665391205687,
    "161": 389.1117428538166,
    "162": 389.91403214778205,
    "163": 390.59221899385284,
    "164": 391.19560582483837,
    "165": 391.99209921442406,
    "166": 392.64238800500436,
    "167": 393.41147437736834,
    "168": 394.6150944707979,
    "169": 395.6557016811752,
    "170": 396.31468585979655,
    "171": 397.09929911407494,
    "172": 397.7993808280768,
    "173": 398.4396344472847,
    "174": 398.99033533320977,
    "175": 399.53797339109417,
    "176": 400.14360809089135,
    "177": 400.7466941697507,
    "178": 401.28276587015944,
    "179": 402.1149485874882,
    "180": 402.79071431499443,
    "181": 403.3488609558415,
    "182": 403.8616342800363,
    "183": 404.45425225990414,
    "184": 404.97531065586,
    "185": 405.47827656012504,
    "186": 406.02582700275957,
    "187": 406.60427176730815,
    "188": 406.97627712253905,
    "189": 407.46902085850945,
    "190": 408.2665959457,
    "191": 408.776845595216,
    "192": 409.501136945354,
    "193": 410.26793956426843,
    "194": 414.49659059046917,
    "195": 415.49249506862924,
    "196": 416.0908503798344,
    "197": 416.83873555227245,
    "198": 417.5316962521582,
    "199": 417.91168047177194,
    "200": 418.33986390236623,
    "201": 418.77798463937455,
    "202": 419.17456804471766,
    "203": 419.58379401545574,
    "204": 420.24770638380903,
    "205": 420.92580937608113,
    "206": 421.4577655602578,
    "207": 422.01944348886894,
    "208": 422.7033558572223,
    "209": 423.3691770013658,
    "210": 423.87118059392884,
    "211": 424.62407436982573,
    "212": 425.3689325053987,
    "213": 425.98291769898884,
    "214": 426.64214706060795,
    "215": 427.324619247349,
    "216": 427.89465480404874,
    "217": 428.59856717240206,
    "218": 429.27123977037763,
    "219": 429.98639190910865,
    "220": 430.7372738497158,
    "221": 431.43496848185924,
    "222": 431.9966503211335,
    "223": 432.52854731246447,
    "224": 433.10806068824394,
    "225": 433.66188754015195,
    "226": 434.2482670925491,
    "227": 434.76103722754476,
    "228": 435.32160322428837,
    "229": 435.86330935558505,
    "230": 436.4494279609951,
    "231": 436.9900104940225,
    "232": 437.59099446932225,
    "233": 438.14116506605495,
    "234": 438.84507743440827,
    "235": 439.37788878303775,
    "236": 440.0129021711149,
    "237": 440.6667258157873,
    "238": 441.3084361446929,
    "239": 442.0723196380874,
    "240": 442.6885516445281,
    "241": 443.4669568154577,
    "242": 444.47637638123473,
    "243": 445.16028874958806,
    "244": 445.9665537630089,
    "245": 446.5714549470298,
    "246": 447.2443892232948,
    "247": 447.80721024610125,
    "248": 448.36180677553125,
    "249": 448.94417225446034,
    "250": 449.54370520979023,
    "251": 450.21354388059115,
    "252": 452.16711412413446,
    "253": 452.7413686172978,
    "254": 453.2947011548344,
    "255": 453.8393546832035,
    "256": 454.40786343341455,
    "257": 454.957018090711,
    "258": 455.52161420038004,
    "259": 456.043823280661,
    "260": 456.58875519577094,
    "261": 457.09266756412427,
    "262": 457.9862379257253,
    "263": 458.53328369114126,
    "264": 459.0957439688065,
    "265": 459.6341585187687,