{
    "1": 0.0,
    "2": 4.54,
    "3": 9.03,
    "4": 11.96,
    "5": 17.07,
    "6": 20.405000000000005,
    "7": 25.085,
    "8": 27.775,
    "9": 33.644999999999996,
    "10": 40.295,
    "11": 41.455,
    "12": 43.535000000000004,
    "13": 45.6325,
    "14": 47.6025,
    "15": 49.8575,
    "16": 52.107499999999995,
    "17": 54.2275,
    "18": 56.355000000000004,
    "19": 58.375,
    "20": 60.60000000000001,
    "21": 62.615,
    "22": 64.61749999999999,
    "23": 66.6275,
    "24": 68.1575,
    "25": 74.98145833333334,
    "26": 77.27989583333333,
    "27": 81.22979166666667,
    "28": 83.38770833333332,
    "29": 85.74145833333333,
    "30": 87.74614583333333,
    "31": 90.06135416666666,
    "32": 92.17239583333334,
    "33": 94.3875,
    "34": 96.30979166666667,
    "35": 98.36979166666667,
    "36": 100.71979166666667,
    "37": 102.39364583333332,
    "38": 103.87979166666666,
    "39": 105.18968749999999,
    "40": 106.44434375,
    "41": 107.82513541666665,
    "42": 109.01479166666667,
    "43": 110.42375,
    "44": 111.83239583333334,
    "45": 113.27979166666667,
    "46": 114.47375,
    "47": 115.85770833333333,
    "48": 117.42479166666666,
    "49": 118.8896875,
    "50": 120.10552083333333,
    "51": 122.70614583333328,
    "52": 124.89343749999996,
    "53": 126.49031249999997,
    "54": 128.31031249999998,
    "55": 130.0255208333333,
    "56": 131.8469791666666,
    "57": 133.6069791666666,
    "58": 135.76354166666664,
    "59": 137.83395833333333,
    "60": 139.1939583333333,
    "61": 140.27395833333333,
    "62": 145.44145833333332,
    "63": 147.78749999999997,
    "64": 151.94729166666662,
    "65": 154.7320833333333,
    "66": 159.39718749999994,
    "67": 161.1964583333333,
    "68": 167.1370833333332,
    "69": 168.96645833333332,
    "70": 170.80645833333332,
    "71": 174.36374999999998,
    "72": 176.6364583333333,
    "73": 178.87479166666662,
    "74": 181.05104166666663,
    "75": 182.93291666666664,
    "76": 184.8587499999999,
    "77": 187.28395833333326,
    "78": 189.49291666666662,
    "79": 191.53645833333331,
    "80": 193.49885416666663,
    "81": 195.28156249999998,
    "82": 196.55645833333332,
    "83": 197.99645833333332,
    "84": 199.2364583333333,
    "85": 204.9139583333333,
    "86": 212.3935416666665,
    "87": 215.73312499999997,
    "88": 218.26354166666664,
    "89": 219.95833333333331,
    "90": 221.7941666666666,
    "91": 224.34395833333332,
    "92": 226.2727083333333,
    "93": 228.09395833333332,
    "94": 229.2939583333333,
    "95": 232.00468749999996,
    "96": 234.00468749999996,
    "97": 235.93395833333332,
    "98": 238.39916666666664,
    "99": 240.70364583333327,
    "100": 242.6765625,
    "101": 244.32395833333334,
    "102": 245.8358333333333,
    "103": 248.18395833333332,
    "104": 250.22093749999996,
    "105": 252.07593749999998,
    "106": 253.61666666666665,
    "107": 255.56697916666667,
    "108": 257.6869791666666,
    "109": 259.8374999999999,
    "110": 260.90697916666664,
    "111": 264.02697916666665,
    "112": 266.52697916666665,
    "113": 269.66697916666664,
    "114": 272.34697916666664,
    "115": 276.77874999999995,
    "116": 279.9389583333333,
    "117": 283.7739583333332,
    "118": 288.6789583333333,
    "119": 291.8956249999997,
    "120": 293.149375,
    "121": 294.2989583333333,
    "122": 295.43703125,
    "123": 296.6189583333333,
    "124": 297.7442708333333,
    "125": 298.8789583333333,
    "126": 299.99430208333337,
    "127": 301.13895833333333,
    "128": 302.1889583333333,
    "129": 303.0796875,
    "130": 304.10566666666665,
    "131": 304.9389583333333,
    "132": 305.8489583333333,
    "133": 306.7189583333333,
    "134": 307.6459375,
    "135": 308.57895833333333,
    "136": 309.66738541666666,
    "137": 310.31288541666663,
    "138": 311.0749583333333,
    "139": 311.9033333333333,
    "140": 312.81084375,
    "141": 313.4528854166666,
    "142": 314.3479791666667,
    "143": 315.25895833333334,
    "144": 316.2989583333333,
    "145": 317.25895833333334,
    "146": 318.0989583333333,
    "147": 319.0389583333333,
    "148": 319.8791145833333,
    "149": 320.78411458333335,
    "150": 321.659125,
    "151": 322.6189583333333,
    "152": 323.57923958333333,
    "153": 324.5041145833333,
    "154": 325.37916666666666,
    "155": 326.2789583333333,
    "156": 327.2189583333333,
    "157": 328.12609375,
    "158": 329.01895833333333,
    "159": 330.09875,
    "160": 331.13895833333333,
    "161": 332.0389583333333,
    "162": 333.0389583333333,
    "163": 333.81895833333334,
    "164": 334.7789583333333,
    "165": 335.4589583333333,
    "166": 336.4094791666667,
    "167": 337.07895833333333,
    "168": 337.9989583333333,
    "169": 338.7189583333333,
    "170": 339.5589583333333,
    "171": 340.2789583333333,
    "172": 341.08750000000003,
    "173": 341.73965625,
    "174": 342.43223958333334,
    "175": 343.11913541666667,
    "176": 343.8096875,
    "177": 344.45937499999997,
    "178": 345.4789583333333,
    "179": 346.31895833333334,
    "180": 348.3389583333333,
    "181": 349.81895833333334,
    "182": 351.0385416666667,
    "183": 352.1789583333333,
    "184": 353.2189583333333,
    "185": 354.2389583333333,
    "186": 355.3389583333333,
    "187": 356.57895833333333,
    "188": 357.52609375,
    "189": 358.36421875,
    "190": 359.1548645833333,
    "191": 359.93587499999995,
    "192": 360.69265624999997,
    "193": 361.46609374999997,
    "194": 362.2596875,
    "195": 363.2389583333333,
    "196": 363.99385416666667,
    "197": 364.7144270833333,
    "198": 365.3789583333333,
    "199": 365.9594583333333,
    "200": 366.7989583333333,
    "201": 367.4592708333333,
    "202": 368.17685416666666,
    "203": 369.0989583333333,
    "204": 369.89385416666664,
    "205": 370.6328854166666,
    "206": 371.31895833333334,
    "207": 372.099625,
    "208": 372.79788541666665,
    "209": 373.45991666666663,
    "210": 374.25895833333334,
    "211": 375.01962499999996,
    "212": 375.695625,
    "213": 376.3995833333333,
    "214": 377.1168229166667,
    "215": 377.8492708333333,
    "216": 378.62213541666665,
    "217": 379.31947916666667,
    "218": 380.0394791666667,
    "219": 380.7394791666667,
    "220": 381.4794791666667,
    "221": 382.2394791666667,
    "222": 382.99189583333333,
    "223": 383.69947916666666,
    "224": 384.4398958333333,
    "225": 385.1794791666667,
    "226": 385.9396875,
    "227": 386.6194791666667,
    "228": 387.35692708333335,
    "229": 388.27947916666665,
    "230": 389.0299166666666,
    "231": 389.95937499999997,
    "232": 390.7549375,
    "233": 391.77947916666665,
    "234": 392.64677083333333,
    "235": 393.7194791666667,
    "236": 395.2994791666667,
    "237": 396.27947916666665,
    "238": 397.27953125,
    "239": 398.1194791666667,
    "240": 398.8998958333333,
    "241": 399.5759375,
    "242": 400.3799270833333,
    "243": 401.1399270833333,
    "244": 402.337125,
    "245": 403.14733333333334,
    "246": 403.9799479166667,
    "247": 404.77947916666665,
    "248": 405.4797291666667,
    "249": 406.1569270833333,
    "250": 406.7958958333333,
    "251": 407.4198958333333,
    "252": 408.31594791666663,
    "253": 409.1194791666667,
    "254": 410.1592708333334,
    "255": 414.5994791666667,
    "256": 415.7918958333333,
    "257": 416.4194791666667,
    "258": 417.5369270833333,
    "259": 418.0969270833333,
    "260": 418.6195729166667,
    "261": 419.17971875,
    "262": 419.7666145833333,
    "263": 420.7394791666667,
    "264": 421.4394791666667,
    "265": 422.2194791666667,
    "266": 423.13947916666666,
    "267": 423.77947916666665,
    "268": 424.75895833333334,
    "269": 425.5991666666667,
    "270": 426.53223958333336,
    "271": 427.36255208333336,
    "272": 428.1595833333334,
    "273": 429.01895833333333,
    "274": 430.01895833333333,
    "275": 430.99895833333335,
    "276": 431.83909374999996,
    "277": 432.5138541666667,
    "278": 433.25895833333334,