{
    "1": 4.370891844340852,
    "2": 5.8084036591344725,
    "3": 7.964671381324903,
    "4": 9.16259789365292,
    "5": 12.660624459926773,
    "6": 14.828744177047277,
    "7": 17.34485337063084,
    "8": 19.131459374195526,
    "9": 21.215371742548836,
    "10": 22.35928411090214,
    "11": 24.41167155021308,
    "12": 26.676928579978394,
    "13": 30.798135212200613,
    "14": 33.2459116764037,
    "15": 34.48982404475701,
    "16": 36.95373641311031,
    "17": 38.26400292848815,
    "18": 39.41253924190526,
    "19": 40.20467741538785,
    "20": 42.063248227903934,
    "21": 43.44493012456732,
    "22": 44.92647058148363,
    "23": 45.865035359936776,
    "24": 46.774473864145044,
    "25": 49.80768421518649,
    "26": 51.322574675628125,
    "27": 52.37746513606976,
    "28": 53.14137750442307,
    "29": 54.45628265649621,
    "30": 56.21783468963109,
    "31": 57.27958174761548,
    "32": 59.20349411596878,
    "33": 61.0957998986671,
    "34": 65.30876408289623,
    "35": 66.28436757937334,
    "36": 69.40952309586781,
    "37": 71.47262663743645,
    "38": 72.79126020092774,
    "39": 73.93356437672885,
    "40": 76.39495349016431,
    "41": 78.62277822687093,
    "42": 79.76905237337077,
    "43": 81.08353723984253,
    "44": 83.21391674632832,
    "45": 84.32429625281412,
    "46": 85.25467575929991,
    "47": 86.30505526578571,
    "48": 87.25634781781721,
    "49": 88.30581427875731,
    "50": 88.98972664711061,
    "51": 89.67374193558966,
    "52": 90.19995983248917,
    "53": 90.7227880322232,
    "54": 91.34855908872531,
    "55": 92.11247145707863,
    "56": 92.89638382543193,
    "57": 93.78441467129934,
    "58": 95.33518665422687,
    "59": 96.39909902258017,
    "60": 97.18301139093349,
    "61": 97.94900088707283,
    "62": 100.46385061758961,
    "63": 101.47874107803125,
    "64": 103.45877195341309,
    "65": 104.17621718363391,
    "66": 107.70686922316357,
    "67": 109.10161670254857,
    "68": 111.0487711663614,
    "69": 112.26606465957556,
    "70": 113.68412213402507,
    "71": 114.89215663640343,
    "72": 117.37352354842253,
    "73": 119.35547973259918,
    "74": 122.54207004432084,
    "75": 123.79896250190612,
    "76": 124.52465275443495,
    "77": 125.14856512278826,
    "78": 126.33443367531822,
    "79": 127.31834604367151,
    "80": 128.47323650411315,
    "81": 130.1994424066729,
    "82": 131.9520393329081,
    "83": 133.15595170126142,
    "84": 134.4797009531524,
    "85": 137.8291126156187,
    "86": 141.6432218944662,
    "87": 142.7995061250658,
    "88": 144.5302554802573,
    "89": 146.15830895386074,
    "90": 147.60222132221404,
    "91": 149.13842727396448,
    "92": 149.93004605892065,
    "93": 151.8049365193623,
    "94": 154.5869351059486,
    "95": 156.1172350874201,
    "96": 157.96765171651055,
    "97": 159.04406748312348,
    "98": 159.8664545453055,
    "99": 160.75036691365878,
    "100": 161.76512613323146,
    "101": 163.15867158792597,
    "102": 164.19662991025967,
    "103": 165.09699447916034,
    "104": 166.051884939602,
    "105": 167.4067754000436,
    "106": 168.17068776839693,
    "107": 170.18557822883855,
    "108": 170.90949059719185,
    "109": 171.7734238552087,
    "110": 173.03731533389848,
    "111": 174.22122770225178,
    "112": 176.44145673429296,
    "113": 178.81296480731172,
    "114": 179.49687717566502,
    "115": 185.37664925861372,
    "116": 187.45205166338454,
    "117": 188.6080156951224,
    "118": 190.4966273523417,
    "119": 351.75168086365807,
    "120": 353.2665713240997,
    "121": 354.3614617845413,
    "122": 354.97635224498293,
    "123": 357.00674562325474,
    "124": 357.7162746482453,
    "125": 358.6210236263079,
    "126": 359.5759140867495,
    "127": 360.5024643637753,
    "128": 361.26569500763276,
    "129": 362.3405854680744,
    "130": 363.295475928516,
    "131": 364.53102931111664,
    "132": 365.3252568493993,
    "133": 366.7201473098409,
    "134": 367.95503777028256,
    "135": 370.18496411536205,
    "136": 371.42240934558293,
    "137": 373.41956372741123,
    "138": 374.31189941807366,
    "139": 375.24949007249074,
    "140": 376.34438053293235,
    "141": 377.339270993374,
    "142": 378.4141614538156,
    "143": 380.44905191425727,
    "144": 381.35296428261057,
    "145": 382.1831889858675,
    "146": 383.51039450965857,
    "147": 384.50235069383524,
    "148": 385.2486137560239,
    "149": 385.9362630621886,
    "150": 386.7582192463652,
    "151": 387.4803508610837,
    "152": 388.28426322943704,
    "153": 390.4081755977904,
    "154": 391.2181319492155,
    "155": 392.09760086969203,
    "156": 394.4998690542754,
    "157": 395.58382507120353,
    "158": 396.40160615933536,
    "159": 397.0359528424863,
    "160": 397.82068057015346,
    "161": 398.6194745446168,
    "162": 399.6416934564851,
    "163": 400.41094892198515,
    "164": 401.4356058248384,
    "165": 402.21512401803005,
    "166": 402.61475909659583,
    "167": 403.39147437736835,
    "168": 404.24686112308996,
    "169": 405.0107734914433,
    "170": 405.7746858597966,
    "171": 407.07929911407496,
    "172": 407.9025105965032,
    "173": 408.7754882261986,
    "174": 410.6264694664937,
    "175": 411.4213715523447,
    "176": 412.2272401048746,
    "177": 413.02310865740463,
    "178": 413.745984806623,
    "179": 414.4876928022484,
    "180": 416.56071439697894,
    "181": 418.16526331470095,
    "182": 418.78163428003626,
    "183": 419.5627733241948,
    "184": 420.4647295083714,
    "185": 421.85535996956736,
    "186": 422.78019725482926,
    "187": 423.6211961218028,
    "188": 424.33255424507803,
    "189": 425.001667729733,
    "190": 425.43939984029413,
    "191": 426.66255004746876,
    "192": 428.201136945354,
    "193": 429.0270054978839,
    "194": 429.822874050414,
    "195": 431.77249506862927,
    "196": 432.7981445420427,
    "197": 437.37047970800376,
    "198": 438.14211608684457,
    "199": 438.9481445420425,
    "200": 440.0160284551979,
    "201": 441.03798463937454,
    "202": 441.8899408235512,
    "203": 443.1837940154557,
    "204": 444.54924766057087,
    "205": 446.99796063429807,
    "206": 448.3052746892376,
    "207": 450.45332186642753,
    "208": 452.5833558572223,
    "209": 453.7409023383633,
    "210": 455.20295849450116,
    "211": 456.5950929622822,
    "212": 458.0190053306355,
    "213": 458.80291769898884,
    "214": 462.3230261481527,
    "215": 463.6307424356954,
    "216": 465.65465480404873,
    "217": 466.85856717240205,
    "218": 467.9171906681906,
    "219": 469.0663919091087,
    "220": 469.830304277462,
    "221": 470.65421664581527,
    "222": 471.5790645070843,
    "223": 473.85730759455686,
    "224": 474.94595375087516,
    "225": 476.099732238457,
    "226": 477.56062534536,
    "227": 479.37769085593504,
    "228": 481.7216032242884,
    "229": 482.6055155926417,
    "230": 483.48942796099504,
    "231": 485.7833508233708,
    "232": 486.6972526977017,
    "233": 487.50116506605497,
    "234": 488.16006194752663,
    "235": 488.9134847041424,
    "236": 489.46137978031425,
    "237": 490.1968145394682,
    "238": 490.96072690782154,
    "239": 491.5723196380874,
    "240": 492.2685516445281,
    "241": 493.0124640128814,
    "242": 493.83637638123474,
    "243": 494.7204619993409,
    "244": 496.33758960501484,
    "245": 497.079091578383,
    "246": 498.0339820388246,
    "247": 498.7978944071779,
    "248": 499.56180677553124,
    "249": 500.3428595719423,
    "250": 501.1696315122378,
    "251": 501.9335438805911,
    "252": 503.49745624894445,
    "253": 504.26136861729776,
    "254": 507.40406774547404,
    "255": 508.4691933540044,
    "256": 509.4622246343896,
    "257": 511.5724217088532,
    "258": 514.9013956885965,
    "259": 517.2048428274177,
    "260": 517.9687551957709,
    "261": 518.7326675641243,
    "262": 519.5448698987162,
    "263": 520.9804923008307,
    "264": 527.2444046691842,
    "265": 528.0083170375374,
    "266": 529.6361147029454,
    "267": 530.8561417742442,