{
    "1": 0.0,
    "2": 5.28,
    "3": 9.05,
    "4": 11.74,
    "5": 15.855,
    "6": 18.565,
    "7": 22.385,
    "8": 24.995,
    "9": 30.544999999999995,
    "10": 33.275,
    "11": 34.86,
    "12": 37.555,
    "13": 39.227500000000006,
    "14": 40.8025,
    "15": 42.2425,
    "16": 43.9425,
    "17": 45.5175,
    "18": 46.875,
    "19": 48.355000000000004,
    "20": 50.21000000000001,
    "21": 51.535000000000004,
    "22": 52.877500000000005,
    "23": 54.3475,
    "24": 55.887499999999996,
    "25": 64.15749999999998,
    "26": 66.61572916666667,
    "27": 69.42979166666666,
    "28": 71.21729166666667,
    "29": 72.46375,
    "30": 73.91239583333333,
    "31": 75.57989583333332,
    "32": 77.20197916666666,
    "33": 78.81270833333332,
    "34": 80.48979166666666,
    "35": 82.60979166666667,
    "36": 84.39979166666666,
    "37": 85.7896875,
    "38": 87.19583333333334,
    "39": 88.68513541666665,
    "40": 90.24503125,
    "41": 91.90968749999999,
    "42": 93.29479166666667,
    "43": 95.38979166666667,
    "44": 97.0903125,
    "45": 98.43979166666666,
    "46": 99.61479166666666,
    "47": 100.84979166666666,
    "48": 102.60479166666667,
    "49": 103.95216666666667,
    "50": 105.32968749999999,
    "51": 107.28552083333331,
    "52": 108.82468749999998,
    "53": 110.13593749999998,
    "54": 111.50072916666664,
    "55": 112.81833333333331,
    "56": 114.51593749999999,
    "57": 117.2159375,
    "58": 120.32124999999986,
    "59": 123.07333333333322,
    "60": 124.17395833333332,
    "61": 125.04567708333333,
    "62": 129.98270833333328,
    "63": 132.31666666666663,
    "64": 135.67833333333334,
    "65": 137.7189583333333,
    "66": 141.79072916666664,
    "67": 144.03104166666662,
    "68": 147.73666666666662,
    "69": 149.68645833333332,
    "70": 151.58749999999998,
    "71": 154.8404166666666,
    "72": 157.03645833333331,
    "73": 158.6764583333333,
    "74": 160.2364583333333,
    "75": 161.4564583333333,
    "76": 163.00375,
    "77": 164.4764583333333,
    "78": 165.9564583333333,
    "79": 167.3564583333333,
    "80": 169.38156249999997,
    "81": 170.67239583333333,
    "82": 172.03645833333331,
    "83": 173.81291666666664,
    "84": 175.74791666666655,
    "85": 180.1139583333333,
    "86": 190.07833333333332,
    "87": 192.41666666666663,
    "88": 194.03312499999998,
    "89": 195.48624999999996,
    "90": 196.94229166666665,
    "91": 198.26541666666662,
    "92": 200.04395833333334,
    "93": 202.37395833333332,
    "94": 203.37395833333332,
    "95": 207.10072916666664,
    "96": 208.43697916666653,
    "97": 211.71395833333332,
    "98": 213.864375,
    "99": 215.1217708333333,
    "100": 217.12697916666664,
    "101": 218.36395833333333,
    "102": 219.77749999999997,
    "103": 221.583125,
    "104": 223.44697916666667,
    "105": 225.67510416666664,
    "106": 228.17989583333332,
    "107": 230.76874999999998,
    "108": 233.05656249999998,
    "109": 235.98531249999996,
    "110": 237.04697916666666,
    "111": 240.52697916666665,
    "112": 243.30697916666665,
    "113": 246.64697916666665,
    "114": 249.06697916666667,
    "115": 253.87895833333332,
    "116": 256.8789583333333,
    "117": 260.39479166666655,
    "118": 263.9966666666666,
    "119": 276.07999999999925,
    "120": 277.2089583333333,
    "121": 278.19895833333334,
    "122": 279.11703125,
    "123": 280.019125,
    "124": 281.049375,
    "125": 281.9389583333333,
    "126": 282.79703125,
    "127": 283.5466979166667,
    "128": 284.2889583333333,
    "129": 285.3789583333333,
    "130": 286.21447916666665,
    "131": 286.9789583333333,
    "132": 288.0097916666667,
    "133": 288.75895833333334,
    "134": 289.47447916666664,
    "135": 290.5389583333333,
    "136": 291.67175000000003,
    "137": 291.9749166666667,
    "138": 292.69447916666667,
    "139": 293.4692708333333,
    "140": 294.437625,
    "141": 295.19487499999997,
    "142": 295.95447916666666,
    "143": 297.2789583333333,
    "144": 298.3589583333333,
    "145": 299.26906249999996,
    "146": 300.12941666666666,
    "147": 300.92729166666663,
    "148": 301.7389583333333,
    "149": 302.45979166666666,
    "150": 303.2593333333333,
    "151": 303.9997916666667,
    "152": 304.8989583333333,
    "153": 305.61088541666663,
    "154": 306.3389583333333,
    "155": 307.0696875,
    "156": 307.80421875,
    "157": 308.49385416666667,
    "158": 309.19895833333334,
    "159": 309.92213541666666,
    "160": 310.5989583333333,
    "161": 311.3589583333333,
    "162": 312.3589583333333,
    "163": 314.6758333333333,
    "164": 316.25895833333334,
    "165": 317.25895833333334,
    "166": 318.3789583333333,
    "167": 319.6589583333333,
    "168": 320.6589583333333,
    "169": 321.7989583333333,
    "170": 322.3989583333333,
    "171": 323.3989583333333,
    "172": 324.36776041666667,
    "173": 325.31895833333334,
    "174": 326.81874999999997,
    "175": 328.35875,
    "176": 329.51895833333333,
    "177": 330.7389583333333,
    "178": 331.3989583333333,
    "179": 332.07895833333333,
    "180": 332.6189583333333,
    "181": 333.3789583333333,
    "182": 334.07895833333333,
    "183": 334.8789583333333,
    "184": 336.49812499999996,
    "185": 338.5589583333333,
    "186": 341.4189583333333,
    "187": 342.7189583333333,
    "188": 343.13895833333333,
    "189": 343.7389583333333,
    "190": 345.4933333333332,
    "191": 347.4989583333333,
    "192": 349.0566666666666,
    "193": 351.218125,
    "194": 352.2989583333333,
    "195": 353.9589583333333,
    "196": 354.8079375,
    "197": 356.69895833333334,
    "198": 357.5992708333333,
    "199": 358.4189583333333,
    "200": 359.3989583333333,
    "201": 360.3989583333333,
    "202": 361.1789583333333,
    "203": 362.2989583333333,
    "204": 363.2989583333333,
    "205": 364.5349166666667,
    "206": 365.4189583333333,
    "207": 366.8589583333333,
    "208": 368.13895833333333,
    "209": 370.3989583333333,
    "210": 371.79749999999996,
    "211": 373.69895833333334,
    "212": 374.6589583333333,
    "213": 375.71833333333336,
    "214": 376.8389583333333,
    "215": 377.9589583333333,
    "216": 379.9933333333332,
    "217": 381.1794791666667,
    "218": 382.23906250000005,
    "219": 383.9590625,
    "220": 385.01947916666666,
    "221": 385.9394791666667,
    "222": 386.9794791666667,
    "223": 387.95947916666665,
    "224": 390.3585416666667,
    "225": 391.39947916666665,
    "226": 394.13947916666666,
    "227": 395.4794791666667,
    "228": 396.4994791666667,
    "229": 397.2994791666667,
    "230": 398.4394791666667,
    "231": 399.6794791666667,
    "232": 400.91895833333336,
    "233": 401.9794791666667,
    "234": 402.61973958333334,
    "235": 403.6194791666667,
    "236": 404.7394791666667,
    "237": 405.7394791666667,
    "238": 407.27947916666665,
    "239": 408.39927083333333,
    "240": 410.4994791666667,
    "241": 411.5394791666667,
    "242": 412.5994791666667,
    "243": 413.5994791666667,
    "244": 414.7089583333334,
    "245": 417.98895833333336,
    "246": 419.07947916666666,
    "247": 420.07947916666666,
    "248": 421.85927083333337,
    "249": 423.07947916666666,
    "250": 424.0994791666667,
    "251": 424.95947916666665,
    "252": 425.6194791666667,
    "253": 427.69677083333335,
    "254": 428.9194791666667,
    "255": 429.9194791666667,
    "256": 432.1794791666667,
    "257": 437.0786458333333,
    "258": 438.1794791666667,
    "259": 439.51947916666666,
    "260": 440.75947916666667,
    "261": 441.89947916666665,
    "262": 443.45947916666665,
    "263": 445.9734375000001,
    "264": 448.2194791666667,
    "265": 450.7782291666667,
    "266": 453.19947916666666,
    "267": 454.81947916666667,
    "268": 456.89729166666666,
    "269": 458.41895833333336,
    "270": 462.11895833333335,
    "271": 463.7189583333334,
    "272": 466.4143750000001,
    "273": 467.6589583333334,
    "274": 469.09895833333337,
    "275": 470.1385416666667,
    "276": 471.09895833333337,