{
    "1": 0.0,
    "2": 5.62,
    "3": 9.73,
    "4": 12.38,
    "5": 17.005,
    "6": 20.665,
    "7": 25.235,
    "8": 29.075,
    "9": 33.76499999999999,
    "10": 36.115,
    "11": 38.425,
    "12": 40.255,
    "13": 41.980000000000004,
    "14": 43.5975,
    "15": 45.3775,
    "16": 47.2175,
    "17": 48.6775,
    "18": 50.115,
    "19": 51.35,
    "20": 53.375,
    "21": 54.795,
    "22": 56.237500000000004,
    "23": 57.6175,
    "24": 58.917500000000004,
    "25": 66.34104166666665,
    "26": 69.11989583333333,
    "27": 73.20375,
    "28": 75.20979166666666,
    "29": 76.82979166666667,
    "30": 78.2771875,
    "31": 79.70947916666665,
    "32": 81.33927083333333,
    "33": 83.55479166666666,
    "34": 85.18979166666666,
    "35": 86.99875,
    "36": 88.89979166666666,
    "37": 90.2296875,
    "38": 91.51979166666666,
    "39": 93.10968749999999,
    "40": 94.61261458333333,
    "41": 96.10968749999999,
    "42": 97.53479166666666,
    "43": 99.16979166666667,
    "44": 100.95239583333334,
    "45": 102.37979166666666,
    "46": 103.97479166666666,
    "47": 105.54979166666666,
    "48": 107.14479166666666,
    "49": 108.89739583333332,
    "50": 110.36927083333332,
    "51": 113.04072916666665,
    "52": 114.48072916666665,
    "53": 115.90072916666665,
    "54": 117.45031249999998,
    "55": 118.96947916666664,
    "56": 120.60552083333332,
    "57": 122.09593749999999,
    "58": 123.91395833333331,
    "59": 125.67395833333332,
    "60": 127.11395833333331,
    "61": 128.50874999999996,
    "62": 134.00895833333328,
    "63": 137.0114583333333,
    "64": 140.92145833333333,
    "65": 143.25895833333328,
    "66": 148.4765624999999,
    "67": 151.7564583333333,
    "68": 156.21479166666663,
    "69": 158.96645833333332,
    "70": 160.82645833333333,
    "71": 164.4783333333333,
    "72": 166.2364583333333,
    "73": 167.69104166666662,
    "74": 169.37291666666664,
    "75": 170.98749999999995,
    "76": 172.8602083333333,
    "77": 174.27291666666662,
    "78": 175.83645833333333,
    "79": 177.1764583333333,
    "80": 179.14427083333328,
    "81": 180.42968749999997,
    "82": 181.66187499999998,
    "83": 182.6964583333333,
    "84": 184.0164583333333,
    "85": 188.31395833333332,
    "86": 194.9139583333333,
    "87": 196.4539583333333,
    "88": 198.42874999999998,
    "89": 199.87104166666663,
    "90": 201.4439583333333,
    "91": 203.12395833333332,
    "92": 204.88395833333334,
    "93": 206.52874999999997,
    "94": 208.25395833333332,
    "95": 210.09510416666663,
    "96": 211.7742708333333,
    "97": 213.6783333333333,
    "98": 215.70697916666666,
    "99": 217.64697916666665,
    "100": 219.10697916666666,
    "101": 220.41833333333332,
    "102": 221.98395833333333,
    "103": 223.14395833333333,
    "104": 225.70697916666666,
    "105": 227.33260416666664,
    "106": 229.18552083333333,
    "107": 231.25572916666664,
    "108": 233.00697916666667,
    "109": 236.60697916666666,
    "110": 237.60697916666666,
    "111": 238.72697916666667,
    "112": 240.76697916666666,
    "113": 244.08697916666665,
    "114": 245.60697916666666,
    "115": 249.11791666666664,
    "116": 251.29895833333333,
    "117": 255.39895833333333,
    "118": 259.29791666666665,
    "119": 261.5493749999999,
    "120": 262.56937500000004,
    "121": 263.4989583333333,
    "122": 264.41447916666664,
    "123": 265.4189583333333,
    "124": 266.3519270833333,
    "125": 267.3789583333333,
    "126": 268.33447916666665,
    "127": 269.13895833333333,
    "128": 270.23447916666663,
    "129": 271.2189583333333,
    "130": 271.91805208333335,
    "131": 273.0991666666667,
    "132": 274.0489583333333,
    "133": 274.9989583333333,
    "134": 276.01447916666666,
    "135": 276.9066458333333,
    "136": 277.83517708333335,
    "137": 278.8589583333333,
    "138": 279.5149583333333,
    "139": 280.6033333333333,
    "140": 281.497625,
    "141": 282.5989583333333,
    "142": 283.23447916666663,
    "143": 284.7789583333333,
    "144": 285.919375,
    "145": 286.71067708333334,
    "146": 287.60439583333334,
    "147": 288.3389583333333,
    "148": 289.1589583333333,
    "149": 289.9472916666666,
    "150": 290.8195833333333,
    "151": 291.57895833333333,
    "152": 292.51895833333333,
    "153": 293.31385416666666,
    "154": 294.0989583333333,
    "155": 294.8989583333333,
    "156": 295.7989583333333,
    "157": 296.62947916666667,
    "158": 297.3789583333333,
    "159": 298.0798541666666,
    "160": 299.07895833333333,
    "161": 299.85442708333335,
    "162": 300.51909374999997,
    "163": 301.47923958333337,
    "164": 302.39916666666664,
    "165": 303.20947916666665,
    "166": 304.07895833333333,
    "167": 304.77937499999996,
    "168": 305.6589583333333,
    "169": 306.48531249999996,
    "170": 307.2389583333333,
    "171": 308.07895833333333,
    "172": 308.9189583333333,
    "173": 309.63590625,
    "174": 310.31895833333334,
    "175": 311.13895833333333,
    "176": 311.9397916666667,
    "177": 312.6793125,
    "178": 313.6789583333333,
    "179": 314.6789583333333,
    "180": 316.2989583333333,
    "181": 317.3789583333333,
    "182": 318.3389583333333,
    "183": 319.12609375,
    "184": 319.88609375,
    "185": 320.6290625,
    "186": 321.47682291666666,
    "187": 322.159375,
    "188": 322.92428125,
    "189": 323.679375,
    "190": 324.41252083333336,
    "191": 325.1842708333333,
    "192": 325.89916666666664,
    "193": 326.6589583333333,
    "194": 327.55145833333336,
    "195": 328.22980208333337,
    "196": 329.01088541666667,
    "197": 329.6394583333333,
    "198": 330.53911458333334,
    "199": 331.21958333333333,
    "200": 331.94677083333335,
    "201": 332.61442708333334,
    "202": 333.5989583333333,
    "203": 334.5389583333333,
    "204": 335.4789583333333,
    "205": 336.0596875,
    "206": 336.819375,
    "207": 337.569375,
    "208": 338.3989583333333,
    "209": 339.0194583333333,
    "210": 339.7592916666666,
    "211": 340.5395833333333,
    "212": 341.4389583333333,
    "213": 342.1244791666667,
    "214": 343.15875,
    "215": 343.67690625,
    "216": 344.48114583333336,
    "217": 345.07947916666666,
    "218": 345.9194791666667,
    "219": 346.9394791666667,
    "220": 347.87947916666667,
    "221": 348.4769270833333,
    "222": 349.15989583333334,
    "223": 349.83947916666665,
    "224": 350.5396875,
    "225": 351.2497916666667,
    "226": 351.93291666666664,
    "227": 352.61953125,
    "228": 353.3397395833333,
    "229": 354.19947916666666,
    "230": 354.9794791666667,
    "231": 355.81947916666667,
    "232": 356.63947916666666,
    "233": 357.4794791666667,
    "234": 358.3594791666667,
    "235": 359.93906250000003,
    "236": 361.7994791666667,
    "237": 362.6794791666667,
    "238": 363.63947916666666,
    "239": 364.37987499999997,
    "240": 365.16991666666667,
    "241": 365.77595833333334,
    "242": 366.77947916666665,
    "243": 367.29896875,
    "244": 368.1739166666667,
    "245": 368.8595833333333,
    "246": 369.4994791666667,
    "247": 370.3558958333333,
    "248": 371.0718958333333,
    "249": 371.73283333333336,
    "250": 372.48463541666666,
    "251": 373.19947916666666,
    "252": 374.2994791666667,
    "253": 377.4394791666667,
    "254": 378.4794791666667,
    "255": 381.0594791666667,
    "256": 382.3697916666667,
    "257": 383.1990625,
    "258": 384.2194791666667,
    "259": 384.85291666666666,
    "260": 385.47594791666666,
    "261": 386.07972916666665,
    "262": 386.679875,
    "263": 387.25975,
    "264": 387.89947916666665,
    "265": 388.55963541666665,
    "266": 389.25276041666666,
    "267": 390.1194791666667,
    "268": 390.91265625,
    "269": 391.5768229166667,
    "270": 392.29895833333336,
    "271": 392.7758958333333,
    "272": 393.5798541666667,
    "273": 394.2198229166667,
    "274": 395.01895833333333,
    "275": 396.01895833333333,
    "276": 396.7643229166667,
    "277": 397.45486458333335,
    "278": 398.11895833333335,