{
    "1": 4.204788684820233,
    "2": 5.8927417634221015,
    "3": 8.424671381324904,
    "4": 9.831298946826461,
    "5": 13.373853716605643,
    "6": 15.268744177047278,
    "7": 19.474794718883178,
    "8": 21.768885616794375,
    "9": 23.255371742548835,
    "10": 25.178425043984713,
    "11": 27.56319647925545,
    "12": 30.02030273615241,
    "13": 34.043769157739916,
    "14": 36.0859116764037,
    "15": 37.76982404475701,
    "16": 39.25373641311032,
    "17": 40.70400292848816,
    "18": 42.27253924190526,
    "19": 43.270322576413704,
    "20": 45.066032423250164,
    "21": 46.52623253114183,
    "22": 48.141122991583465,
    "23": 49.02503535993677,
    "24": 50.014473864145046,
    "25": 52.938421075932446,
    "26": 54.52863441613063,
    "27": 55.73746513606976,
    "28": 56.74137750442307,
    "29": 57.677934809164555,
    "30": 59.03783468963109,
    "31": 60.29958174761548,
    "32": 62.217839880892846,
    "33": 63.35838457641042,
    "34": 67.58876408289623,
    "35": 68.50746751362173,
    "36": 73.17942771504138,
    "37": 75.43078329679555,
    "38": 77.15126020092774,
    "39": 78.34069313018655,
    "40": 80.73588837639436,
    "41": 83.27689032598697,
    "42": 84.54631546671347,
    "43": 86.03836703171655,
    "44": 87.77391674632833,
    "45": 88.82429625281412,
    "46": 89.70627303150994,
    "47": 90.67604421262857,
    "48": 91.59543477227152,
    "49": 92.72581427875731,
    "50": 93.46778131768849,
    "51": 94.14841099183269,
    "52": 94.58729546576242,
    "53": 95.03992743383436,
    "54": 95.56742363549013,
    "55": 96.29948287424718,
    "56": 96.97638382543192,
    "57": 97.90029619378524,
    "58": 99.11518665422687,
    "59": 100.13909902258018,
    "60": 101.05742050368028,
    "61": 101.85038563893019,
    "62": 104.99247135869716,
    "63": 106.17874107803125,
    "64": 108.05894387993527,
    "65": 109.45621718363391,
    "66": 113.35345248421386,
    "67": 114.70323340509714,
    "68": 116.92854774206349,
    "69": 118.28433189969682,
    "70": 119.78412213402507,
    "71": 120.8450192909648,
    "72": 122.25352354842254,
    "73": 123.39586351867854,
    "74": 125.54397323368383,
    "75": 126.65111057912245,
    "76": 127.48465275443495,
    "77": 128.85883444203773,
    "78": 130.72132041038188,
    "79": 131.6983460436715,
    "80": 132.88388380493578,
    "81": 134.17601263217958,
    "82": 136.77203933290812,
    "83": 137.65595170126142,
    "84": 139.49986406961472,
    "85": 143.3691126156187,
    "86": 148.12559692131614,
    "87": 151.21950612506578,
    "88": 152.35856205656606,
    "89": 154.07830895386073,
    "90": 156.08088690887087,
    "91": 158.44920053585102,
    "92": 159.21817502389848,
    "93": 161.00493651936227,
    "94": 164.38615822034495,
    "95": 165.82845313189182,
    "96": 166.80765171651055,
    "97": 168.0825421769522,
    "98": 168.96645454530548,
    "99": 170.19036691365878,
    "100": 171.2342792820121,
    "101": 173.07867158792595,
    "102": 174.11308211080703,
    "103": 174.97699447916034,
    "104": 175.99565481880595,
    "105": 177.2267754000436,
    "106": 178.63068776839694,
    "107": 179.8300408119094,
    "108": 180.66949059719184,
    "109": 181.5067014827726,
    "110": 182.25731533389848,
    "111": 183.2559286472057,
    "112": 184.1051400706051,
    "113": 187.01296480731173,
    "114": 187.796877175665,
    "115": 191.60822915009896,
    "116": 193.01779632086127,
    "117": 194.28963452926928,
    "118": 195.3719280634757,
    "119": 327.10251277729225,
    "120": 327.8265713240997,
    "121": 328.56146178454134,
    "122": 329.21381134698976,
    "123": 329.9512427054246,
    "124": 330.6162746482453,
    "125": 331.43261417578475,
    "126": 332.0559140867495,
    "127": 332.73080454719116,
    "128": 333.6856950076328,
    "129": 334.5805854680744,
    "130": 335.475475928516,
    "131": 336.0451099166873,
    "132": 336.7631541096396,
    "133": 337.47811784787274,
    "134": 338.2235339932543,
    "135": 338.8960906699941,
    "136": 339.66448186911657,
    "137": 340.34362189708975,
    "138": 341.1118994180737,
    "139": 341.81264305074353,
    "140": 342.58438053293236,
    "141": 343.6275042754943,
    "142": 343.9919142687552,
    "143": 344.7278751654039,
    "144": 345.242019640219,
    "145": 345.88843832548196,
    "146": 346.69039450965863,
    "147": 347.36235069383525,
    "148": 347.96861375602384,
    "149": 348.4764768287064,
    "150": 349.03651507941845,
    "151": 349.4803508610837,
    "152": 350.0513447761904,
    "153": 350.5804675021439,
    "154": 351.0981319492155,
    "155": 351.6818001839733,
    "156": 352.1863423838812,
    "157": 352.7219125356018,
    "158": 353.2908030796677,
    "159": 353.8474747118653,
    "160": 354.5642308291426,
    "161": 355.09011067258484,
    "162": 355.7816934564851,
    "163": 356.3722189938528,
    "164": 356.95560582483836,
    "165": 357.67209921442407,
    "166": 358.34951819319167,
    "167": 359.6714743773683,
    "168": 361.16960557232596,
    "169": 362.11323758630925,
    "170": 362.7146858597966,
    "171": 363.47929911407493,
    "172": 364.0025105965032,
    "173": 364.6692480376998,
    "174": 365.2061341332839,
    "175": 365.7573592645002,
    "176": 366.40724010487463,
    "177": 367.20310865740464,
    "178": 367.37597042817254,
    "179": 368.03494858748815,
    "180": 368.50938097072986,
    "181": 369.0221316573505,
    "182": 369.2016342800363,
    "183": 369.9827733241948,
    "184": 370.56095393452057,
    "185": 371.07133713850965,
    "186": 371.57778755179373,
    "187": 372.1727176730817,
    "188": 372.6532988205703,
    "189": 373.2490208585094,
    "190": 374.11939984029414,
    "191": 376.836845595216,
    "192": 377.841136945354,
    "193": 378.5870054978839,
    "194": 380.768086792125,
    "195": 382.11249506862924,
    "196": 382.6074852058878,
    "197": 383.48254366907094,
    "198": 384.18211608684464,
    "199": 384.6790568431685,
    "200": 385.15268512193563,
    "201": 385.59815201247477,
    "202": 386.0747692282466,
    "203": 386.55896963128265,
    "204": 387.01816327715204,
    "205": 387.4680798759082,
    "206": 387.92238460592483,
    "207": 388.3799387837756,
    "208": 388.9295853614945,
    "209": 389.56917700136586,
    "210": 390.2111805939289,
    "211": 390.8350929622822,
    "212": 391.36728063967627,
    "213": 391.8614588494944,
    "214": 392.4243516350179,
    "215": 392.76707424356954,
    "216": 393.3847928824292,
    "217": 393.9431403034412,
    "218": 394.4712397703777,
    "219": 394.98639190910865,
    "220": 395.750304277462,
    "221": 396.5142166458152,
    "222": 396.93906450708425,
    "223": 397.4693268986392,
    "224": 397.9943815003501,
    "225": 398.5019330596142,
    "226": 399.17377848758184,
    "227": 399.73769085593506,
    "228": 400.19328257943073,
    "229": 400.7341366944813,
    "230": 401.30942796099504,
    "231": 401.9803369712611,
    "232": 402.4289010790807,
    "233": 402.9811650660549,
    "234": 403.5975542040858,
    "235": 404.134706023077,
    "236": 404.79290217111486,
    "237": 405.3734516315746,
    "238": 405.9522907631286,
    "239": 406.6528031059027,
    "240": 407.2776964800753,
    "241": 408.19246401288143,
    "242": 408.9163763812347,
    "243": 409.60023099967043,
    "244": 410.27758960501484,
    "245": 410.97202769438127,
    "246": 411.5539820388246,
    "247": 412.19789440717796,
    "248": 412.72180677553126,
    "249": 413.28971574316535,
    "250": 414.00963151223783,
    "251": 414.8335438805911,
    "252": 416.0174562489444,
    "253": 416.76136861729776,
    "254": 417.3701382603862,
    "255": 418.00919335400437,
    "256": 418.5931057223576,
    "257": 419.1480494071697,
    "258": 419.88139568859646,
    "259": 420.3448428274176,
    "260": 420.9081286370397,
    "261": 421.5126675641243,
    "262": 422.1936825345032,
    "263": 422.6817772282991,
    "264": 423.2357439688065,
    "265": 423.7320555855255,
    "266": 424.3318789990014,