{
    "1": 0.0,
    "2": 3.2,
    "3": 16.47,
    "4": 19.3,
    "5": 23.84,
    "6": 27.205000000000002,
    "7": 32.17,
    "8": 35.895,
    "9": 42.425,
    "10": 45.235,
    "11": 47.655,
    "12": 49.235,
    "13": 51.837500000000006,
    "14": 53.9075,
    "15": 56.027499999999996,
    "16": 57.872499999999995,
    "17": 60.0675,
    "18": 62.075,
    "19": 63.835,
    "20": 66.05,
    "21": 68.015,
    "22": 70.0075,
    "23": 72.1125,
    "24": 74.4225,
    "25": 81.46458333333332,
    "26": 84.83989583333333,
    "27": 88.10979166666667,
    "28": 90.04145833333334,
    "29": 92.09166666666667,
    "30": 93.90135416666666,
    "31": 95.87239583333333,
    "32": 97.43239583333333,
    "33": 99.51062499999999,
    "34": 101.52979166666667,
    "35": 103.83645833333333,
    "36": 106.07979166666667,
    "37": 107.62968749999999,
    "38": 109.15583333333333,
    "39": 110.6496875,
    "40": 112.0296875,
    "41": 113.54968749999999,
    "42": 114.97479166666666,
    "43": 116.56979166666666,
    "44": 118.07239583333333,
    "45": 119.31979166666666,
    "46": 120.81374999999998,
    "47": 122.24375,
    "48": 123.80479166666666,
    "49": 125.29364583333333,
    "50": 126.82468749999997,
    "51": 129.4903125,
    "52": 130.83989583333332,
    "53": 131.9655208333333,
    "54": 133.2759375,
    "55": 134.4959375,
    "56": 135.9342708333333,
    "57": 137.07510416666665,
    "58": 138.44875,
    "59": 140.56729166666653,
    "60": 141.77395833333333,
    "61": 143.15395833333332,
    "62": 148.10270833333328,
    "63": 150.6314583333333,
    "64": 154.07979166666664,
    "65": 156.65145833333332,
    "66": 161.16697916666664,
    "67": 164.52562499999996,
    "68": 169.7564583333333,
    "69": 172.76645833333333,
    "70": 175.58312499999994,
    "71": 179.34645833333332,
    "72": 181.89645833333333,
    "73": 183.7002083333333,
    "74": 185.37645833333332,
    "75": 187.74374999999998,
    "76": 189.69124999999994,
    "77": 191.86562499999997,
    "78": 193.83645833333333,
    "79": 195.70374999999999,
    "80": 197.80697916666665,
    "81": 199.72156249999998,
    "82": 201.53645833333331,
    "83": 203.02562499999996,
    "84": 204.9002083333333,
    "85": 208.95916666666665,
    "86": 216.46874999999997,
    "87": 218.36020833333325,
    "88": 220.16875,
    "89": 221.93833333333333,
    "90": 223.87833333333333,
    "91": 225.6270833333333,
    "92": 227.86791666666664,
    "93": 229.84874999999997,
    "94": 230.8539583333333,
    "95": 233.82218749999996,
    "96": 235.80468749999997,
    "97": 238.00874999999996,
    "98": 240.36697916666665,
    "99": 242.46697916666665,
    "100": 244.26697916666666,
    "101": 246.143125,
    "102": 248.18395833333332,
    "103": 250.04395833333334,
    "104": 252.39916666666664,
    "105": 254.4373958333333,
    "106": 256.0092708333333,
    "107": 258.52697916666665,
    "108": 261.1869791666666,
    "109": 263.4269791666666,
    "110": 264.54697916666663,
    "111": 266.78697916666664,
    "112": 268.84697916666664,
    "113": 273.1869791666666,
    "114": 274.8765625,
    "115": 279.0389583333333,
    "116": 281.4589583333333,
    "117": 284.4358333333333,
    "118": 293.9389583333333,
    "119": 298.91875,
    "120": 300.0689583333333,
    "121": 300.9989583333333,
    "122": 301.91447916666664,
    "123": 302.7692708333333,
    "124": 303.669375,
    "125": 304.4989583333333,
    "126": 305.3872395833333,
    "127": 306.24453125,
    "128": 307.19540624999996,
    "129": 307.9989583333333,
    "130": 308.83447916666665,
    "131": 309.69895833333334,
    "132": 310.529375,
    "133": 311.33916666666664,
    "134": 312.21703125,
    "135": 313.043125,
    "136": 314.00738541666664,
    "137": 314.76979166666666,
    "138": 315.54126041666666,
    "139": 316.2991666666667,
    "140": 317.27517708333335,
    "141": 318.09067708333333,
    "142": 318.77042708333335,
    "143": 319.9189583333333,
    "144": 320.80411458333333,
    "145": 321.51916666666665,
    "146": 322.30945833333334,
    "147": 323.0492708333333,
    "148": 323.7789583333333,
    "149": 324.4989583333333,
    "150": 325.2989583333333,
    "151": 326.0194270833333,
    "152": 326.8389583333333,
    "153": 327.5578645833333,
    "154": 328.33944791666664,
    "155": 329.0990625,
    "156": 329.9472916666666,
    "157": 330.6598229166667,
    "158": 331.4189583333333,
    "159": 332.2989583333333,
    "160": 333.0989583333333,
    "161": 333.7395833333333,
    "162": 334.6589583333333,
    "163": 335.33937499999996,
    "164": 336.2389583333333,
    "165": 336.83463541666663,
    "166": 337.69895833333334,
    "167": 338.3789583333333,
    "168": 339.2389583333333,
    "169": 340.13895833333333,
    "170": 340.75895833333334,
    "171": 341.3989583333333,
    "172": 342.2389583333333,
    "173": 342.87965625,
    "174": 343.5827604166667,
    "175": 344.3595833333333,
    "176": 345.15942708333336,
    "177": 345.77969791666663,
    "178": 346.5538541666666,
    "179": 347.3589583333333,
    "180": 348.8589583333333,
    "181": 350.01895833333333,
    "182": 350.9389583333333,
    "183": 351.75895833333334,
    "184": 352.5597916666667,
    "185": 353.3792708333333,
    "186": 354.1795833333333,
    "187": 355.0989583333333,
    "188": 356.04729166666664,
    "189": 356.78609374999996,
    "190": 357.4989583333333,
    "191": 358.3789583333333,
    "192": 359.3591666666667,
    "193": 360.4189583333333,
    "194": 361.4189583333333,
    "195": 362.9372916666666,
    "196": 363.83385416666664,
    "197": 364.5194583333333,
    "198": 365.26776041666665,
    "199": 365.9749166666667,
    "200": 366.619625,
    "201": 367.295625,
    "202": 367.9395833333333,
    "203": 368.6589583333333,
    "204": 369.31929166666663,
    "205": 369.9778958333333,
    "206": 370.64906249999996,
    "207": 371.27927083333327,
    "208": 371.91971875,
    "209": 372.55892708333334,
    "210": 373.21986458333333,
    "211": 374.0389583333333,
    "212": 374.9189583333333,
    "213": 375.4928125,
    "214": 376.3389583333333,
    "215": 376.98411458333334,
    "216": 377.74333333333334,
    "217": 378.27993749999996,
    "218": 379.1594791666667,
    "219": 379.7895833333334,
    "220": 380.4998229166667,
    "221": 381.2127604166667,
    "222": 381.95947916666665,
    "223": 382.63947916666666,
    "224": 383.3594791666667,
    "225": 384.01486458333335,
    "226": 384.7327604166667,
    "227": 385.4194791666667,
    "228": 386.1399270833333,
    "229": 387.0594791666667,
    "230": 387.75953125,
    "231": 388.6794791666667,
    "232": 389.43972916666667,
    "233": 390.2994791666667,
    "234": 391.0594791666667,
    "235": 392.11927083333336,
    "236": 393.47975,
    "237": 394.45947916666665,
    "238": 395.2759375,
    "239": 396.07486458333335,
    "240": 396.78991666666667,
    "241": 397.33494791666664,
    "242": 398.16397916666665,
    "243": 398.6194791666667,
    "244": 399.5111145833333,
    "245": 400.19540624999996,
    "246": 401.01947916666666,
    "247": 401.65956250000005,
    "248": 402.30983333333336,
    "249": 402.9197291666667,
    "250": 404.1194791666667,
    "251": 406.83927083333333,
    "252": 407.9394791666667,
    "253": 410.07885416666664,
    "254": 411.75947916666667,
    "255": 412.31971875,
    "256": 412.9169270833333,
    "257": 413.5318958333333,
    "258": 414.17291666666665,
    "259": 414.7199375,
    "260": 415.29975,
    "261": 415.89690625,
    "262": 416.49291666666664,
    "263": 417.0994791666667,
    "264": 417.7796354166666,
    "265": 418.4794791666667,
    "266": 419.33986458333334,
    "267": 420.3594791666667,
    "268": 421.27937499999996,
    "269": 422.05145833333336,
    "270": 422.75895833333334,
    "271": 423.41942708333335,
    "272": 424.0398645833334,
    "273": 424.69965625,
    "274": 425.47895833333337,
    "275": 426.3389583333333,
    "276": 426.81947916666667,
    "277": 427.5338958333333,
    "278": 428.13947916666666,
    "279": 428.79895833333336,