{
    "1": 9.253051579760307,
    "2": 11.449699500386146,
    "3": 14.744671381324903,
    "4": 16.575211315179768,
    "5": 19.953853716605643,
    "6": 21.728744177047275,
    "7": 26.32485337063084,
    "8": 27.951459374195526,
    "9": 29.255371742548835,
    "10": 32.133556998119275,
    "11": 34.528475070957626,
    "12": 36.926690513239706,
    "13": 42.61405034835236,
    "14": 45.205911676403694,
    "15": 47.32982404475701,
    "16": 48.653736413110316,
    "17": 49.98495512985533,
    "18": 52.32806278704841,
    "19": 53.12467741538784,
    "20": 55.53020871626951,
    "21": 57.35272554359856,
    "22": 59.421122991583466,
    "23": 60.445035359936774,
    "24": 61.97447386414505,
    "25": 65.64768421518649,
    "26": 67.72257467562812,
    "27": 69.33746513606977,
    "28": 70.78137750442306,
    "29": 72.29380442749368,
    "30": 74.55783468963108,
    "31": 75.51832699046192,
    "32": 77.22349411596879,
    "33": 79.62190725579674,
    "34": 82.83802253263396,
    "35": 84.43704403062286,
    "36": 88.08952309586782,
    "37": 90.36801828583422,
    "38": 92.59126020092774,
    "39": 93.93099012742039,
    "40": 96.70691628229578,
    "41": 99.28277822687093,
    "42": 100.82357856005616,
    "43": 102.94353723984253,
    "44": 105.07391674632832,
    "45": 106.00429625281411,
    "46": 106.99813651575496,
    "47": 108.14505526578571,
    "48": 109.21634781781721,
    "49": 110.2658142787573,
    "50": 110.83506993118218,
    "51": 111.41768219836653,
    "52": 111.94073435201871,
    "53": 112.43613749137113,
    "54": 112.98855908872531,
    "55": 113.75247145707861,
    "56": 114.39638382543193,
    "57": 115.44029619378524,
    "58": 116.51518665422687,
    "59": 117.27909902258018,
    "60": 118.15161366912018,
    "61": 118.79038563893019,
    "62": 121.70385061758962,
    "63": 122.97874107803125,
    "64": 124.7587719534131,
    "65": 125.91243436726782,
    "66": 129.76672624210693,
    "67": 131.10161670254857,
    "68": 132.8991063028083,
    "69": 134.04519827963617,
    "70": 135.28412213402507,
    "71": 136.2521566364034,
    "72": 137.29352354842254,
    "73": 138.11057567911902,
    "74": 139.9481133223255,
    "75": 141.39111057912245,
    "76": 142.34465275443495,
    "77": 143.26856512278826,
    "78": 144.93443367531822,
    "79": 145.8783460436715,
    "80": 146.87453110575842,
    "81": 148.30572330869973,
    "82": 150.3920393329081,
    "83": 151.1759517012614,
    "84": 152.09986406961474,
    "85": 156.68385665165255,
    "86": 161.08050938641122,
    "87": 163.39703675039468,
    "88": 164.8761021921029,
    "89": 166.63830895386073,
    "90": 169.58488204882664,
    "91": 172.17533422641836,
    "92": 172.99004605892065,
    "93": 175.84389843097966,
    "94": 179.2888488877156,
    "95": 181.36048721778866,
    "96": 182.50765171651054,
    "97": 184.16254217695217,
    "98": 185.00645454530547,
    "99": 186.97036691365878,
    "100": 188.0085585640242,
    "101": 190.01833948490744,
    "102": 191.71308211080702,
    "103": 192.61859006248864,
    "104": 193.93188493960199,
    "105": 195.76413048005233,
    "106": 197.31068776839692,
    "107": 198.91338774921255,
    "108": 200.10949059719184,
    "109": 200.90670148277258,
    "110": 202.53731533389848,
    "111": 203.88122770225178,
    "112": 205.0953081553312,
    "113": 207.50355776877404,
    "114": 208.5167761313458,
    "115": 210.9368402170295,
    "116": 212.31205166338455,
    "117": 213.28323766829376,
    "118": 217.23192806347572,
    "119": 360.91168086365803,
    "120": 361.9665713240997,
    "121": 363.3414617845413,
    "122": 364.03381134698975,
    "123": 364.79124270542457,
    "124": 365.4230665829331,
    "125": 366.0447165384155,
    "126": 366.75567962077224,
    "127": 367.41080454719116,
    "128": 368.02569500763275,
    "129": 368.7005854680744,
    "130": 369.31692363139086,
    "131": 369.9730366388958,
    "132": 370.5647311644594,
    "133": 371.19007365492047,
    "134": 371.8853533993254,
    "135": 372.5440978469217,
    "136": 373.15022642985156,
    "137": 373.77173823644677,
    "138": 374.6265616236876,
    "139": 375.2945348376952,
    "140": 375.9227349570647,
    "141": 376.6307740079459,
    "142": 377.31170431943804,
    "143": 377.9290519142573,
    "144": 378.4529642826106,
    "145": 379.12843832548197,
    "146": 379.5920631215454,
    "147": 380.1538231248903,
    "148": 380.6957523804215,
    "149": 381.21128100860676,
    "150": 381.75564384927304,
    "151": 382.3003508610837,
    "152": 382.8905579376622,
    "153": 383.4081755977904,
    "154": 383.9299121322378,
    "155": 384.36728017728336,
    "156": 384.9687109569073,
    "157": 385.52382507120353,
    "158": 386.12654748791135,
    "159": 386.7074747118653,
    "160": 387.3735148187076,
    "161": 387.90995861747814,
    "162": 388.6416934564851,
    "163": 389.27348906572047,
    "164": 389.8320726989806,
    "165": 390.45512401803006,
    "166": 391.0495181931917,
    "167": 391.84865387926294,
    "168": 392.98686112308997,
    "169": 393.7507734914432,
    "170": 394.49468585979656,
    "171": 395.21929911407494,
    "172": 395.79188379509765,
    "173": 396.32800834274786,
    "174": 396.8351676666049,
    "175": 397.3071238507815,
    "176": 397.915424097883,
    "177": 398.1761036219135,
    "178": 398.7360946823181,
    "179": 399.33494858748816,
    "180": 399.8613333442646,
    "181": 400.3025088764673,
    "182": 400.8062287992051,
    "183": 401.4072437318712,
    "184": 401.8423647541857,
    "185": 402.3089394216154,
    "186": 402.7829135013798,
    "187": 403.4411961218028,
    "188": 404.5925542450781,
    "189": 406.93804171701885,
    "190": 407.7593998402941,
    "191": 409.576845595216,
    "192": 411.22113694535403,
    "193": 411.8442609896191,
    "194": 412.25749845131185,
    "195": 412.74177169598164,
    "196": 413.2041200319413,
    "197": 413.6744477274702,
    "198": 414.16693857389515,
    "199": 414.59993828858893,
    "200": 415.0336439837277,
    "201": 415.5579846393746,
    "202": 415.8951893482392,
    "203": 416.31896963128264,
    "204": 416.7756990642283,
    "205": 417.33148562564867,
    "206": 417.81553112051563,
    "207": 418.33944348886894,
    "208": 419.0033558572223,
    "209": 419.6809023383633,
    "210": 420.4511805939288,
    "211": 421.19305577736935,
    "212": 421.7773214925779,
    "213": 422.3097506193933,
    "214": 422.88716143905845,
    "215": 423.3709083396325,
    "216": 423.89732740202436,
    "217": 424.3988400055094,
    "218": 424.89123977037764,
    "219": 425.4463919091087,
    "220": 426.110304277462,
    "221": 426.50584332916304,
    "222": 427.0990645070843,
    "223": 427.54193489770785,
    "224": 428.0343815003501,
    "225": 428.5364022670368,
    "226": 429.0082670925491,
    "227": 429.54438359915457,
    "228": 430.09123287055786,
    "229": 430.58402638262845,
    "230": 431.0905483028378,
    "231": 431.7100104940225,
    "232": 432.17675274279316,
    "233": 432.72116506605494,
    "234": 433.40131581924703,
    "235": 433.92496255601594,
    "236": 434.5729021711149,
    "237": 435.2514338868384,
    "238": 435.6826542170394,
    "239": 436.33231963808737,
    "240": 436.9222688978489,
    "241": 437.681449618034,
    "242": 438.7963763812347,
    "243": 439.4801963497199,
    "244": 440.2643127235104,
    "245": 440.8313910630281,
    "246": 441.40959281552983,
    "247": 442.01789440717795,
    "248": 442.4561744040953,
    "249": 443.1228595719423,
    "250": 444.0496315122378,
    "251": 445.2535438805911,
    "252": 445.9774562489444,
    "253": 446.63495803210844,
    "254": 447.11234611253855,
    "255": 447.61443534780307,
    "256": 448.17310572235766,
    "257": 448.64965814081995,
    "258": 449.13934916564324,
    "259": 449.64251827025714,
    "260": 450.1660659811665,
    "261": 450.6926675641243,
    "262": 451.20760595273424,
    "263": 451.6484689221163,
    "264": 452.11952373534734,
    "265": 452.6241585187687,