{
    "1": 1.020000000000001,
    "2": 4.460000000000001,
    "3": 7.9,
    "4": 11.34,
    "5": 15.54,
    "6": 18.96,
    "7": 22.34,
    "8": 26.08,
    "9": 30.02,
    "10": 33.92,
    "11": 37.84,
    "12": 41.3,
    "13": 45.2,
    "14": 48.54,
    "15": 51.98,
    "16": 55.48,
    "17": 59.21,
    "18": 62.77,
    "19": 66.49,
    "20": 69.95,
    "21": 74.0,
    "22": 77.4,
    "23": 80.967,
    "24": 84.5,
    "25": 88.06,
    "26": 91.36,
    "27": 94.82,
    "28": 98.48,
    "29": 101.72,
    "30": 105.18,
    "31": 108.8,
    "32": 112.72,
    "33": 116.74,
    "34": 120.36,
    "35": 124.16,
    "36": 127.86,
    "37": 131.4,
    "38": 134.72,
    "39": 138.42,
    "40": 142.02,
    "41": 144.98,
    "42": 148.1,
    "43": 151.62,
    "44": 155.18,
    "45": 158.235,
    "46": 161.359,
    "47": 164.94,
    "48": 169.56,
    "49": 173.46,
    "50": 177.1,
    "51": 180.58,
    "52": 184.1,
    "53": 187.42,
    "54": 191.28,
    "55": 195.06,
    "56": 202.06,
    "57": 205.32,
    "58": 208.62,
    "59": 212.56,
    "60": 216.16,
    "61": 219.46,
    "62": 223.28,
    "63": 227.0,
    "64": 230.8,
    "65": 234.4,
    "66": 237.84,
    "67": 241.34,
    "68": 245.1,
    "69": 248.64,
    "70": 252.44,
    "71": 256.46,
    "72": 260.28,
    "73": 264.02,
    "74": 267.66,
    "75": 271.267,
    "76": 274.86,
    "77": 278.8,
    "78": 282.6,
    "79": 286.1,
    "80": 289.5,
    "81": 293.72,
    "82": 297.7,
    "83": 301.46,
    "84": 306.08,
    "85": 310.08,
    "86": 314.66
}