{
    "1": 2.1999999999999975,
    "2": 6.659999999999998,
    "3": 11.12,
    "4": 15.58,
    "5": 20.84,
    "6": 25.54,
    "7": 29.92,
    "8": 34.92,
    "9": 39.18,
    "10": 43.2,
    "11": 47.84,
    "12": 52.24,
    "13": 56.72,
    "14": 61.46,
    "15": 65.82,
    "16": 70.52,
    "17": 74.83,
    "18": 79.03,
    "19": 83.35,
    "20": 87.77,
    "21": 92.22,
    "22": 97.38,
    "23": 102.0,
    "24": 106.68,
    "25": 111.08,
    "26": 115.18,
    "27": 119.26,
    "28": 123.62,
    "29": 127.7,
    "30": 131.56,
    "31": 135.76,
    "32": 140.8,
    "33": 146.22,
    "34": 151.1,
    "35": 156.0,
    "36": 160.34,
    "37": 164.96,
    "38": 169.12,
    "39": 173.74,
    "40": 178.24,
    "41": 182.62,
    "42": 187.3,
    "43": 191.46,
    "44": 195.62,
    "45": 199.84,
    "46": 204.22,
    "47": 208.84,
    "48": 214.16,
    "49": 220.24,
    "50": 225.06,
    "51": 229.86,
    "52": 233.9,
    "53": 238.56,
    "54": 243.0,
    "55": 252.06,
    "56": 256.84,
    "57": 260.98,
    "58": 265.16,
    "59": 270.08,
    "60": 274.46,
    "61": 278.44,
    "62": 282.8,
    "63": 287.3,
    "64": 291.34,
    "65": 295.2,
    "66": 299.34,
    "67": 304.04,
    "68": 309.06,
    "69": 313.32,
    "70": 317.46,
    "71": 322.06,
    "72": 327.06,
    "73": 331.64,
    "74": 336.6,
    "75": 340.78,
    "76": 345.2,
    "77": 349.7,
    "78": 354.68,
    "79": 358.6,
    "80": 362.78,
    "81": 367.72,
    "82": 372.68,
    "83": 377.26,
    "84": 383.42,
    "85": 389.28,
    "86": 398.04
}