{
    "1": 0.0,
    "2": 7.825458898643256,
    "3": 13.750007980845968,
    "4": 20.018411811652033,
    "5": 26.109098164405427,
    "6": 32.32137270550678,
    "7": 38.933647246608146,
    "8": 44.876871508379885,
    "9": 50.82911412609736,
    "10": 57.152753391859534,
    "11": 63.18368715083798,
    "12": 69.67511572226653,
    "13": 75.56729449321628,
    "14": 81.49913806863529,
    "15": 87.46189944134079,
    "16": 94.03205905826017,
    "17": 100.26550678371908,
    "18": 105.99260175578611,
    "19": 111.82141260973663,
    "20": 117.67321628092577,
    "21": 123.21474860335194,
    "22": 128.9177653631285,
    "23": 134.27510774142056,
    "24": 139.2871747805267,
    "25": 144.6691779728651,
    "26": 150.1068635275339,
    "27": 155.97913806863528,
    "28": 162.45141260973662,
    "29": 168.44368715083797,
    "30": 174.22553870710294,
    "31": 180.5882362330407,
    "32": 183.24437350359136,
    "33": 189.43061452513965,
    "34": 195.37353551476454,
    "35": 201.2623942537909,
    "36": 206.92416600159615,
    "37": 212.9068954509178,
    "38": 218.59406225059857,
    "39": 224.71029529130087,
    "40": 229.84256983240223,
    "41": 236.8948443735036,
    "42": 242.9745091779729,
    "43": 249.00715083798883,
    "44": 254.6033359936153,
    "45": 261.043942537909,
    "46": 266.86810853950516,
    "47": 274.9242458100559,
    "48": 278.67076616121307,
    "49": 281.6230407023144,
    "50": 289.43545490822027,
    "51": 291.2772913008779,
    "52": 292.9698643256185,
    "53": 294.8021388667199,
    "54": 296.51692737430164,
    "55": 297.93681723862727,
    "56": 299.7191388667199,
    "57": 301.5209896249002,
    "58": 303.44351157222667,
    "59": 305.38072386272944,
    "60": 307.4409672785315,
    "61": 308.94033519553074,
    "62": 310.7726097366321,
    "63": 312.5248842777334,
    "64": 314.2571588188348,
    "65": 315.9294333599361,
    "66": 318.2417079010375,
    "67": 320.34591859537113,
    "68": 322.0462569832402,
    "69": 323.9303391859537,
    "70": 326.54821229050276,
    "71": 327.87464644852355,
    "72": 329.3172865123703,
    "73": 330.4714924181963,
    "74": 331.81554189944137,
    "75": 333.3599042298484,
    "76": 334.5567877094972,
    "77": 336.1683160415004,
    "78": 337.8695131683958,
    "79": 339.8367278531524,
    "80": 341.2007653631285,
    "81": 342.34011173184354,
    "82": 343.5393455706305,
    "83": 344.8804972067039,
    "84": 345.91259377494015,
    "85": 347.4629449321628,
    "86": 348.5787701516361,
    "87": 349.8823862729449,
    "88": 351.2874748603352,
    "89": 352.3655993615323,
    "90": 353.93129928172385,
    "91": 355.4071987230646,
    "92": 356.88140462889066,
    "93": 358.4579369513168,
    "94": 359.8747246608141,
    "95": 361.05603351955307,
    "96": 362.0365291300878,
    "97": 363.3852545889864,
    "98": 364.4149992019154,
    "99": 365.78138068635275,
    "100": 367.0625778132482,
    "101": 368.86092577813247,
    "102": 370.29519553072623,
    "103": 371.91766959297684,
    "104": 373.47593774940145,
    "105": 374.8179648842777,
    "106": 376.0602873104549,
    "107": 377.22173982442143,
    "108": 378.41304868316035,
    "109": 379.5632067039106,
    "110": 380.6949688747007,
    "111": 381.951316839585,
    "112": 383.6227613727055,
    "113": 384.8422282521948,
    "114": 386.22090183559465,
    "115": 387.38814046288906,
    "116": 388.6935195530727,
    "117": 390.2692418196329,
    "118": 391.47537909018354,
    "119": 392.67484676775734,
    "120": 393.869877094972,
    "121": 394.9994700718276,
    "122": 396.26682362330405,
    "123": 397.7417877094972,
    "124": 399.08447565841976,
    "125": 400.5020718276137,
    "126": 402.12398244213887,
    "127": 403.4798363926576,
    "128": 404.57964086193135,
    "129": 406.1442841181165,
    "130": 406.903160415004,
    "131": 408.5617414205906,
    "132": 410.31459217877097,
    "133": 412.43998403830807,
    "134": 413.3627677573823,
    "135": 413.5517813248204,
    "136": 413.6298403830806,
    "137": 413.8424908220271,
    "138": 414.86135674381484,
    "139": 416.8046815642458,
    "140": 418.78229529130084,
    "141": 419.505,
    "142": 419.580522745411,
    "143": 419.95888188347965,
    "144": 420.22615163607344,
    "145": 420.28767278531524,
    "146": 420.3843910614525,
    "147": 421.3259138068635,
    "148": 422.40205107741417,
    "149": 424.5263766959298,
    "150": 426.605786113328,
    "151": 428.72664804469275,
    "152": 430.93320031923383,
    "153": 433.42547486033516,
    "154": 435.7901995211492,
    "155": 438.0140143655227,
    "156": 440.5622984836392,
    "157": 443.29565841979246,
    "158": 445.88684756584195,
    "159": 447.9996839584996,
    "160": 450.1513966480447,
    "161": 452.92367118914603,
    "162": 455.3464349561053,
    "163": 457.8082202713488,
    "164": 460.065778132482,
    "165": 462.4127693535515,
    "166": 464.66504389465285,
    "167": 466.6278659217877,
    "168": 468.94479648842776,
    "169": 471.7104668794892,
    "170": 473.8541237031125,
    "171": 476.11962490023933,
    "172": 478.82444453312047,
    "173": 480.8109656823623,
    "174": 483.2077653631285,
    "175": 485.57551476456507,
    "176": 488.04828411811656,
    "177": 488.98006384676773,
    "178": 489.4783144453312,
    "179": 489.524,
    "180": 489.5289688747007,
    "181": 489.533,
    "182": 489.537,
    "183": 489.6856113328013,
    "184": 490.10511971268954,
    "185": 490.47224341580204,
    "186": 492.03053471667994,
    "187": 492.585,
    "188": 492.59515083798885,
    "189": 492.8926735833998,
    "190": 493.001,
    "191": 493.007,
    "192": 493.013,
    "193": 493.0197645650439,
    "194": 493.14458579409416,
    "195": 493.54462011173183,
    "196": 494.0113296089386,
    "197": 494.47882202713487,
    "198": 495.5852697525938,
    "199": 495.68880207501996,
    "200": 497.324423782921,
    "201": 497.522946528332,
    "202": 497.864938547486,
    "203": 498.18699201915405,
    "204": 498.3160295291301,
    "205": 498.5641260973663,
    "206": 499.245,
    "207": 499.3010830007981,
    "208": 499.5175666400639,
    "209": 499.9716424581006,
    "210": 501.6736512370311,
    "211": 502.19539345570627,
    "212": 502.88846767757383,
    "213": 503.00021947326417,
    "214": 503.302,
    "215": 503.3072649640862,
    "216": 503.313,
    "217": 503.318,
    "218": 503.547,
    "219": 503.581,
    "220": 503.59,
    "221": 503.59,
    "222": 503.599,
    "223": 503.626,
    "224": 503.638,
    "225": 503.648,
    "226": 503.658,
    "227": 504.4260303272147,
    "228": 506.01379090183553,
    "229": 508.5860654429369,
    "230": 511.0091699920191,
    "231": 513.5221229050279,
    "232": 515.8614445331204,
    "233": 518.5975818036711,
    "234": 520.8876695929767,
    "235": 523.2898563447725,
    "236": 525.3723519553072,
    "237": 527.4042617717478,
    "238": 529.6365363128491,
    "239": 532.2530486831604,
    "240": 534.950164405427,
    "241": 537.2933599361533,
    "242": 539.9456344772547,
    "243": 542.2779090183559,
    "244": 545.0301835594572,
    "245": 547.4779944134078,
    "246": 550.11473264166,
    "247": 552.4994860335196,
    "248": 554.9392817238628,
    "249": 557.1715562649641,
    "250": 560.1438308060655,
    "251": 562.4895379090184,
    "252": 564.9483798882683,
    "253": 567.5003272146848,
    "254": 569.8964644852355,
    "255": 572.4926017557862,
    "256": 574.9262170790104,
    "257": 577.6297525937749,
    "258": 581.2820271348762,
    "259": 584.7743016759775,
    "260": 587.5719592976855,
    "261": 589.8630806065443,
    "262": 591.8311252992817,
    "263": 593.9833998403831,
    "264": 595.9662106943335,
    "265": 598.5079489225857,
    "266": 600.8184804469273,
    "267": 603.1324980047884,
    "268": 605.3224453312051,
    "269": 609.3770470869912,
    "270": 612.0493216280926,
    "271": 614.5415961691939,
    "272": 617.0945450917798,
    "273": 619.2652234636872,
    "274": 621.519209896249,
    "275": 623.7753471667996,