{
    "1": 0.0,
    "2": 13.572274541101356,
    "3": 20.235466879489223,
    "4": 27.798411811652034,
    "5": 34.78909816440543,
    "6": 41.94137270550678,
    "7": 48.17924980047885,
    "8": 56.32916201117318,
    "9": 63.5618675179569,
    "10": 71.22550678371907,
    "11": 78.48274541101357,
    "12": 85.9950997605746,
    "13": 93.08729449321628,
    "14": 100.55956903431765,
    "15": 107.75374301675978,
    "16": 115.47205905826019,
    "17": 122.85547486033519,
    "18": 130.4590023942538,
    "19": 137.59826017557862,
    "20": 144.8477893056664,
    "21": 152.4530247406225,
    "22": 160.18346368715083,
    "23": 167.51505985634475,
    "24": 174.4046288906624,
    "25": 181.7437669592977,
    "26": 189.70686352753393,
    "27": 197.09913806863528,
    "28": 204.84108539505186,
    "29": 212.543687150838,
    "30": 221.18469273743017,
    "31": 228.8682362330407,
    "32": 232.76437350359137,
    "33": 240.03664804469273,
    "34": 247.33827613727053,
    "35": 254.74191540303272,
    "36": 261.86833200319234,
    "37": 269.1549401436552,
    "38": 276.24566640063847,
    "39": 283.71088587390267,
    "40": 290.87776536312845,
    "41": 299.10156424581004,
    "42": 306.58711891460496,
    "43": 314.4993934557063,
    "44": 321.51166799680766,
    "45": 329.863942537909,
    "46": 336.5281085395052,
    "47": 354.3042458100559,
    "48": 358.3307661612131,
    "49": 364.36304070231444,
    "50": 368.6279728651237,
    "51": 370.46585953711093,
    "52": 372.1498643256185,
    "53": 373.9821388667199,
    "54": 375.6544134078212,
    "55": 377.3466879489226,
    "56": 379.09896249002395,
    "57": 380.8912370311253,
    "58": 382.66351157222664,
    "59": 384.5512609736632,
    "60": 386.5026600159617,
    "61": 388.6574972067039,
    "62": 390.48567438148444,
    "63": 392.2808770949721,
    "64": 394.0885794094174,
    "65": 395.9294333599361,
    "66": 398.3817079010375,
    "67": 400.41595929768556,
    "68": 402.4217932960894,
    "69": 404.36514126097364,
    "70": 406.6688747007183,
    "71": 408.582431763767,
    "72": 409.67932162809257,
    "73": 411.049423782921,
    "74": 412.27882122905027,
    "75": 413.71312051077416,
    "76": 415.05705506783715,
    "77": 416.9283160415004,
    "78": 419.06252194732645,
    "79": 420.59672785315246,
    "80": 421.8834988028731,
    "81": 423.1975977653631,
    "82": 424.61298403830807,
    "83": 426.00409816440543,
    "84": 427.17356105347164,
    "85": 428.65327613727055,
    "86": 429.83646368715085,
    "87": 431.32498004788505,
    "88": 432.6845810055866,
    "89": 434.0809872306465,
    "90": 435.51649640861933,
    "91": 436.98207980845973,
    "92": 438.3614046288906,
    "93": 439.79736632083,
    "94": 441.0938411811652,
    "95": 442.429217877095,
    "96": 443.8712936951317,
    "97": 445.22516839584995,
    "98": 446.59932960893855,
    "99": 448.2141045490822,
    "100": 449.5825778132482,
    "101": 451.0638332003192,
    "102": 452.575251396648,
    "103": 453.89766959297685,
    "104": 455.31155626496405,
    "105": 456.72304070231445,
    "106": 458.14984996009576,
    "107": 459.52383240223463,
    "108": 460.94243575418994,
    "109": 462.27435754189946,
    "110": 463.66553551476454,
    "111": 465.371316839585,
    "112": 466.7627613727055,
    "113": 468.22154030327215,
    "114": 469.54211492418204,
    "115": 470.82814046288905,
    "116": 472.3284636871509,
    "117": 473.8244900239426,
    "118": 475.1105379090184,
    "119": 476.4325474860335,
    "120": 477.6931260973663,
    "121": 478.97853631284914,
    "122": 480.3283399840383,
    "123": 481.7939441340782,
    "124": 483.06519553072627,
    "125": 484.5301995211492,
    "126": 486.14440542697525,
    "127": 487.57791699920193,
    "128": 489.2341819632881,
    "129": 490.683160415004,
    "130": 491.56316041500395,
    "131": 493.3754349561053,
    "132": 493.919,
    "133": 494.7107996807662,
    "134": 494.7789225857941,
    "135": 495.0024453312051,
    "136": 495.28987230646453,
    "137": 495.9224724660814,
    "138": 497.5002849162011,
    "139": 498.78414525139664,
    "140": 499.4259058260175,
    "141": 500.6465818036712,
    "142": 502.10867757382283,
    "143": 504.6627294493216,
    "144": 505.715003990423,
    "145": 506.00667278531523,
    "146": 506.18158659217875,
    "147": 506.60591380686355,
    "148": 508.2420510774142,
    "149": 510.2340853950519,
    "150": 512.2086400638467,
    "151": 514.2266480446928,
    "152": 516.7132003192338,
    "153": 519.0743631284915,
    "154": 521.0777494014364,
    "155": 523.1610215482841,
    "156": 525.8622984836393,
    "157": 530.2371237031125,
    "158": 532.3187390263367,
    "159": 534.4865873902634,
    "160": 536.5313966480447,
    "161": 539.3836711891461,
    "162": 541.8959457302474,
    "163": 544.1532881085395,
    "164": 546.24209896249,
    "165": 548.5102154828412,
    "166": 550.7850438946529,
    "167": 553.0173184357542,
    "168": 555.1647964884278,
    "169": 557.7881867517957,
    "170": 559.8389704708699,
    "171": 562.1796249002393,
    "172": 564.3786911412609,
    "173": 566.4109656823623,
    "174": 568.5654189944134,
    "175": 570.915514764565,
    "176": 573.0673894652833,
    "177": 575.0672434158021,
    "178": 577.1914636871509,
    "179": 579.2956903431764,
    "180": 581.6768874700718,
    "181": 583.6932737430167,
    "182": 585.8661436552275,
    "183": 587.9537110933759,
    "184": 589.9859856344773,
    "185": 592.2782601755787,
    "186": 594.555526735834,
    "187": 597.1726528332003,
    "188": 599.3886703910614,
    "189": 601.7544509177973,
    "190": 604.1198164405428,
    "191": 606.0767964884278,
    "192": 608.126025538707,
    "193": 610.1441021548283,
    "194": 612.0830965682361,
    "195": 614.1672737430167,
    "196": 616.9783040702314,
    "197": 618.9311221069433,
    "198": 620.9740462889066,
    "199": 623.3501037509976,
    "200": 628.0247565841978,
    "201": 630.2375937749401,
    "202": 632.1534636871507,
    "203": 634.3488028731045,
    "204": 636.9220670391061,
    "205": 639.663976057462,
    "206": 641.8663679169993,
    "207": 644.1883000798084,
    "208": 646.2439321628093,
    "209": 648.5728491620112,
    "210": 650.7425618515563,
    "211": 652.9265219473265,
    "212": 655.6344509177973,
    "213": 657.6564373503592,
    "214": 659.8339106145252,
    "215": 662.2017956903431,
    "216": 664.2593854748603,
    "217": 666.2972545889864,
    "218": 668.6033200319234,
    "219": 670.8249162011174,
    "220": 672.9102952913009,
    "221": 672.9102952913009,
    "222": 674.9392976855547,
    "223": 677.0562090981643,
    "224": 679.4323463687151,
    "225": 681.5826656025538,
    "226": 683.5818555466878,
    "227": 685.6346975259378,
    "228": 687.8337909018355,
    "229": 689.8774557063049,
    "230": 692.5183399840382,
    "231": 694.7906145251396,
    "232": 697.1670111731843,
    "233": 699.5575818036712,
    "234": 701.6081835594572,
    "235": 703.8657701516361,
    "236": 705.8575897845171,
    "237": 707.7642617717478,
    "238": 710.3165363128492,
    "239": 713.3145730247406,
    "240": 716.263922585794,
    "241": 718.8440223463688,
    "242": 721.5485075818036,
    "243": 724.0979090183558,
    "244": 726.9003671189145,
    "245": 729.3624581005587,
    "246": 731.955259377494,
    "247": 734.3376057462091,
    "248": 736.5392817238627,
    "249": 738.7315562649641,
    "250": 741.8253790901836,
    "251": 744.3961053471669,
    "252": 746.9683798882683,
    "253": 749.3638683160416,
    "254": 751.7564644852355,
    "255": 754.238683160415,
    "256": 756.6301372705507,
    "257": 759.189752593775,
    "258": 762.3220271348762,
    "259": 765.8743016759776,
    "260": 768.6308060654429,
    "261": 770.5830806065443,
    "262": 772.5224900239425,
    "263": 774.3700399042299,
    "264": 776.3756743814844,
    "265": 779.0479489225856,
    "266": 781.138156424581,
    "267": 783.1537733439744,
    "268": 785.2424453312051,
    "269": 791.0140941739824,