{
    "1": 0.0,
    "2": 9.085011971268955,
    "3": 17.20456504389465,
    "4": 26.8547885075818,
    "5": 35.68185155626496,
    "6": 44.46137270550678,
    "7": 52.43002394253791,
    "8": 61.11687150837989,
    "9": 69.47642458100559,
    "10": 77.51047086991221,
    "11": 85.78188347964884,
    "12": 93.98007980845968,
    "13": 102.14729449321628,
    "14": 110.11956903431765,
    "15": 118.06189944134078,
    "16": 126.95047086991221,
    "17": 136.1637350359138,
    "18": 143.97260175578612,
    "19": 151.87336791699917,
    "20": 159.9318595371109,
    "21": 167.55466879489225,
    "22": 175.515530726257,
    "23": 182.59505985634476,
    "24": 189.61458100558653,
    "25": 197.2365203511572,
    "26": 205.42686352753392,
    "27": 214.08106943335994,
    "28": 223.39423782920989,
    "29": 233.44201117318437,
    "30": 242.09915403032724,
    "31": 250.9482362330407,
    "32": 255.08437350359137,
    "33": 263.67664804469274,
    "34": 271.4089225857941,
    "35": 280.3635913806864,
    "36": 288.4990263367917,
    "37": 295.3172386272945,
    "38": 304.36047885075817,
    "39": 312.8361851556265,
    "40": 321.12256983240223,
    "41": 331.3348443735036,
    "42": 340.74054269752594,
    "43": 349.51939345570634,
    "44": 357.9440063846767,
    "45": 367.2605586592179,
    "46": 377.98292098962486,
    "47": 387.84424581005584,
    "48": 400.67076616121307,
    "49": 403.6230407023144,
    "50": 407.4079728651237,
    "51": 409.7848092577813,
    "52": 411.3698643256185,
    "53": 413.0821388667199,
    "54": 414.7344134078212,
    "55": 416.4066879489226,
    "56": 418.1191388667199,
    "57": 419.91123703112527,
    "58": 421.78351157222664,
    "59": 423.67578611332806,
    "60": 425.75080606544293,
    "61": 427.6532569832402,
    "62": 429.4834046288907,
    "63": 431.30488427773344,
    "64": 433.0571588188348,
    "65": 435.1416600159617,
    "66": 437.7217079010375,
    "67": 440.69398244213886,
    "68": 442.6910502793296,
    "69": 444.56614126097367,
    "70": 447.12887470071826,
    "71": 448.7858156424581,
    "72": 449.99772067039106,
    "73": 451.4473551476456,
    "74": 452.97207821229046,
    "75": 454.27272146847565,
    "76": 455.8170550678372,
    "77": 457.6483160415004,
    "78": 459.7990263367917,
    "79": 463.1477094972067,
    "80": 464.61640063846767,
    "81": 465.98508379888267,
    "82": 467.3836073423783,
    "83": 468.8881420590583,
    "84": 470.0780750199521,
    "85": 471.64294493216283,
    "86": 472.7575482841181,
    "87": 474.4703750997606,
    "88": 475.56040223463685,
    "89": 476.9187869114126,
    "90": 478.2964964086193,
    "91": 479.78719872306465,
    "92": 481.2546073423783,
    "93": 482.37282442138866,
    "94": 483.9634724660814,
    "95": 485.3584245810056,
    "96": 486.4982282521947,
    "97": 488.1324341580207,
    "98": 489.44633120510775,
    "99": 491.0931843575419,
    "100": 492.52653631284915,
    "101": 494.1092577813248,
    "102": 495.69519553072627,
    "103": 496.9376695929768,
    "104": 498.40755626496406,
    "105": 499.7630407023144,
    "106": 501.24620111731844,
    "107": 502.5417398244214,
    "108": 503.98260973663207,
    "109": 505.27435754189946,
    "110": 506.977110933759,
    "111": 508.891316839585,
    "112": 511.1772418196329,
    "113": 512.4795929768555,
    "114": 513.8857541899441,
    "115": 515.1281404628891,
    "116": 516.5550558659218,
    "117": 517.9292418196329,
    "118": 519.2095379090183,
    "119": 520.5249640861931,
    "120": 521.8991699920191,
    "121": 523.1158268156424,
    "122": 524.5842458100559,
    "123": 526.011843575419,
    "124": 527.2359936153232,
    "125": 528.8621675977654,
    "126": 530.2850502793295,
    "127": 532.0779169992019,
    "128": 533.4956408619313,
    "129": 534.8633711093375,
    "130": 535.763160415004,
    "131": 537.7457653631285,
    "132": 539.6677094972067,
    "133": 542.0599840383081,
    "134": 543.6418451715882,
    "135": 544.1845331205108,
    "136": 544.641,
    "137": 544.655,
    "138": 545.0740271348762,
    "139": 546.5895363128492,
    "140": 546.6311181165203,
    "141": 547.4231811652036,
    "142": 548.9384181963288,
    "143": 549.768782122905,
    "144": 550.255003990423,
    "145": 550.9480550678372,
    "146": 551.6395530726257,
    "147": 553.4659138068636,
    "148": 555.3220510774141,
    "149": 557.4379042298484,
    "150": 559.3800558659218,
    "151": 561.3066480446928,
    "152": 563.6132003192339,
    "153": 565.9398324022346,
    "154": 568.0175171588188,
    "155": 570.1540143655227,
    "156": 573.7422984836393,
    "157": 575.9362011173184,
    "158": 577.9281085395052,
    "159": 579.9393591380687,
    "160": 582.1513966480447,
    "161": 585.2425698324022,
    "162": 587.6559457302474,
    "163": 590.0882202713487,
    "164": 592.3406424581005,
    "165": 594.491213886672,
    "166": 596.9650438946528,
    "167": 599.2973184357542,
    "168": 601.7847964884278,
    "169": 604.2609337589785,
    "170": 606.3785905826016,
    "171": 608.5196249002394,
    "172": 610.7614764565044,
    "173": 612.9696049481245,
    "174": 615.2832402234636,
    "175": 618.095514764565,
    "176": 620.8590103750997,
    "177": 623.1400638467678,
    "178": 625.5723383878692,
    "179": 627.9725674381485,
    "180": 630.1368874700718,
    "181": 632.3894972067039,
    "182": 634.6814365522745,
    "183": 637.0522266560256,
    "184": 639.5459856344772,
    "185": 642.5982601755786,
    "186": 645.3905347166799,
    "187": 648.0028092577813,
    "188": 650.3950837988826,
    "189": 652.923679169992,
    "190": 655.1735706304869,
    "191": 657.3511779728651,
    "192": 659.4293455706305,
    "193": 661.7465778132481,
    "194": 663.5630965682361,
    "195": 666.0210055865921,
    "196": 668.3032960893854,
    "197": 670.5113328012769,
    "198": 672.8026975259378,
    "199": 675.5501037509976,
    "200": 679.0623782920989,
    "201": 681.3383958499601,
    "202": 683.3734636871508,
    "203": 685.5291221069433,
    "204": 688.3972146847566,
    "205": 691.1636384676775,
    "206": 693.5560255387071,
    "207": 696.0574700718275,
    "208": 698.2733160415004,
    "209": 700.6709217877095,
    "210": 702.7843056664007,
    "211": 705.1786991221069,
    "212": 708.1796727853152,
    "213": 710.2866799680766,
    "214": 712.4990662410215,
    "215": 714.8818292098963,
    "216": 716.9727765363128,
    "217": 719.1379409417399,
    "218": 721.8233200319235,
    "219": 724.9355945730248,
    "220": 727.3078691141262,
    "221": 727.3078691141262,
    "222": 729.7040861931365,
    "223": 732.0562090981643,
    "224": 734.3120223463687,
    "225": 736.6860574620911,
    "226": 738.9418555466879,
    "227": 741.3215163607342,
    "228": 743.5973575418994,
    "229": 746.6860654429369,
    "230": 749.6066719872306,
    "231": 752.2506145251397,
    "232": 754.6870311252993,
    "233": 757.1043687150838,
    "234": 759.3611572226655,
    "235": 761.9498563447726,
    "236": 763.6573942537908,
    "237": 765.7242617717478,
    "238": 767.9050558659218,
    "239": 771.0545730247406,
    "240": 774.086758180367,
    "241": 776.4733599361533,
    "242": 779.2982314445331,
    "243": 781.7779090183559,
    "244": 784.5642936951316,
    "245": 787.4224581005586,
    "246": 789.93473264166,
    "247": 792.5670071827614,
    "248": 794.8994972067039,
    "249": 797.2423423782922,
    "250": 799.9038308060655,
    "251": 802.3170295291301,
    "252": 804.7083798882683,
    "253": 807.0336392657621,
    "254": 809.6564644852355,
    "255": 811.7978052673584,
    "256": 814.3157302474062,
    "257": 817.049752593775,
    "258": 820.8420271348763,
    "259": 824.5543016759776,
    "260": 827.1796169193934,
    "261": 829.2188507581803,
    "262": 831.2911252992817,
    "263": 833.2100399042298,
    "264": 835.0929241819633,
    "265": 837.7903591380685,
    "266": 840.1041340782123,
    "267": 842.2924980047884,
    "268": 844.6247725458899,
    "269": 848.9170470869911,
    "270": 852.1093216280925,