{
    "1": 0.0,
    "2": 27.87227454110136,
    "3": 36.94454908220271,
    "4": 45.418411811652035,
    "5": 54.085522745411005,
    "6": 62.76137270550678,
    "7": 70.99826017557862,
    "8": 79.51687150837988,
    "9": 88.32911412609737,
    "10": 96.96416600159615,
    "11": 105.40274541101357,
    "12": 114.17011971268951,
    "13": 122.052897047087,
    "14": 130.7113966480447,
    "15": 138.6210055865922,
    "16": 147.77205905826017,
    "17": 157.07645650438945,
    "18": 165.43633679169992,
    "19": 173.53887470071825,
    "20": 182.5705027932961,
    "21": 190.75286512370312,
    "22": 199.5977653631285,
    "23": 207.1751715881883,
    "24": 214.76462889066238,
    "25": 222.67458898643255,
    "26": 230.07098164405429,
    "27": 238.65096568236234,
    "28": 245.59141260973664,
    "29": 255.523687150838,
    "30": 263.98234636871507,
    "31": 273.3291779728651,
    "32": 277.25974461292896,
    "33": 285.8785474860335,
    "34": 294.12202713487625,
    "35": 302.0264644852354,
    "36": 310.8138866719872,
    "37": 319.4406863527534,
    "38": 328.63802075019953,
    "39": 336.2185315243416,
    "40": 344.11273743016756,
    "41": 353.41484437350357,
    "42": 361.8679329608938,
    "43": 371.2593934557063,
    "44": 379.56700718276136,
    "45": 388.6735195530726,
    "46": 397.94810853950514,
    "47": 406.94424581005586,
    "48": 417.29076616121307,
    "49": 423.58304070231446,
    "50": 428.8079728651237,
    "51": 431.4530015961692,
    "52": 433.24986432561855,
    "53": 435.07371109337595,
    "54": 436.77648044692734,
    "55": 438.61334397446126,
    "56": 440.4389624900239,
    "57": 442.1112370311253,
    "58": 443.98351157222663,
    "59": 446.0587773343974,
    "60": 448.30806065442937,
    "61": 450.16572067039107,
    "62": 451.95071827613725,
    "63": 453.6448842777334,
    "64": 455.3971588188348,
    "65": 457.32166001596164,
    "66": 459.8617079010375,
    "67": 461.99017877094974,
    "68": 463.8741005586592,
    "69": 465.78926576217077,
    "70": 468.67788108539503,
    "71": 470.34462090981646,
    "72": 471.4188643256185,
    "73": 472.7914924181963,
    "74": 474.2033407821229,
    "75": 475.5131205107742,
    "76": 476.9972466081405,
    "77": 478.5724349561054,
    "78": 480.8625219473264,
    "79": 482.47192019154033,
    "80": 483.7964006384676,
    "81": 485.212625698324,
    "82": 486.49934557063045,
    "83": 487.84667757382283,
    "84": 488.9877573822825,
    "85": 490.3649177972865,
    "86": 491.63242537909014,
    "87": 492.90830007980844,
    "88": 494.4585195530726,
    "89": 495.57878691141264,
    "90": 496.9964964086193,
    "91": 498.42311173184356,
    "92": 499.73125618515564,
    "93": 501.1250151636073,
    "94": 502.3636687948923,
    "95": 503.7948938547486,
    "96": 505.0085291300878,
    "97": 506.2514604948124,
    "98": 507.44633120510775,
    "99": 508.90893056664004,
    "100": 510.3425778132482,
    "101": 511.64768395849956,
    "102": 513.0571284916201,
    "103": 514.1901356743814,
    "104": 515.5759377494014,
    "105": 516.731859537111,
    "106": 517.9662114924182,
    "107": 519.2817398244214,
    "108": 520.5930486831604,
    "109": 521.6943575418994,
    "110": 523.0123399840384,
    "111": 524.7713168395851,
    "112": 525.9627613727055,
    "113": 527.4135395051876,
    "114": 528.6841165203513,
    "115": 530.0881404628891,
    "116": 531.5020446927374,
    "117": 532.8765522745412,
    "118": 534.1850303272147,
    "119": 535.2165985634477,
    "120": 536.6991699920192,
    "121": 538.0285363128492,
    "122": 539.367819632881,
    "123": 540.7017877094971,
    "124": 541.9959936153232,
    "125": 543.6101995211492,
    "126": 545.2844054269754,
    "127": 546.7573862729449,
    "128": 548.1728172386273,
    "129": 549.5070231444533,
    "130": 550.3631604150039,
    "131": 552.1554349561054,
    "132": 552.4785083798884,
    "133": 553.3243998403831,
    "134": 553.339,
    "135": 553.5927813248204,
    "136": 553.956744612929,
    "137": 554.5862521947327,
    "138": 555.0910407023144,
    "139": 555.123,
    "140": 555.127,
    "141": 555.131,
    "142": 555.134,
    "143": 555.138,
    "144": 555.775003990423,
    "145": 557.5672785315244,
    "146": 560.5195530726257,
    "147": 562.1073224261772,
    "148": 564.0220510774142,
    "149": 565.8078332003192,
    "150": 567.9757916999201,
    "151": 569.9285554668795,
    "152": 572.0698802873104,
    "153": 574.197094972067,
    "154": 576.1964245810055,
    "155": 578.5695131683959,
    "156": 581.5822984836392,
    "157": 583.6754413407821,
    "158": 585.5868475658419,
    "159": 587.4894469273743,
    "160": 589.3313966480447,
    "161": 591.903671189146,
    "162": 594.3159457302474,
    "163": 596.766576217079,
    "164": 598.9881117318437,
    "165": 601.3131923383878,
    "166": 603.6850438946528,
    "167": 606.0173184357542,
    "168": 608.2047964884277,
    "169": 610.8498427773344,
    "170": 612.9867278531524,
    "171": 615.2996249002393,
    "172": 618.0044445331205,
    "173": 620.1709656823623,
    "174": 622.2432402234637,
    "175": 624.675514764565,
    "176": 627.0840861931364,
    "177": 629.1800638467678,
    "178": 631.512338387869,
    "179": 633.8046129289705,
    "180": 636.1381324820431,
    "181": 638.2694972067039,
    "182": 640.325790103751,
    "183": 642.6737110933759,
    "184": 645.1041899441341,
    "185": 647.6582601755786,
    "186": 650.21053471668,
    "187": 652.6828092577813,
    "188": 655.1750837988826,
    "189": 657.723679169992,
    "190": 660.1998164405427,
    "191": 661.9461213088588,
    "192": 663.9845091779729,
    "193": 666.1888108539505,
    "194": 668.1598244213886,
    "195": 670.1967039106145,
    "196": 672.4783040702314,
    "197": 674.5381771747805,
    "198": 676.7136185155626,
    "199": 679.5901037509976,
    "200": 682.1190518754988,
    "201": 684.0981284916201,
    "202": 686.0377094972067,
    "203": 688.0888028731046,
    "204": 690.6463288108539,
    "205": 693.2241260973664,
    "206": 695.7092833200319,
    "207": 697.9985610534717,
    "208": 700.1605746209099,
    "209": 702.6115642458101,
    "210": 704.8643056664007,
    "211": 707.2656959297685,
    "212": 710.0396727853152,
    "213": 712.2471189146049,
    "214": 714.5564884277734,
    "215": 717.4710007980847,
    "216": 719.6587709497206,
    "217": 721.6110454908221,
    "218": 724.1233200319234,
    "219": 726.6355945730248,
    "220": 729.0878691141262,
    "221": 729.0878691141262,
    "222": 731.0992976855547,
    "223": 733.4562090981644,
    "224": 735.752346368715,
    "225": 737.9978172386274,
    "226": 740.2368555466879,
    "227": 742.4615163607342,
    "228": 744.7737909018356,
    "229": 747.4860654429369,
    "230": 750.1983399840383,
    "231": 752.7422346368714,
    "232": 755.3214445331205,
    "233": 757.9455778132482,
    "234": 760.2411572226655,
    "235": 762.4367557861133,
    "236": 764.7703910614524,
    "237": 766.7546983240223,
    "238": 769.0965363128491,
    "239": 771.8918595371109,
    "240": 774.9010853950518,
    "241": 777.3633399840384,
    "242": 779.8913806863527,
    "243": 782.3579090183559,
    "244": 784.9101835594572,
    "245": 787.5024581005587,
    "246": 790.33473264166,
    "247": 792.4670071827613,
    "248": 794.7594972067039,
    "249": 797.0075426975259,
    "250": 800.1638308060654,
    "251": 802.6561053471669,
    "252": 805.3883798882682,
    "253": 808.0912290502794,
    "254": 810.7564644852355,
    "255": 813.1778052673584,
    "256": 815.8462170790104,
    "257": 818.589752593775,
    "258": 822.2820271348762,
    "259": 825.8743016759776,
    "260": 828.1708603351955,
    "261": 830.1026576217079,
    "262": 832.0711252992817,
    "263": 834.1067198723065,
    "264": 835.9556743814843,
    "265": 838.2279489225857,
    "266": 840.2283184357541,
    "267": 842.2124980047885,
    "268": 844.6047725458898,
    "269": 848.0970470869912,
    "270": 851.0893216280925,
    "271": 853.6415961691939,