{
    "1": 0.0,
    "2": 14.715003990422984,
    "3": 21.032737430167597,
    "4": 28.098411811652035,
    "5": 34.81637669592976,
    "6": 41.856392657621704,
    "7": 47.523814844373504,
    "8": 55.196871508379886,
    "9": 61.703703112529915,
    "10": 68.71731843575418,
    "11": 74.96188347964883,
    "12": 81.93503591380686,
    "13": 88.70367118914605,
    "14": 95.31870710295293,
    "15": 101.86100558659219,
    "16": 109.07205905826018,
    "17": 115.79731045490821,
    "18": 122.31033519553073,
    "19": 128.4259776536313,
    "20": 134.65050279329608,
    "21": 140.66565043894653,
    "22": 147.18793296089385,
    "23": 153.30513168395845,
    "24": 159.2283320031923,
    "25": 165.17101356743814,
    "26": 171.6068635275339,
    "27": 177.87913806863526,
    "28": 185.0205426975259,
    "29": 192.28748603351954,
    "30": 199.08553870710296,
    "31": 205.5882362330407,
    "32": 209.35762170790102,
    "33": 216.41061452513964,
    "34": 222.8126735833998,
    "35": 229.62574620909817,
    "36": 236.3934716679968,
    "37": 243.08574620909818,
    "38": 249.91802075019953,
    "39": 257.1302952913009,
    "40": 263.62279329608936,
    "41": 270.6653152434158,
    "42": 277.0208140462889,
    "43": 284.9659377494014,
    "44": 291.65533918595366,
    "45": 298.7222505985635,
    "46": 305.5633519553072,
    "47": 313.00424581005586,
    "48": 318.55076616121306,
    "49": 321.54304070231444,
    "50": 336.4597206703911,
    "51": 338.27638467677576,
    "52": 339.94986432561853,
    "53": 341.72966081404627,
    "54": 343.4562011173184,
    "55": 345.21093695131685,
    "56": 347.0791699920191,
    "57": 349.4912370311253,
    "58": 351.4429146049481,
    "59": 353.37921947326413,
    "60": 355.50437031125296,
    "61": 357.395687150838,
    "62": 359.04378292098966,
    "63": 360.9950606544294,
    "64": 362.83201117318436,
    "65": 364.90943335993614,
    "66": 367.84672944932163,
    "67": 369.93243894652835,
    "68": 371.8810055865922,
    "69": 373.9382825219473,
    "70": 376.3275498802873,
    "71": 377.9058156424581,
    "72": 378.99891460494814,
    "73": 380.3314924181963,
    "74": 381.79548044692734,
    "75": 383.27235115722266,
    "76": 384.61705506783716,
    "77": 386.7283160415004,
    "78": 389.0825219473264,
    "79": 391.3384948124501,
    "80": 393.13640063846765,
    "81": 394.62513966480446,
    "82": 396.0126568236233,
    "83": 397.5548084596967,
    "84": 398.94775738228253,
    "85": 400.30393136472463,
    "86": 401.7768587390263,
    "87": 403.32103750997607,
    "88": 404.9474748603352,
    "89": 406.19878691141264,
    "90": 407.90811971268954,
    "91": 409.22719872306465,
    "92": 410.89288427773346,
    "93": 412.05382442138864,
    "94": 413.68761372705507,
    "95": 415.2960335195531,
    "96": 416.9382282521947,
    "97": 418.22726576217076,
    "98": 419.5529992019154,
    "99": 421.58126895450914,
    "100": 422.83980446927376,
    "101": 424.6673328012769,
    "102": 426.14560893854747,
    "103": 427.78390263367913,
    "104": 429.17593774940144,
    "105": 430.72304070231445,
    "106": 432.4202873104549,
    "107": 433.8617398244214,
    "108": 435.2270007980846,
    "109": 436.63672067039107,
    "110": 438.1255355147646,
    "111": 439.991316839585,
    "112": 441.6345865921788,
    "113": 442.96936392657625,
    "114": 444.19315083798887,
    "115": 445.68456983240225,
    "116": 446.76458100558665,
    "117": 448.1923727055068,
    "118": 449.46955307262573,
    "119": 450.7849640861931,
    "120": 452.1506687948922,
    "121": 453.5975019952115,
    "122": 455.27137270550674,
    "123": 456.9058826815642,
    "124": 458.3359936153232,
    "125": 459.8501995211492,
    "126": 461.37501675977654,
    "127": 462.8108419792498,
    "128": 464.0956408619314,
    "129": 465.38294972067035,
    "130": 466.26568635275333,
    "131": 468.2554349561054,
    "132": 470.20770949720674,
    "133": 472.6399840383081,
    "134": 473.9732130885874,
    "135": 474.39178132482044,
    "136": 474.921,
    "137": 475.2815961691939,
    "138": 476.0421221069433,
    "139": 477.25253631284914,
    "140": 477.32253152434157,
    "141": 477.4725818036712,
    "142": 477.5102090981644,
    "143": 477.5696272944932,
    "144": 478.615003990423,
    "145": 481.14727853152436,
    "146": 482.4033910614525,
    "147": 483.2691827613727,
    "148": 484.70205107741424,
    "149": 486.95928970470874,
    "150": 489.3402354349561,
    "151": 491.56092577813246,
    "152": 493.84988028731044,
    "153": 496.10547486033516,
    "154": 498.3288747007183,
    "155": 500.5068124501197,
    "156": 503.6222984836392,
    "157": 505.8356584197924,
    "158": 508.0081085395052,
    "159": 510.119473264166,
    "160": 512.1713966480447,
    "161": 514.7236711891461,
    "162": 517.0959457302474,
    "163": 519.3082202713488,
    "164": 521.5804948124501,
    "165": 523.8276616121309,
    "166": 526.0285395051875,
    "167": 528.3573184357542,
    "168": 530.6247964884278,
    "169": 533.0765602553871,
    "170": 535.1781947326416,
    "171": 537.3996249002394,
    "172": 539.7850837988826,
    "173": 541.9329146049481,
    "174": 544.1886033519553,
    "175": 546.5155147645651,
    "176": 549.0677893056665,
    "177": 551.2200638467677,
    "178": 553.3123383878692,
    "179": 555.6000606544293,
    "180": 558.1075099760575,
    "181": 560.3544134078212,
    "182": 562.6373304070231,
    "183": 564.9414844373504,
    "184": 567.1659856344772,
    "185": 569.6949561053472,
    "186": 571.7761620111731,
    "187": 574.2628092577813,
    "188": 576.3845977653631,
    "189": 578.8302075019952,
    "190": 581.1598164405427,
    "191": 583.3739872306464,
    "192": 585.3838619313648,
    "193": 587.8172817238626,
    "194": 589.9830965682362,
    "195": 592.2224022346369,
    "196": 594.6632881085395,
    "197": 596.9070550678372,
    "198": 599.100806065443,
    "199": 601.5301037509976,
    "200": 604.4423782920989,
    "201": 606.8181284916201,
    "202": 608.8614245810056,
    "203": 611.0493216280925,
    "204": 613.4863288108539,
    "205": 616.0043886671987,
    "206": 618.2463679169992,
    "207": 620.6033200319234,
    "208": 622.7805746209099,
    "209": 625.0728491620112,
    "210": 627.3643056664007,
    "211": 629.5653072625698,
    "212": 632.1918036711892,
    "213": 634.2471189146049,
    "214": 636.4038707102953,
    "215": 638.8742913008779,
    "216": 641.0451396648044,
    "217": 643.211045490822,
    "218": 645.5833200319234,
    "219": 648.2355945730249,
    "220": 650.5278691141261,
    "221": 650.5278691141261,
    "222": 652.7040861931365,
    "223": 654.7362090981644,
    "224": 657.252346368715,
    "225": 659.8454509177974,
    "226": 662.0292418196328,
    "227": 664.2112274541101,
    "228": 666.4479712689545,
    "229": 668.9683359936154,
    "230": 671.2983399840383,
    "231": 673.5774301675978,
    "232": 675.6785155626496,
    "233": 678.2945490822027,
    "234": 680.5006943335993,
    "235": 683.0169529130087,
    "236": 685.2226288906623,
    "237": 687.3442617717478,
    "238": 690.0165363128491,
    "239": 692.7288108539506,
    "240": 695.2210853950519,
    "241": 697.5400239425379,
    "242": 699.8945019952115,
    "243": 702.2379090183559,
    "244": 704.7501835594572,
    "245": 707.0928212290503,
    "246": 709.357893056664,
    "247": 711.7049138068635,
    "248": 713.9992817238627,
    "249": 716.3315562649641,
    "250": 719.4438308060655,
    "251": 721.8848842777335,
    "252": 724.0883798882683,
    "253": 726.4576392657622,
    "254": 729.1364644852355,
    "255": 731.1978052673584,
    "256": 733.4412234636872,
    "257": 736.089752593775,
    "258": 739.5420271348762,
    "259": 742.9143016759776,
    "260": 745.6025897845171,
    "261": 747.7188507581803,
    "262": 749.6911252992817,
    "263": 751.8633998403831,
    "264": 753.8956743814844,
    "265": 756.3879489225857,
    "266": 758.5560893854748,
    "267": 760.7724980047884,
    "268": 762.9213407821229,