{
    "1": 0.0,
    "2": 52.63591380686353,
    "3": 59.85000798084597,
    "4": 67.37841181165203,
    "5": 74.73093375897845,
    "6": 81.36137270550678,
    "7": 89.65364724660814,
    "8": 97.39731843575419,
    "9": 104.99819632881085,
    "10": 112.44416600159616,
    "11": 119.60274541101357,
    "12": 126.97513168395848,
    "13": 134.12729449321628,
    "14": 141.22644852354352,
    "15": 148.543687150838,
    "16": 156.76888268156424,
    "17": 163.96006384676775,
    "18": 171.2330007980846,
    "19": 179.15007182761371,
    "20": 186.41929768555465,
    "21": 193.13843575418994,
    "22": 200.1377653631285,
    "23": 206.21505985634474,
    "24": 213.7471747805267,
    "25": 220.88193136472466,
    "26": 227.3074541101357,
    "27": 235.37913806863526,
    "28": 241.9914126097366,
    "29": 250.50368715083798,
    "30": 257.7559616919394,
    "31": 265.6974142059058,
    "32": 268.9932482043096,
    "33": 276.3966480446927,
    "34": 284.1689225857941,
    "35": 291.32191540303273,
    "36": 298.22319233838783,
    "37": 305.7114924181963,
    "38": 312.6449162011173,
    "39": 319.88177174780526,
    "40": 326.792625698324,
    "41": 335.1148443735036,
    "42": 342.3947805267359,
    "43": 350.22654429369516,
    "44": 357.4923383878691,
    "45": 365.6957701516361,
    "46": 374.3233519553072,
    "47": 381.52424581005585,
    "48": 389.23076616121307,
    "49": 392.18304070231443,
    "50": 399.51583240223465,
    "51": 401.4587174780527,
    "52": 403.1698643256185,
    "53": 405.06213886671986,
    "54": 406.89738547486036,
    "55": 408.6842809257781,
    "56": 410.46627374301676,
    "57": 412.4912370311253,
    "58": 414.44228252194733,
    "59": 416.39578611332803,
    "60": 418.70656424581006,
    "61": 420.5041340782123,
    "62": 422.34756584197925,
    "63": 424.25830486831603,
    "64": 426.19492817238626,
    "65": 428.46943335993615,
    "66": 431.8417079010375,
    "67": 434.15513806863527,
    "68": 436.1310502793296,
    "69": 438.06926576217074,
    "70": 440.92379489225857,
    "71": 442.4956640063847,
    "72": 443.75777494014363,
    "73": 445.2856895450918,
    "74": 446.7477094972067,
    "75": 448.19990422984836,
    "76": 449.6921987230646,
    "77": 451.9283160415004,
    "78": 454.50252194732644,
    "79": 456.3857749401436,
    "80": 457.73640063846767,
    "81": 459.156843575419,
    "82": 460.4908699122107,
    "83": 462.03134397446127,
    "84": 463.26387869114126,
    "85": 464.689835594573,
    "86": 465.9397701516361,
    "87": 467.5303750997606,
    "88": 468.7845810055866,
    "89": 470.2121931364725,
    "90": 471.9764964086193,
    "91": 473.30719872306463,
    "92": 474.8014046288907,
    "93": 476.77561053471663,
    "94": 478.11030726256985,
    "95": 479.4297094972067,
    "96": 480.6782282521947,
    "97": 482.3419473264166,
    "98": 483.5433200319234,
    "99": 485.22138068635275,
    "100": 486.7225778132482,
    "101": 488.4628332003192,
    "102": 490.01519553072626,
    "103": 491.53766959297684,
    "104": 493.2671875498803,
    "105": 494.6230407023144,
    "106": 495.93864884277735,
    "107": 497.4579537110934,
    "108": 499.0130486831604,
    "109": 500.27435754189946,
    "110": 501.8991221069433,
    "111": 503.571316839585,
    "112": 505.2325522745411,
    "113": 506.52567438148446,
    "114": 507.96090183559465,
    "115": 509.24814046288907,
    "116": 510.67398324022344,
    "117": 512.1633934557063,
    "118": 513.4555379090183,
    "119": 514.909839584996,
    "120": 516.2991699920192,
    "121": 517.650403830806,
    "122": 519.0000941739823,
    "123": 520.6421787709497,
    "124": 521.9396759776537,
    "125": 523.4165658419793,
    "126": 525.3444054269753,
    "127": 526.8421947326417,
    "128": 528.3335690343176,
    "129": 529.7070231444533,
    "130": 530.6231604150039,
    "131": 532.5354349561053,
    "132": 534.4949106145251,
    "133": 537.0199840383082,
    "134": 538.0389225857941,
    "135": 538.7130079808459,
    "136": 539.0029680766162,
    "137": 539.6014908220271,
    "138": 540.1413567438149,
    "139": 543.0336312849162,
    "140": 545.9859058260175,
    "141": 548.6981803671189,
    "142": 549.0072090981644,
    "143": 549.1096272944933,
    "144": 549.295003990423,
    "145": 549.604,
    "146": 549.6131955307263,
    "147": 549.9715482841182,
    "148": 552.0220510774142,
    "149": 554.0992897047087,
    "150": 556.1800558659218,
    "151": 558.2409257781325,
    "152": 560.5132003192339,
    "153": 562.7141899441341,
    "154": 564.7077749401436,
    "155": 566.6868124501198,
    "156": 569.5022984836393,
    "157": 571.7945730247405,
    "158": 573.826847565842,
    "159": 576.006411811652,
    "160": 578.0245195530725,
    "161": 580.2629369513168,
    "162": 582.5759457302474,
    "163": 584.7801516360735,
    "164": 587.0068156424582,
    "165": 589.2727693535514,
    "166": 591.6460175578611,
    "167": 593.842122905028,
    "168": 596.0047964884278,
    "169": 598.5267174780527,
    "170": 600.70336632083,
    "171": 602.8596249002394,
    "172": 605.5061005586592,
    "173": 607.6309656823623,
    "174": 609.8007653631284,
    "175": 612.0629162011173,
    "176": 614.3477893056664,
    "177": 616.6828427773344,
    "178": 619.0631045490823,
    "179": 621.3246129289705,
    "180": 623.777354349561,
    "181": 626.0996648044693,
    "182": 627.6850143655226,
    "183": 627.7250742218675,
    "184": 627.8291197126895,
    "185": 628.4028866719872,
    "186": 628.7661053471668,
    "187": 628.774,
    "188": 628.7821508379889,
    "189": 628.7916735833999,
    "190": 628.801,
    "191": 628.8077190742218,
    "192": 628.8142418196329,
    "193": 628.8350582601756,
    "194": 628.9748619313648,
    "195": 629.0348100558659,
    "196": 629.164,
    "197": 629.17,
    "198": 629.1753782920989,
    "199": 629.1849010375099,
    "200": 629.2084237829209,
    "201": 629.5019465283319,
    "202": 629.518,
    "203": 629.654992019154,
    "204": 630.0771221069433,
    "205": 630.3120375099761,
    "206": 630.6781205107742,
    "207": 630.7708300079809,
    "208": 631.1706057462092,
    "209": 631.347966480447,
    "210": 631.563,
    "211": 631.8952194732641,
    "212": 632.301,
    "213": 632.305,
    "214": 632.309,
    "215": 632.313,
    "216": 632.317,
    "217": 632.5541731843575,
    "218": 633.0258324022346,
    "219": 633.3613559457302,
    "220": 633.378,
    "221": 633.378,
    "222": 633.3974014365523,
    "223": 633.437,
    "224": 633.5234469273743,
    "225": 633.6509393455706,
    "226": 634.0922649640861,
    "227": 635.7951516360733,
    "228": 636.7450758180368,
    "229": 637.0620606544294,
    "230": 637.3508379888268,
    "231": 639.8306145251397,
    "232": 642.3385155626497,
    "233": 644.9455778132482,
    "234": 647.1973224261772,
    "235": 649.409712689545,
    "236": 651.6119872306464,
    "237": 653.8380359138068,
    "238": 656.0965363128491,
    "239": 659.1088108539506,
    "240": 661.5848683160415,
    "241": 663.9433559457302,
    "242": 666.5670710295292,
    "243": 669.0379090183559,
    "244": 671.7101835594573,
    "245": 674.2224581005586,
    "246": 676.73473264166,
    "247": 679.2270071827613,
    "248": 681.5592817238627,
    "249": 684.1075426975259,
    "250": 686.8038308060654,
    "251": 689.3361053471668,
    "252": 691.7969385474861,
    "253": 694.2803272146848,
    "254": 696.7764644852355,
    "255": 699.1778052673584,
    "256": 701.7627214684757,
    "257": 704.289752593775,
    "258": 707.6220271348762,
    "259": 710.9543016759776,
    "260": 714.4465762170789,
    "261": 716.5788507581804,
    "262": 718.6511252992817,
    "263": 720.8467198723065,
    "264": 722.8948539505187,
    "265": 725.443094972067,
    "266": 727.5280446927374,
    "267": 729.5724980047885,
    "268": 731.9247725458898,
    "269": 735.0370470869912,
    "270": 737.3693216280926,
    "271": 739.721596169194,
    "272": 742.1750837988826,
    "273": 744.3861452513967,
    "274": 746.619209896249,