{
    "1": 0.0,
    "2": 7.675000000000001,
    "3": 11.63,
    "4": 15.35,
    "5": 18.84,
    "6": 21.255000000000003,
    "7": 25.4,
    "8": 28.43,
    "9": 33.26,
    "10": 38.955,
    "11": 43.04,
    "12": 47.91,
    "13": 52.34,
    "14": 56.644999999999996,
    "15": 61.44,
    "16": 66.45,
    "17": 70.3,
    "18": 75.195,
    "19": 78.12,
    "20": 80.77,
    "21": 83.56,
    "22": 86.29499999999999,
    "23": 88.76,
    "24": 91.45,
    "25": 94.1,
    "26": 97.545,
    "27": 103.1,
    "28": 107.24000000000001,
    "29": 110.14,
    "30": 112.91499999999999,
    "31": 116.05,
    "32": 118.31,
    "33": 120.61,
    "34": 123.12,
    "35": 126.09,
    "36": 129.18,
    "37": 131.7,
    "38": 134.095,
    "39": 136.54,
    "40": 138.69,
    "41": 140.76,
    "42": 142.815,
    "43": 145.46,
    "44": 148.62,
    "45": 151.5,
    "46": 153.935,
    "47": 156.58,
    "48": 159.42000000000002,
    "49": 161.94,
    "50": 164.755,
    "51": 168.76,
    "52": 174.01,
    "53": 177.72,
    "54": 181.755,
    "55": 185.08,
    "56": 187.81,
    "57": 191.78,
    "58": 194.62,
    "59": 199.32,
    "60": 205.015,
    "61": 208.88,
    "62": 213.315,
    "63": 218.9,
    "64": 223.245,
    "65": 227.66,
    "66": 233.89999999999998,
    "67": 237.68,
    "68": 241.63,
    "69": 245.66,
    "70": 250.415,
    "71": 256.64,
    "72": 262.17
}