{
    "1": 1.2499999999999982,
    "2": 5.879999999999999,
    "3": 10.51,
    "4": 15.14,
    "5": 18.72,
    "6": 24.13,
    "7": 28.74,
    "8": 33.03,
    "9": 37.38,
    "10": 42.980000000000004,
    "11": 47.86,
    "12": 53.04,
    "13": 59.08,
    "14": 65.29499999999999,
    "15": 73.44,
    "16": 79.49000000000001,
    "17": 84.16,
    "18": 88.815,
    "19": 92.36,
    "20": 95.55,
    "21": 98.78,
    "22": 102.095,
    "23": 105.4,
    "24": 108.44999999999999,
    "25": 112.82,
    "26": 117.85499999999999,
    "27": 126.54,
    "28": 130.75,
    "29": 133.86,
    "30": 136.965,
    "31": 140.35,
    "32": 143.82999999999998,
    "33": 146.93,
    "34": 149.275,
    "35": 152.04,
    "36": 154.97,
    "37": 157.5,
    "38": 159.755,
    "39": 162.06,
    "40": 164.57999999999998,
    "41": 167.72,
    "42": 170.335,
    "43": 173.48,
    "44": 176.70999999999998,
    "45": 180.08,
    "46": 183.45499999999998,
    "47": 186.9,
    "48": 190.37,
    "49": 194.02,
    "50": 196.515,
    "51": 200.0,
    "52": 205.37,
    "53": 210.02,
    "54": 214.095,
    "55": 218.64,
    "56": 222.08999999999997,
    "57": 225.86,
    "58": 229.16000000000003,
    "59": 234.82,
    "60": 241.055,
    "61": 245.32,
    "62": 250.91,
    "63": 255.24,
    "64": 261.745,
    "65": 266.34,
    "66": 274.37,
    "67": 277.58,
    "68": 281.715,
    "69": 284.7,
    "70": 288.595,
    "71": 295.76,
    "72": 302.44
}