{
    "1": 7.25,
    "2": 12.14,
    "3": 17.03,
    "4": 21.92,
    "5": 25.84,
    "6": 31.575000000000003,
    "7": 35.88,
    "8": 39.849999999999994,
    "9": 45.3,
    "10": 50.425,
    "11": 54.36,
    "12": 59.88,
    "13": 65.48,
    "14": 71.13499999999999,
    "15": 77.84,
    "16": 83.69,
    "17": 88.0,
    "18": 93.025,
    "19": 97.22,
    "20": 101.11,
    "21": 104.42,
    "22": 107.45500000000001,
    "23": 110.32,
    "24": 113.50999999999999,
    "25": 116.86,
    "26": 121.91499999999999,
    "27": 129.46,
    "28": 133.94,
    "29": 137.38,
    "30": 140.945,
    "31": 145.89,
    "32": 148.70999999999998,
    "33": 151.72,
    "34": 154.885,
    "35": 158.89,
    "36": 162.07,
    "37": 164.7,
    "38": 167.07999999999998,
    "39": 169.5,
    "40": 172.18,
    "41": 174.86,
    "42": 177.8,
    "43": 182.08,
    "44": 185.85000000000002,
    "45": 189.36,
    "46": 193.535,
    "47": 197.38,
    "48": 201.57,
    "49": 205.96,
    "50": 209.435,
    "51": 215.5,
    "52": 220.3,
    "53": 224.76,
    "54": 229.97500000000002,
    "55": 234.78,
    "56": 239.01,
    "57": 243.7,
    "58": 248.48000000000002,
    "59": 253.58,
    "60": 258.805,
    "61": 264.36,
    "62": 269.56,
    "63": 275.02,
    "64": 279.55499999999995,
    "65": 285.38,
    "66": 292.245,
    "67": 297.2,
    "68": 303.195,
    "69": 307.62,
    "70": 312.07500000000005,
    "71": 321.1,
    "72": 327.58
}