{
    "1": 0.3249999999999993,
    "2": 5.3575,
    "3": 10.39,
    "4": 17.1,
    "5": 22.39,
    "6": 26.74,
    "7": 32.515,
    "8": 37.12,
    "9": 43.989999999999995,
    "10": 49.26,
    "11": 54.355000000000004,
    "12": 60.510000000000005,
    "13": 65.58,
    "14": 71.2,
    "15": 79.07,
    "16": 82.46,
    "17": 87.575,
    "18": 90.86,
    "19": 95.07,
    "20": 98.88,
    "21": 102.61500000000001,
    "22": 106.47500000000001,
    "23": 109.9575,
    "24": 114.59,
    "25": 118.9,
    "26": 124.555,
    "27": 130.94,
    "28": 136.815,
    "29": 140.25,
    "30": 143.85000000000002,
    "31": 148.13,
    "32": 154.43,
    "33": 160.935,
    "34": 164.735,
    "35": 167.3,
    "36": 169.76,
    "37": 173.04,
    "38": 175.85500000000002,
    "39": 178.96,
    "40": 182.58999999999997,
    "41": 185.8,
    "42": 189.235,
    "43": 194.68,
    "44": 197.725,
    "45": 201.1,
    "46": 208.16,
    "47": 214.12,
    "48": 219.12,
    "49": 223.54,
    "50": 228.075,
    "51": 231.54,
    "52": 237.42000000000002,
    "53": 241.38,
    "54": 247.92000000000002,
    "55": 254.04,
    "56": 260.64,
    "57": 265.615,
    "58": 272.135,
    "59": 276.92,
    "60": 284.46500000000003,
    "61": 288.86,
    "62": 294.06,
    "63": 298.24,
    "64": 302.86,
    "65": 309.12,
    "66": 315.28999999999996,
    "67": 322.2,
    "68": 324.0,
    "69": 324.0,
    "70": 324.0,
    "71": 324.0,
    "72": 324.0
}