{
    "1": 0.3500000000000014,
    "2": 5.370000000000001,
    "3": 10.39,
    "4": 15.41,
    "5": 20.48,
    "6": 25.305,
    "7": 30.56,
    "8": 34.83,
    "9": 41.16,
    "10": 47.675,
    "11": 51.34,
    "12": 58.489999999999995,
    "13": 63.46,
    "14": 67.845,
    "15": 75.2,
    "16": 80.81,
    "17": 83.46,
    "18": 89.135,
    "19": 92.76,
    "20": 96.41,
    "21": 100.1,
    "22": 103.875,
    "23": 107.1,
    "24": 110.75,
    "25": 115.56,
    "26": 119.75,
    "27": 126.44,
    "28": 131.57,
    "29": 134.84,
    "30": 138.475,
    "31": 142.23,
    "32": 145.32999999999998,
    "33": 148.85,
    "34": 152.015,
    "35": 155.33,
    "36": 158.7,
    "37": 161.9,
    "38": 164.735,
    "39": 167.3,
    "40": 169.76,
    "41": 173.04,
    "42": 175.85500000000002,
    "43": 178.96,
    "44": 182.58999999999997,
    "45": 185.8,
    "46": 189.235,
    "47": 192.5,
    "48": 195.72,
    "49": 198.86,
    "50": 202.015,
    "51": 208.16,
    "52": 212.32999999999998,
    "53": 216.7,
    "54": 222.435,
    "55": 226.74,
    "56": 230.51,
    "57": 236.14,
    "58": 240.325,
    "59": 244.7,
    "60": 252.075,
    "61": 257.0,
    "62": 262.19,
    "63": 266.6,
    "64": 272.135,
    "65": 276.92,
    "66": 284.46500000000003,
    "67": 288.86,
    "68": 293.57500000000005,
    "69": 297.62,
    "70": 301.95500000000004,
    "71": 307.12,
    "72": 312.4
}