{
    "1": 0.0,
    "2": 7.735,
    "3": 12.02,
    "4": 16.46,
    "5": 21.24,
    "6": 24.945,
    "7": 30.36,
    "8": 34.709999999999994,
    "9": 40.4,
    "10": 46.575,
    "11": 51.6,
    "12": 56.709999999999994,
    "13": 63.34,
    "14": 69.535,
    "15": 75.56,
    "16": 83.37,
    "17": 89.52,
    "18": 94.495,
    "19": 99.56,
    "20": 103.63,
    "21": 107.76,
    "22": 111.235,
    "23": 114.6,
    "24": 118.25,
    "25": 121.8,
    "26": 125.805,
    "27": 135.24,
    "28": 139.46,
    "29": 143.1,
    "30": 146.695,
    "31": 151.05,
    "32": 154.39,
    "33": 158.18,
    "34": 161.095,
    "35": 164.86,
    "36": 168.44,
    "37": 171.74,
    "38": 173.935,
    "39": 176.46,
    "40": 179.02999999999997,
    "41": 182.0,
    "42": 185.365,
    "43": 189.02,
    "44": 193.17000000000002,
    "45": 196.9,
    "46": 200.015,
    "47": 203.08,
    "48": 206.43,
    "49": 210.2,
    "50": 214.135,
    "51": 220.52,
    "52": 225.75,
    "53": 231.22,
    "54": 236.265,
    "55": 240.5,
    "56": 245.25,
    "57": 250.38,
    "58": 255.14,
    "59": 260.34,
    "60": 268.355,
    "61": 272.98,
    "62": 279.1,
    "63": 285.3,
    "64": 290.615,
    "65": 295.8,
    "66": 302.09000000000003,
    "67": 306.02,
    "68": 310.595,
    "69": 314.66,
    "70": 320.095,
    "71": 326.5,
    "72": 330.89
}