{
    "1": 3.189999999999996,
    "2": 7.599999999999998,
    "3": 12.01,
    "4": 16.42,
    "5": 21.28,
    "6": 25.115000000000002,
    "7": 29.88,
    "8": 34.47,
    "9": 40.52,
    "10": 44.975,
    "11": 48.42,
    "12": 53.19,
    "13": 56.6,
    "14": 61.885,
    "15": 66.7,
    "16": 72.15,
    "17": 75.9,
    "18": 80.58000000000001,
    "19": 85.06,
    "20": 89.00999999999999,
    "21": 93.16,
    "22": 97.79499999999999,
    "23": 101.82,
    "24": 105.18,
    "25": 108.88,
    "26": 113.515,
    "27": 119.22,
    "28": 123.09,
    "29": 125.98,
    "30": 128.975,
    "31": 132.92,
    "32": 135.45,
    "33": 138.06,
    "34": 140.595,
    "35": 143.47,
    "36": 146.12,
    "37": 148.42,
    "38": 150.535,
    "39": 152.64,
    "40": 154.73000000000002,
    "41": 157.18,
    "42": 159.89499999999998,
    "43": 163.0,
    "44": 166.36,
    "45": 169.26,
    "46": 172.33499999999998,
    "47": 176.42,
    "48": 179.64999999999998,
    "49": 182.56,
    "50": 185.555,
    "51": 190.2,
    "52": 194.66,
    "53": 198.98,
    "54": 203.445,
    "55": 207.52,
    "56": 211.53,
    "57": 216.42,
    "58": 220.44,
    "59": 225.96,
    "60": 230.735,
    "61": 234.18,
    "62": 239.44,
    "63": 243.2,
    "64": 248.475,
    "65": 253.42,
    "66": 259.42999999999995,
    "67": 263.18,
    "68": 267.455,
    "69": 271.62,
    "70": 276.96500000000003,
    "71": 282.32,
    "72": 284.71000000000004
}