{
    "1": 2.4250000000000025,
    "2": 7.217500000000001,
    "3": 12.01,
    "4": 18.4,
    "5": 22.810000000000002,
    "6": 26.52,
    "7": 32.215,
    "8": 37.72,
    "9": 42.05,
    "10": 46.62,
    "11": 50.055,
    "12": 55.39,
    "13": 59.0,
    "14": 64.52,
    "15": 70.61,
    "16": 74.0,
    "17": 79.285,
    "18": 82.48,
    "19": 86.95,
    "20": 91.68,
    "21": 95.67500000000001,
    "22": 101.07500000000002,
    "23": 104.19749999999999,
    "24": 108.48,
    "25": 112.86,
    "26": 117.07499999999999,
    "27": 122.66,
    "28": 127.83500000000001,
    "29": 130.69,
    "30": 134.32999999999998,
    "31": 137.61,
    "32": 142.53,
    "33": 147.715,
    "34": 150.535,
    "35": 152.64,
    "36": 154.73000000000002,
    "37": 157.18,
    "38": 159.89499999999998,
    "39": 163.0,
    "40": 166.36,
    "41": 169.26,
    "42": 172.33499999999998,
    "43": 178.64,
    "44": 181.685,
    "45": 184.58,
    "46": 190.2,
    "47": 196.68,
    "48": 200.62,
    "49": 205.0,
    "50": 208.915,
    "51": 213.12,
    "52": 217.87,
    "53": 222.06,
    "54": 228.06,
    "55": 232.46,
    "56": 237.68,
    "57": 242.405,
    "58": 248.475,
    "59": 253.42,
    "60": 259.42999999999995,
    "61": 263.18,
    "62": 268.5,
    "63": 272.055,
    "64": 277.71,
    "65": 283.21500000000003,
    "66": 285.71000000000004,
    "67": 289.48,
    "68": 291.28,
    "69": 291.28,
    "70": 291.28,
    "71": 291.28,
    "72": 291.28
}