{
    "1": 3.0900000000000016,
    "2": 6.360000000000001,
    "3": 9.63,
    "4": 12.9,
    "5": 15.96,
    "6": 19.52,
    "7": 24.08,
    "8": 27.43,
    "9": 33.28,
    "10": 38.055,
    "11": 41.92,
    "12": 46.83,
    "13": 51.2,
    "14": 54.475,
    "15": 59.96,
    "16": 66.25,
    "17": 69.98,
    "18": 73.67500000000001,
    "19": 77.8,
    "20": 81.11,
    "21": 84.7,
    "22": 87.945,
    "23": 91.38,
    "24": 93.71000000000001,
    "25": 96.94,
    "26": 100.965,
    "27": 107.66,
    "28": 113.56,
    "29": 116.74,
    "30": 119.255,
    "31": 123.07,
    "32": 125.86000000000001,
    "33": 128.29,
    "34": 130.69,
    "35": 134.01,
    "36": 136.84,
    "37": 140.3,
    "38": 142.595,
    "39": 144.4,
    "40": 146.43,
    "41": 148.46,
    "42": 150.615,
    "43": 154.26,
    "44": 157.91000000000003,
    "45": 161.44,
    "46": 164.175,
    "47": 167.28,
    "48": 171.41,
    "49": 175.04,
    "50": 178.29500000000002,
    "51": 183.94,
    "52": 189.47,
    "53": 193.2,
    "54": 197.39499999999998,
    "55": 201.84,
    "56": 204.51,
    "57": 209.16,
    "58": 213.39999999999998,
    "59": 219.0,
    "60": 224.51,
    "61": 229.56,
    "62": 233.95999999999998,
    "63": 240.22,
    "64": 244.615,
    "65": 249.42,
    "66": 256.75,
    "67": 261.8,
    "68": 267.575,
    "69": 270.62,
    "70": 273.875,
    "71": 281.9,
    "72": 288.01
}