{
    "1": 0.0,
    "2": 16.455,
    "3": 20.67,
    "4": 23.82,
    "5": 27.36,
    "6": 30.354999999999997,
    "7": 34.24,
    "8": 37.730000000000004,
    "9": 42.52,
    "10": 47.455,
    "11": 51.44,
    "12": 55.730000000000004,
    "13": 60.2,
    "14": 64.935,
    "15": 70.96,
    "16": 76.2,
    "17": 79.36,
    "18": 84.89500000000001,
    "19": 89.46,
    "20": 92.89,
    "21": 96.06,
    "22": 99.07499999999999,
    "23": 101.98,
    "24": 104.97,
    "25": 108.58,
    "26": 111.845,
    "27": 117.62,
    "28": 122.61,
    "29": 124.94,
    "30": 127.875,
    "31": 130.91,
    "32": 133.55,
    "33": 136.28,
    "34": 139.3,
    "35": 143.69,
    "36": 146.66,
    "37": 148.96,
    "38": 151.115,
    "39": 153.38,
    "40": 155.61,
    "41": 158.06,
    "42": 160.515,
    "43": 163.7,
    "44": 166.70999999999998,
    "45": 169.66,
    "46": 173.335,
    "47": 177.92,
    "48": 180.69,
    "49": 183.44,
    "50": 186.875,
    "51": 191.66,
    "52": 195.81,
    "53": 198.94,
    "54": 202.635,
    "55": 206.2,
    "56": 209.11,
    "57": 212.62,
    "58": 215.8,
    "59": 220.74,
    "60": 225.995,
    "61": 229.44,
    "62": 233.52499999999998,
    "63": 237.78,
    "64": 242.115,
    "65": 246.96,
    "66": 252.93,
    "67": 256.74,
    "68": 261.45500000000004,
    "69": 264.94,
    "70": 270.03499999999997,
    "71": 274.56,
    "72": 280.19
}