{
    "1": 9.40000000000001,
    "2": 13.260000000000005,
    "3": 17.12,
    "4": 20.979999999999997,
    "5": 26.28,
    "6": 30.735,
    "7": 36.46,
    "8": 41.489999999999995,
    "9": 49.32,
    "10": 55.175,
    "11": 58.94,
    "12": 65.47,
    "13": 71.44,
    "14": 76.765,
    "15": 82.78,
    "16": 89.21000000000001,
    "17": 93.9,
    "18": 99.505,
    "19": 105.18,
    "20": 109.28999999999999,
    "21": 113.7,
    "22": 117.86,
    "23": 121.54,
    "24": 125.36,
    "25": 132.02,
    "26": 136.325,
    "27": 142.66,
    "28": 146.85,
    "29": 150.44,
    "30": 153.685,
    "31": 157.81,
    "32": 161.29000000000002,
    "33": 164.61,
    "34": 168.465,
    "35": 172.37,
    "36": 176.29000000000002,
    "37": 179.8,
    "38": 182.615,
    "39": 186.36,
    "40": 189.39,
    "41": 192.74,
    "42": 195.655,
    "43": 199.08,
    "44": 202.24,
    "45": 204.96,
    "46": 207.965,
    "47": 211.3,
    "48": 214.81,
    "49": 218.4,
    "50": 222.035,
    "51": 228.72,
    "52": 234.28,
    "53": 238.8,
    "54": 244.70499999999998,
    "55": 249.98,
    "56": 255.08999999999997,
    "57": 260.46,
    "58": 266.15999999999997,
    "59": 272.86,
    "60": 277.265,
    "61": 281.86,
    "62": 287.425,
    "63": 292.94,
    "64": 298.915,
    "65": 305.0,
    "66": 311.95000000000005,
    "67": 315.88,
    "68": 320.96,
    "69": 325.02,
    "70": 330.33500000000004,
    "71": 337.72,
    "72": 342.39
}