{
    "1": 4.224999999999999,
    "2": 9.1375,
    "3": 14.05,
    "4": 20.6,
    "5": 24.33,
    "6": 28.06,
    "7": 32.235,
    "8": 35.58,
    "9": 41.349999999999994,
    "10": 46.86,
    "11": 51.295,
    "12": 57.55,
    "13": 63.02,
    "14": 71.14,
    "15": 77.15,
    "16": 81.02,
    "17": 86.48,
    "18": 89.76,
    "19": 93.39,
    "20": 97.5,
    "21": 101.095,
    "22": 105.635,
    "23": 109.0375,
    "24": 113.87,
    "25": 120.52,
    "26": 124.13499999999999,
    "27": 128.16,
    "28": 132.995,
    "29": 135.81,
    "30": 138.64999999999998,
    "31": 142.32999999999998,
    "32": 147.47,
    "33": 152.485,
    "34": 155.375,
    "35": 157.38,
    "36": 159.7,
    "37": 162.34,
    "38": 164.985,
    "39": 167.78,
    "40": 170.87,
    "41": 173.28,
    "42": 176.08499999999998,
    "43": 180.94,
    "44": 183.975,
    "45": 186.62,
    "46": 191.26,
    "47": 197.9,
    "48": 202.70999999999998,
    "49": 206.66,
    "50": 210.935,
    "51": 215.22,
    "52": 219.16,
    "53": 222.88,
    "54": 229.04000000000002,
    "55": 234.74,
    "56": 241.82,
    "57": 246.995,
    "58": 254.32,
    "59": 259.7,
    "60": 265.05499999999995,
    "61": 268.16,
    "62": 271.78,
    "63": 274.445,
    "64": 278.51,
    "65": 282.775,
    "66": 286.71000000000004,
    "67": 290.4,
    "68": 292.2,
    "69": 292.2,
    "70": 292.2,
    "71": 292.2,
    "72": 292.2
}