{
    "1": 0.0,
    "2": 5.875,
    "3": 10.74,
    "4": 14.84,
    "5": 19.56,
    "6": 23.314999999999998,
    "7": 27.56,
    "8": 31.21,
    "9": 37.9,
    "10": 41.885000000000005,
    "11": 45.74,
    "12": 51.150000000000006,
    "13": 56.42,
    "14": 60.864999999999995,
    "15": 65.92,
    "16": 73.31,
    "17": 77.14,
    "18": 81.315,
    "19": 84.2,
    "20": 86.81,
    "21": 89.28,
    "22": 91.78,
    "23": 94.08,
    "24": 96.31,
    "25": 99.26,
    "26": 104.725,
    "27": 112.3,
    "28": 116.48,
    "29": 119.86,
    "30": 122.83500000000001,
    "31": 125.91,
    "32": 128.42,
    "33": 131.31,
    "34": 133.79,
    "35": 136.89,
    "36": 139.75,
    "37": 142.38,
    "38": 144.575,
    "39": 146.68,
    "40": 148.8,
    "41": 151.12,
    "42": 154.275,
    "43": 157.82,
    "44": 160.97,
    "45": 164.26,
    "46": 167.095,
    "47": 170.06,
    "48": 173.07999999999998,
    "49": 176.0,
    "50": 178.675,
    "51": 182.2,
    "52": 187.54000000000002,
    "53": 192.58,
    "54": 197.18,
    "55": 202.18,
    "56": 207.64999999999998,
    "57": 212.7,
    "58": 216.85000000000002,
    "59": 223.1,
    "60": 229.195,
    "61": 234.7,
    "62": 238.74,
    "63": 242.36,
    "64": 248.115,
    "65": 254.0,
    "66": 262.255,
    "67": 265.84,
    "68": 272.265,
    "69": 276.96,
    "70": 282.045,
    "71": 287.54,
    "72": 292.39
}