{
    "1": 4.370000000000001,
    "2": 9.21,
    "3": 14.05,
    "4": 18.89,
    "5": 22.98,
    "6": 26.715,
    "7": 30.72,
    "8": 34.37,
    "9": 39.48,
    "10": 45.035,
    "11": 49.28,
    "12": 54.629999999999995,
    "13": 60.64,
    "14": 66.245,
    "15": 73.2,
    "16": 79.05000000000001,
    "17": 82.48,
    "18": 88.055,
    "19": 91.34,
    "20": 94.85,
    "21": 98.84,
    "22": 102.555,
    "23": 106.78,
    "24": 110.00999999999999,
    "25": 114.28,
    "26": 120.815,
    "27": 124.36,
    "28": 128.44,
    "29": 131.3,
    "30": 134.055,
    "31": 137.27,
    "32": 140.03,
    "33": 143.03,
    "34": 145.53,
    "35": 148.13,
    "36": 150.66,
    "37": 153.34,
    "38": 155.375,
    "39": 157.38,
    "40": 159.7,
    "41": 162.34,
    "42": 164.985,
    "43": 167.78,
    "44": 170.87,
    "45": 173.28,
    "46": 176.08499999999998,
    "47": 179.06,
    "48": 182.02,
    "49": 184.98,
    "50": 187.45499999999998,
    "51": 191.26,
    "52": 196.23000000000002,
    "53": 200.6,
    "54": 205.065,
    "55": 209.2,
    "56": 213.43,
    "57": 217.94,
    "58": 221.775,
    "59": 226.9,
    "60": 232.495,
    "61": 237.6,
    "62": 243.23000000000002,
    "63": 249.0,
    "64": 254.32,
    "65": 259.7,
    "66": 265.05499999999995,
    "67": 268.16,
    "68": 271.235,
    "69": 274.1,
    "70": 277.995,
    "71": 281.2,
    "72": 284.6
}