{
    "1": 0.0,
    "2": 8.245,
    "3": 13.21,
    "4": 16.9,
    "5": 20.3,
    "6": 25.34,
    "7": 29.96,
    "8": 33.53,
    "9": 38.6,
    "10": 43.41,
    "11": 47.66,
    "12": 51.7,
    "13": 56.3,
    "14": 60.5,
    "15": 67.22,
    "16": 73.03999999999999,
    "17": 76.94,
    "18": 81.985,
    "19": 86.64,
    "20": 90.48,
    "21": 94.12,
    "22": 97.255,
    "23": 100.34,
    "24": 103.07,
    "25": 106.06,
    "26": 109.61500000000001,
    "27": 117.52,
    "28": 121.09,
    "29": 123.84,
    "30": 126.61500000000001,
    "31": 130.19,
    "32": 133.13,
    "33": 136.01,
    "34": 138.675,
    "35": 141.87,
    "36": 144.58999999999997,
    "37": 147.0,
    "38": 149.175,
    "39": 151.2,
    "40": 153.33999999999997,
    "41": 155.58,
    "42": 157.91,
    "43": 160.98,
    "44": 164.87,
    "45": 168.38,
    "46": 172.135,
    "47": 175.34,
    "48": 179.17000000000002,
    "49": 182.24,
    "50": 185.175,
    "51": 189.24,
    "52": 193.70999999999998,
    "53": 197.76,
    "54": 201.385,
    "55": 205.48,
    "56": 208.94,
    "57": 213.02,
    "58": 216.63,
    "59": 221.68,
    "60": 225.885,
    "61": 231.14,
    "62": 235.28,
    "63": 239.96,
    "64": 244.53500000000003,
    "65": 249.26,
    "66": 255.795,
    "67": 259.1,
    "68": 263.83500000000004,
    "69": 266.92,
    "70": 271.29499999999996,
    "71": 276.38,
    "72": 280.78999999999996
}