{
    "1": 2.669999999999998,
    "2": 6.704999999999999,
    "3": 10.74,
    "4": 16.12,
    "5": 20.79,
    "6": 24.66,
    "7": 29.055,
    "8": 32.66,
    "9": 38.93,
    "10": 43.56,
    "11": 48.265,
    "12": 53.07,
    "13": 59.04,
    "14": 63.82,
    "15": 70.85,
    "16": 74.94,
    "17": 80.255,
    "18": 82.52,
    "19": 85.65,
    "20": 88.46,
    "21": 90.63499999999999,
    "22": 93.715,
    "23": 95.6775,
    "24": 98.89,
    "25": 104.02,
    "26": 111.345,
    "27": 115.7,
    "28": 121.83500000000001,
    "29": 124.37,
    "30": 127.25,
    "31": 130.70999999999998,
    "32": 136.15,
    "33": 141.535,
    "34": 144.575,
    "35": 146.68,
    "36": 148.8,
    "37": 151.12,
    "38": 154.275,
    "39": 157.82,
    "40": 160.97,
    "41": 164.26,
    "42": 167.095,
    "43": 171.86,
    "44": 175.015,
    "45": 177.9,
    "46": 182.2,
    "47": 188.7,
    "48": 193.69,
    "49": 198.46,
    "50": 203.535,
    "51": 209.06,
    "52": 214.13,
    "53": 218.02,
    "54": 226.44,
    "55": 231.44,
    "56": 237.7,
    "57": 241.655,
    "58": 248.115,
    "59": 254.0,
    "60": 262.255,
    "61": 265.84,
    "62": 274.42,
    "63": 277.35,
    "64": 282.63,
    "65": 289.855,
    "66": 294.93,
    "67": 302.4,
    "68": 304.2,
    "69": 304.2,
    "70": 304.2,
    "71": 304.2,
    "72": 304.2
}