{
    "1": 0.0,
    "2": 9.135,
    "3": 14.05,
    "4": 18.310000000000002,
    "5": 21.86,
    "6": 28.215,
    "7": 32.14,
    "8": 37.269999999999996,
    "9": 42.38,
    "10": 48.535,
    "11": 52.82,
    "12": 57.629999999999995,
    "13": 62.98,
    "14": 68.035,
    "15": 75.06,
    "16": 81.49000000000001,
    "17": 84.6,
    "18": 88.495,
    "19": 91.46,
    "20": 94.23,
    "21": 97.2,
    "22": 99.61500000000001,
    "23": 102.08,
    "24": 104.25,
    "25": 106.5,
    "26": 110.705,
    "27": 118.86,
    "28": 123.96000000000001,
    "29": 126.56,
    "30": 128.975,
    "31": 131.89,
    "32": 134.24,
    "33": 136.69,
    "34": 138.945,
    "35": 141.92,
    "36": 144.14999999999998,
    "37": 146.22,
    "38": 148.215,
    "39": 150.1,
    "40": 151.99,
    "41": 154.06,
    "42": 156.315,
    "43": 159.06,
    "44": 161.61,
    "45": 164.04,
    "46": 166.315,
    "47": 168.82,
    "48": 171.81,
    "49": 175.48,
    "50": 178.435,
    "51": 183.64,
    "52": 188.67000000000002,
    "53": 192.72,
    "54": 197.415,
    "55": 202.14,
    "56": 206.16,
    "57": 210.96,
    "58": 215.5,
    "59": 221.52,
    "60": 226.675,
    "61": 229.76,
    "62": 236.48000000000002,
    "63": 241.36,
    "64": 248.04500000000002,
    "65": 253.66,
    "66": 260.49,
    "67": 264.86,
    "68": 270.055,
    "69": 273.14,
    "70": 277.875,
    "71": 283.94,
    "72": 290.03
}