{
    "1": 14.854999999999997,
    "2": 18.252499999999998,
    "3": 21.65,
    "4": 26.18,
    "5": 29.36,
    "6": 32.42,
    "7": 36.535,
    "8": 39.52,
    "9": 44.230000000000004,
    "10": 49.06,
    "11": 53.625,
    "12": 57.129999999999995,
    "13": 62.24,
    "14": 66.82,
    "15": 72.97999999999999,
    "16": 76.18,
    "17": 81.315,
    "18": 84.34,
    "19": 87.23,
    "20": 89.7,
    "21": 91.83,
    "22": 94.155,
    "23": 96.2175,
    "24": 98.61,
    "25": 101.52,
    "26": 107.39500000000001,
    "27": 111.32,
    "28": 115.875,
    "29": 118.51,
    "30": 121.39,
    "31": 125.07,
    "32": 129.95,
    "33": 134.935,
    "34": 137.735,
    "35": 139.7,
    "36": 141.76999999999998,
    "37": 143.94,
    "38": 146.215,
    "39": 148.54,
    "40": 151.32999999999998,
    "41": 153.7,
    "42": 156.035,
    "43": 160.08,
    "44": 162.785,
    "45": 165.18,
    "46": 169.14,
    "47": 174.06,
    "48": 177.59,
    "49": 181.02,
    "50": 184.575,
    "51": 188.3,
    "52": 192.13,
    "53": 195.22,
    "54": 200.64,
    "55": 205.2,
    "56": 210.74,
    "57": 214.905,
    "58": 220.615,
    "59": 224.92,
    "60": 231.085,
    "61": 234.5,
    "62": 239.82,
    "63": 242.76,
    "64": 247.09,
    "65": 252.79500000000002,
    "66": 255.41000000000003,
    "67": 259.76,
    "68": 285.82,
    "69": 285.82,
    "70": 285.82,
    "71": 285.82,
    "72": 285.82
}