{
    "1": 0.0,
    "2": 12.085,
    "3": 16.21,
    "4": 21.42,
    "5": 26.22,
    "6": 31.605,
    "7": 36.04,
    "8": 41.47,
    "9": 47.92,
    "10": 52.935,
    "11": 57.08,
    "12": 61.93,
    "13": 66.98,
    "14": 72.075,
    "15": 79.26,
    "16": 83.31,
    "17": 86.04,
    "18": 90.07499999999999,
    "19": 92.76,
    "20": 95.83000000000001,
    "21": 98.92,
    "22": 102.315,
    "23": 105.18,
    "24": 108.37,
    "25": 111.36,
    "26": 115.745,
    "27": 121.88,
    "28": 129.06,
    "29": 132.6,
    "30": 136.54500000000002,
    "31": 140.59,
    "32": 143.64999999999998,
    "33": 146.4,
    "34": 149.275,
    "35": 152.63,
    "36": 155.48000000000002,
    "37": 157.92,
    "38": 160.35500000000002,
    "39": 162.4,
    "40": 164.45,
    "41": 166.66,
    "42": 169.35500000000002,
    "43": 173.12,
    "44": 177.08999999999997,
    "45": 180.62,
    "46": 184.715,
    "47": 188.42,
    "48": 192.53,
    "49": 196.38,
    "50": 199.275,
    "51": 204.54,
    "52": 210.01,
    "53": 214.76,
    "54": 221.16,
    "55": 225.76,
    "56": 231.11,
    "57": 236.12,
    "58": 241.92000000000002,
    "59": 248.84,
    "60": 254.89499999999998,
    "61": 258.72,
    "62": 264.195,
    "63": 270.84,
    "64": 275.83500000000004,
    "65": 281.32,
    "66": 288.41999999999996,
    "67": 292.7,
    "68": 296.615,
    "69": 299.88,
    "70": 304.67499999999995,
    "71": 310.48,
    "72": 315.59000000000003
}