{
    "1": 5.755000000000003,
    "2": 10.982500000000002,
    "3": 16.21,
    "4": 23.18,
    "5": 28.67,
    "6": 33.18,
    "7": 38.735,
    "8": 43.58,
    "9": 49.91,
    "10": 54.8,
    "11": 58.955,
    "12": 65.34,
    "13": 69.64,
    "14": 75.8,
    "15": 81.97,
    "16": 85.04,
    "17": 88.675,
    "18": 91.5,
    "19": 94.55,
    "20": 97.62,
    "21": 100.975,
    "22": 104.555,
    "23": 107.7575,
    "24": 110.74000000000001,
    "25": 115.46,
    "26": 120.89500000000001,
    "27": 128.38,
    "28": 135.45499999999998,
    "29": 138.77,
    "30": 142.19,
    "31": 145.76999999999998,
    "32": 151.49,
    "33": 157.095,
    "34": 160.35500000000002,
    "35": 162.4,
    "36": 164.45,
    "37": 166.66,
    "38": 169.35500000000002,
    "39": 173.12,
    "40": 177.08999999999997,
    "41": 180.62,
    "42": 184.715,
    "43": 191.42,
    "44": 195.12,
    "45": 198.3,
    "46": 204.54,
    "47": 212.32,
    "48": 217.46,
    "49": 222.78,
    "50": 227.735,
    "51": 232.54,
    "52": 238.75,
    "53": 243.82,
    "54": 251.57999999999998,
    "55": 256.88,
    "56": 262.42,
    "57": 268.425,
    "58": 275.83500000000004,
    "59": 281.32,
    "60": 288.41999999999996,
    "61": 292.7,
    "62": 297.52,
    "63": 300.18,
    "64": 305.51,
    "65": 312.515,
    "66": 317.97,
    "67": 324.32,
    "68": 326.16,
    "69": 326.16,
    "70": 326.16,
    "71": 326.16,
    "72": 326.16
}