{
    "1": 15.329999999999991,
    "2": 18.489999999999995,
    "3": 21.65,
    "4": 24.810000000000002,
    "5": 27.94,
    "6": 31.375,
    "7": 35.28,
    "8": 38.45,
    "9": 43.08,
    "10": 47.455,
    "11": 50.98,
    "12": 55.47,
    "13": 59.86,
    "14": 64.015,
    "15": 69.44,
    "16": 74.72,
    "17": 77.48,
    "18": 82.655,
    "19": 85.62,
    "20": 88.25,
    "21": 90.68,
    "22": 92.735,
    "23": 94.78,
    "24": 96.81,
    "25": 98.86,
    "26": 101.79499999999999,
    "27": 107.68,
    "28": 111.75999999999999,
    "29": 114.42,
    "30": 116.975,
    "31": 120.03,
    "32": 122.87,
    "33": 125.49,
    "34": 127.975,
    "35": 130.65,
    "36": 133.37,
    "37": 135.66,
    "38": 137.735,
    "39": 139.7,
    "40": 141.76999999999998,
    "41": 143.94,
    "42": 146.215,
    "43": 148.54,
    "44": 151.32999999999998,
    "45": 153.7,
    "46": 156.035,
    "47": 158.24,
    "48": 160.92000000000002,
    "49": 163.68,
    "50": 165.95499999999998,
    "51": 169.14,
    "52": 172.64,
    "53": 176.04,
    "54": 179.79500000000002,
    "55": 183.5,
    "56": 186.64,
    "57": 190.82,
    "58": 194.23000000000002,
    "59": 198.12,
    "60": 203.185,
    "61": 207.08,
    "62": 211.54000000000002,
    "63": 216.6,
    "64": 220.615,
    "65": 224.92,
    "66": 231.085,
    "67": 234.5,
    "68": 239.29500000000002,
    "69": 242.34,
    "70": 245.655,
    "71": 251.3,
    "72": 254.41000000000003
}