{
    "1": 4.765000000000004,
    "2": 9.407500000000002,
    "3": 14.05,
    "4": 20.24,
    "5": 25.55,
    "6": 29.58,
    "7": 34.985,
    "8": 38.58,
    "9": 44.78,
    "10": 49.74,
    "11": 55.075,
    "12": 61.55,
    "13": 65.82,
    "14": 71.68,
    "15": 80.17,
    "16": 83.18,
    "17": 87.235,
    "18": 89.78,
    "19": 93.05,
    "20": 96.02,
    "21": 98.61500000000001,
    "22": 101.435,
    "23": 103.7155,
    "24": 106.21000000000001,
    "25": 109.34,
    "26": 118.35499999999999,
    "27": 123.52,
    "28": 127.89500000000001,
    "29": 130.43,
    "30": 133.11,
    "31": 136.19,
    "32": 140.99,
    "33": 145.495,
    "34": 148.215,
    "35": 150.1,
    "36": 151.99,
    "37": 154.06,
    "38": 156.315,
    "39": 159.06,
    "40": 161.61,
    "41": 164.04,
    "42": 166.315,
    "43": 170.76,
    "44": 173.755,
    "45": 177.48,
    "46": 183.64,
    "47": 190.32,
    "48": 194.48000000000002,
    "49": 200.64,
    "50": 203.535,
    "51": 207.62,
    "52": 212.84,
    "53": 216.98,
    "54": 224.83499999999998,
    "55": 228.06,
    "56": 234.86,
    "57": 240.195,
    "58": 248.04500000000002,
    "59": 253.66,
    "60": 260.49,
    "61": 264.86,
    "62": 270.36,
    "63": 273.46000000000004,
    "64": 278.46000000000004,
    "65": 287.91499999999996,
    "66": 291.13,
    "67": 294.22,
    "68": 296.02,
    "69": 296.02,
    "70": 296.02,
    "71": 296.02,
    "72": 296.02
}