{
    "1": 5.545000000000002,
    "2": 9.377500000000001,
    "3": 13.21,
    "4": 18.32,
    "5": 23.240000000000002,
    "6": 26.44,
    "7": 31.475,
    "8": 34.66,
    "9": 39.769999999999996,
    "10": 44.9,
    "11": 49.335,
    "12": 53.81,
    "13": 58.3,
    "14": 63.58,
    "15": 71.09,
    "16": 75.38,
    "17": 80.38499999999999,
    "18": 84.02,
    "19": 89.00999999999999,
    "20": 92.8,
    "21": 96.015,
    "22": 99.4,
    "23": 102.4375,
    "24": 105.77000000000001,
    "25": 108.6,
    "26": 116.155,
    "27": 120.46,
    "28": 125.435,
    "29": 128.13,
    "30": 131.82999999999998,
    "31": 135.47,
    "32": 140.73,
    "33": 146.195,
    "34": 149.175,
    "35": 151.2,
    "36": 153.33999999999997,
    "37": 155.58,
    "38": 157.91,
    "39": 160.98,
    "40": 164.87,
    "41": 168.38,
    "42": 172.135,
    "43": 178.24,
    "44": 181.35500000000002,
    "45": 184.28,
    "46": 189.24,
    "47": 195.22,
    "48": 199.05,
    "49": 202.58,
    "50": 206.865,
    "51": 210.54,
    "52": 214.41000000000003,
    "53": 217.9,
    "54": 223.95999999999998,
    "55": 227.8,
    "56": 233.78,
    "57": 238.47500000000002,
    "58": 244.53500000000003,
    "59": 249.26,
    "60": 255.795,
    "61": 259.1,
    "62": 264.26,
    "63": 267.34000000000003,
    "64": 271.90999999999997,
    "65": 278.775,
    "66": 282.25,
    "67": 288.78,
    "68": 290.58,
    "69": 290.58,
    "70": 290.58,
    "71": 290.58,
    "72": 290.58
}