{
    "1": 8.270000000000003,
    "2": 12.695000000000002,
    "3": 17.12,
    "4": 23.02,
    "5": 27.33,
    "6": 32.22,
    "7": 38.175,
    "8": 44.04,
    "9": 50.989999999999995,
    "10": 57.02,
    "11": 61.795,
    "12": 68.33,
    "13": 74.28,
    "14": 81.04,
    "15": 87.69,
    "16": 91.46,
    "17": 97.79499999999999,
    "18": 102.3,
    "19": 107.67,
    "20": 112.14,
    "21": 116.235,
    "22": 120.885,
    "23": 124.41749999999999,
    "24": 130.39,
    "25": 135.68,
    "26": 142.39499999999998,
    "27": 146.16,
    "28": 152.35500000000002,
    "29": 155.95,
    "30": 159.56,
    "31": 164.07,
    "32": 171.25,
    "33": 178.615,
    "34": 182.615,
    "35": 186.36,
    "36": 189.39,
    "37": 192.74,
    "38": 195.655,
    "39": 199.08,
    "40": 202.24,
    "41": 204.96,
    "42": 207.965,
    "43": 213.48,
    "44": 217.115,
    "45": 221.0,
    "46": 228.72,
    "47": 235.94,
    "48": 241.41,
    "49": 246.56,
    "50": 251.335,
    "51": 256.48,
    "52": 261.86,
    "53": 268.0,
    "54": 274.69,
    "55": 279.7,
    "56": 285.9,
    "57": 291.695,
    "58": 298.915,
    "59": 305.0,
    "60": 311.95000000000005,
    "61": 315.88,
    "62": 321.32,
    "63": 325.71,
    "64": 331.19,
    "65": 339.79499999999996,
    "66": 343.53,
    "67": 350.66,
    "68": 352.62,
    "69": 352.62,
    "70": 352.62,
    "71": 352.62,
    "72": 352.62
}