{
    "1": 0.0,
    "2": 14.835,
    "3": 20.17,
    "4": 24.82,
    "5": 28.64,
    "6": 34.135,
    "7": 38.7,
    "8": 43.39,
    "9": 49.14,
    "10": 54.125,
    "11": 58.72,
    "12": 63.31,
    "13": 68.66,
    "14": 73.875,
    "15": 80.18,
    "16": 86.15,
    "17": 89.7,
    "18": 95.11500000000001,
    "19": 99.32,
    "20": 102.97,
    "21": 106.1,
    "22": 109.815,
    "23": 112.98,
    "24": 116.3,
    "25": 120.24,
    "26": 123.875,
    "27": 129.1,
    "28": 133.57,
    "29": 137.6,
    "30": 140.79500000000002,
    "31": 145.55,
    "32": 148.62,
    "33": 152.22,
    "34": 155.75,
    "35": 159.52,
    "36": 163.17000000000002,
    "37": 166.84,
    "38": 170.115,
    "39": 173.38,
    "40": 176.47,
    "41": 179.6,
    "42": 183.075,
    "43": 187.58,
    "44": 191.87,
    "45": 195.32,
    "46": 199.215,
    "47": 203.42,
    "48": 206.99,
    "49": 210.76,
    "50": 214.45499999999998,
    "51": 219.04,
    "52": 224.57999999999998,
    "53": 229.18,
    "54": 235.155,
    "55": 240.36,
    "56": 244.76999999999998,
    "57": 249.76,
    "58": 254.47,
    "59": 259.1,
    "60": 265.935,
    "61": 270.74,
    "62": 276.595,
    "63": 281.5,
    "64": 288.23,
    "65": 294.24,
    "66": 301.03,
    "67": 305.68,
    "68": 310.95500000000004,
    "69": 315.28,
    "70": 320.495,
    "71": 326.62,
    "72": 331.52
}