{
    "1": 10.075000000000006,
    "2": 15.122500000000004,
    "3": 20.17,
    "4": 26.9,
    "5": 31.47,
    "6": 35.46,
    "7": 40.455,
    "8": 44.76,
    "9": 51.62,
    "10": 55.6,
    "11": 60.295,
    "12": 65.95,
    "13": 71.56,
    "14": 77.22,
    "15": 83.69,
    "16": 87.98,
    "17": 93.58500000000001,
    "18": 96.88,
    "19": 101.25,
    "20": 104.76,
    "21": 108.035,
    "22": 112.15,
    "23": 115.36749999999999,
    "24": 119.53999999999999,
    "25": 123.38,
    "26": 128.865,
    "27": 133.2,
    "28": 139.575,
    "29": 143.35,
    "30": 147.31,
    "31": 151.53,
    "32": 158.49,
    "33": 165.575,
    "34": 170.115,
    "35": 173.38,
    "36": 176.47,
    "37": 179.6,
    "38": 183.075,
    "39": 187.58,
    "40": 191.87,
    "41": 195.32,
    "42": 199.215,
    "43": 205.66,
    "44": 209.625,
    "45": 213.32,
    "46": 219.04,
    "47": 226.72,
    "48": 231.66000000000003,
    "49": 236.68,
    "50": 241.945,
    "51": 245.96,
    "52": 251.5,
    "53": 255.84,
    "54": 262.27,
    "55": 268.0,
    "56": 274.72,
    "57": 280.535,
    "58": 288.23,
    "59": 294.24,
    "60": 301.03,
    "61": 305.68,
    "62": 311.7,
    "63": 315.795,
    "64": 321.13,
    "65": 329.375,
    "66": 332.8,
    "67": 337.56,
    "68": 339.5,
    "69": 339.5,
    "70": 339.5,
    "71": 339.5,
    "72": 339.5
}