{
    "1": 0.0,
    "2": 4.845,
    "3": 9.89,
    "4": 14.1,
    "5": 17.66,
    "6": 22.715,
    "7": 27.46,
    "8": 31.509999999999998,
    "9": 35.74,
    "10": 40.355000000000004,
    "11": 44.72,
    "12": 50.17,
    "13": 53.68,
    "14": 56.995000000000005,
    "15": 63.9,
    "16": 68.27,
    "17": 72.84,
    "18": 77.535,
    "19": 80.88,
    "20": 84.49000000000001,
    "21": 87.18,
    "22": 89.83500000000001,
    "23": 92.38,
    "24": 94.95,
    "25": 98.2,
    "26": 102.11500000000001,
    "27": 106.46,
    "28": 110.43,
    "29": 113.18,
    "30": 116.235,
    "31": 119.58,
    "32": 122.83,
    "33": 125.33,
    "34": 128.235,
    "35": 132.81,
    "36": 136.62,
    "37": 139.28,
    "38": 142.015,
    "39": 144.36,
    "40": 146.83999999999997,
    "41": 149.52,
    "42": 152.215,
    "43": 156.1,
    "44": 159.65,
    "45": 162.96,
    "46": 165.915,
    "47": 169.18,
    "48": 171.86,
    "49": 174.26,
    "50": 176.755,
    "51": 180.48,
    "52": 183.55,
    "53": 190.14,
    "54": 194.155,
    "55": 197.82,
    "56": 201.39,
    "57": 204.74,
    "58": 208.36,
    "59": 213.1,
    "60": 217.755,
    "61": 223.58,
    "62": 227.39999999999998,
    "63": 230.86,
    "64": 235.075,
    "65": 238.66,
    "66": 244.82999999999998,
    "67": 247.64,
    "68": 251.095,
    "69": 253.46,
    "70": 256.45500000000004,
    "71": 260.98,
    "72": 266.54999999999995
}