{
    "1": 1.0850000000000009,
    "2": 5.487500000000001,
    "3": 9.89,
    "4": 15.76,
    "5": 20.41,
    "6": 23.98,
    "7": 29.235,
    "8": 33.22,
    "9": 37.03,
    "10": 42.06,
    "11": 46.535,
    "12": 52.41,
    "13": 55.54,
    "14": 59.5,
    "15": 66.91,
    "16": 70.08,
    "17": 76.225,
    "18": 78.9,
    "19": 83.27,
    "20": 86.22,
    "21": 88.715,
    "22": 91.75500000000001,
    "23": 94.33749999999999,
    "24": 97.64,
    "25": 101.84,
    "26": 106.095,
    "27": 109.92,
    "28": 115.195,
    "29": 117.95,
    "30": 121.34,
    "31": 124.83,
    "32": 131.44,
    "33": 138.375,
    "34": 142.015,
    "35": 144.36,
    "36": 146.83999999999997,
    "37": 149.52,
    "38": 152.215,
    "39": 156.1,
    "40": 159.65,
    "41": 162.96,
    "42": 165.915,
    "43": 171.0,
    "44": 173.515,
    "45": 175.94,
    "46": 180.48,
    "47": 187.08,
    "48": 191.35,
    "49": 195.32,
    "50": 199.065,
    "51": 202.86,
    "52": 206.01,
    "53": 209.44,
    "54": 215.41000000000003,
    "55": 219.8,
    "56": 226.58,
    "57": 230.135,
    "58": 235.075,
    "59": 238.66,
    "60": 244.82999999999998,
    "61": 247.64,
    "62": 251.6,
    "63": 253.76,
    "64": 257.03,
    "65": 262.655,
    "66": 268.41999999999996,
    "67": 274.6,
    "68": 282.64,
    "69": 282.64,
    "70": 282.64,
    "71": 282.64,
    "72": 282.64
}