{
    "1": 0.0,
    "2": 4.275,
    "3": 7.57,
    "4": 10.55,
    "5": 14.48,
    "6": 17.354999999999997,
    "7": 21.24,
    "8": 24.490000000000002,
    "9": 30.2,
    "10": 34.135,
    "11": 37.0,
    "12": 40.33,
    "13": 43.82,
    "14": 47.305,
    "15": 52.42,
    "16": 57.489999999999995,
    "17": 61.74,
    "18": 65.79499999999999,
    "19": 69.66,
    "20": 72.57,
    "21": 75.2,
    "22": 78.35499999999999,
    "23": 81.02,
    "24": 83.81,
    "25": 86.58,
    "26": 89.67500000000001,
    "27": 95.44,
    "28": 98.96000000000001,
    "29": 102.0,
    "30": 105.13499999999999,
    "31": 108.73,
    "32": 111.6,
    "33": 114.49,
    "34": 117.345,
    "35": 120.76,
    "36": 123.67,
    "37": 126.36,
    "38": 129.015,
    "39": 131.58,
    "40": 134.25,
    "41": 137.08,
    "42": 139.805,
    "43": 142.74,
    "44": 145.49,
    "45": 148.0,
    "46": 150.715,
    "47": 153.54,
    "48": 156.47,
    "49": 159.72,
    "50": 163.035,
    "51": 170.0,
    "52": 174.99,
    "53": 178.48,
    "54": 182.95499999999998,
    "55": 187.2,
    "56": 190.58999999999997,
    "57": 194.92,
    "58": 198.5,
    "59": 204.16,
    "60": 208.935,
    "61": 212.12,
    "62": 215.625,
    "63": 219.08,
    "64": 222.695,
    "65": 227.0,
    "66": 233.26,
    "67": 237.08,
    "68": 241.34500000000003,
    "69": 244.7,
    "70": 249.655,
    "71": 256.1,
    "72": 261.58
}