{
    "1": 1.135000000000002,
    "2": 4.352500000000001,
    "3": 7.57,
    "4": 11.86,
    "5": 15.350000000000001,
    "6": 18.4,
    "7": 22.535,
    "8": 25.76,
    "9": 31.259999999999998,
    "10": 35.46,
    "11": 38.115,
    "12": 41.980000000000004,
    "13": 45.38,
    "14": 49.72,
    "15": 56.230000000000004,
    "16": 60.14,
    "17": 64.39500000000001,
    "18": 68.66,
    "19": 71.28999999999999,
    "20": 74.2,
    "21": 77.155,
    "22": 80.32000000000001,
    "23": 82.9525,
    "24": 86.18,
    "25": 89.4,
    "26": 95.215,
    "27": 98.44,
    "28": 104.07499999999999,
    "29": 106.77,
    "30": 110.13,
    "31": 113.88,
    "32": 119.76,
    "33": 125.39500000000001,
    "34": 129.015,
    "35": 131.58,
    "36": 134.25,
    "37": 137.08,
    "38": 139.805,
    "39": 142.74,
    "40": 145.49,
    "41": 148.0,
    "42": 150.715,
    "43": 155.44,
    "44": 158.775,
    "45": 162.12,
    "46": 170.0,
    "47": 176.56,
    "48": 180.64999999999998,
    "49": 184.08,
    "50": 188.595,
    "51": 191.88,
    "52": 196.23000000000002,
    "53": 199.62,
    "54": 205.42000000000002,
    "55": 210.3,
    "56": 214.28,
    "57": 218.135,
    "58": 222.695,
    "59": 227.0,
    "60": 233.26,
    "61": 237.08,
    "62": 241.76,
    "63": 245.23,
    "64": 250.37,
    "65": 257.19500000000005,
    "66": 267.84000000000003,
    "67": 271.34,
    "68": 273.14,
    "69": 273.14,
    "70": 273.14,
    "71": 273.14,
    "72": 273.14
}