{
    "1": 2.869999999999997,
    "2": 6.739999999999998,
    "3": 10.61,
    "4": 14.48,
    "5": 18.04,
    "6": 22.565,
    "7": 26.46,
    "8": 30.990000000000002,
    "9": 36.32,
    "10": 41.084999999999994,
    "11": 44.76,
    "12": 49.72,
    "13": 54.52,
    "14": 60.325,
    "15": 66.42,
    "16": 73.3,
    "17": 77.14,
    "18": 82.255,
    "19": 86.18,
    "20": 90.41,
    "21": 93.94,
    "22": 97.755,
    "23": 100.98,
    "24": 104.55,
    "25": 108.28,
    "26": 112.625,
    "27": 116.96,
    "28": 123.03,
    "29": 126.14,
    "30": 129.275,
    "31": 133.05,
    "32": 135.64,
    "33": 138.42,
    "34": 141.275,
    "35": 144.29,
    "36": 147.45,
    "37": 150.26,
    "38": 152.555,
    "39": 154.94,
    "40": 157.2,
    "41": 159.54,
    "42": 162.575,
    "43": 165.6,
    "44": 168.47,
    "45": 171.06,
    "46": 174.095,
    "47": 176.72,
    "48": 179.73000000000002,
    "49": 182.34,
    "50": 185.135,
    "51": 188.72,
    "52": 193.07999999999998,
    "53": 196.78,
    "54": 201.165,
    "55": 204.76,
    "56": 209.11,
    "57": 213.78,
    "58": 218.92000000000002,
    "59": 223.9,
    "60": 229.66500000000002,
    "61": 233.38,
    "62": 239.35000000000002,
    "63": 244.44,
    "64": 250.245,
    "65": 255.6,
    "66": 263.04999999999995,
    "67": 266.82,
    "68": 270.68499999999995,
    "69": 273.92,
    "70": 278.495,
    "71": 282.46,
    "72": 284.71000000000004
}