{
    "1": 5.8400000000000025,
    "2": 10.010000000000002,
    "3": 14.18,
    "4": 19.74,
    "5": 23.25,
    "6": 26.88,
    "7": 32.254999999999995,
    "8": 36.7,
    "9": 42.58,
    "10": 47.34,
    "11": 51.195,
    "12": 55.61,
    "13": 60.78,
    "14": 65.92,
    "15": 73.92,
    "16": 77.52,
    "17": 84.395,
    "18": 89.28,
    "19": 92.69,
    "20": 96.82,
    "21": 99.91499999999999,
    "22": 103.56500000000001,
    "23": 106.3775,
    "24": 110.64,
    "25": 114.08,
    "26": 122.435,
    "27": 127.38,
    "28": 132.775,
    "29": 135.63,
    "30": 139.88,
    "31": 143.67000000000002,
    "32": 150.99,
    "33": 157.175,
    "34": 159.915,
    "35": 161.9,
    "36": 164.01999999999998,
    "37": 166.26,
    "38": 169.255,
    "39": 172.5,
    "40": 176.41000000000003,
    "41": 179.14,
    "42": 183.735,
    "43": 191.2,
    "44": 194.555,
    "45": 198.06,
    "46": 207.14,
    "47": 214.06,
    "48": 219.32999999999998,
    "49": 222.94,
    "50": 226.935,
    "51": 230.06,
    "52": 234.64999999999998,
    "53": 238.52,
    "54": 244.74,
    "55": 250.18,
    "56": 256.0,
    "57": 260.53499999999997,
    "58": 266.03499999999997,
    "59": 270.72,
    "60": 277.22,
    "61": 282.08,
    "62": 288.66,
    "63": 291.6,
    "64": 298.28,
    "65": 308.495,
    "66": 313.53,
    "67": 315.56,
    "68": 317.36,
    "69": 317.36,
    "70": 317.36,
    "71": 317.36,
    "72": 317.36
}