{
    "1": 0.0,
    "2": 9.565000000000001,
    "3": 14.18,
    "4": 18.05,
    "5": 22.18,
    "6": 25.475,
    "7": 30.62,
    "8": 34.45,
    "9": 40.64,
    "10": 45.885,
    "11": 49.6,
    "12": 53.849999999999994,
    "13": 58.34,
    "14": 62.815,
    "15": 68.42,
    "16": 75.38,
    "17": 79.48,
    "18": 85.85499999999999,
    "19": 90.98,
    "20": 94.42,
    "21": 98.3,
    "22": 101.255,
    "23": 104.26,
    "24": 107.45,
    "25": 111.26,
    "26": 115.11500000000001,
    "27": 122.66,
    "28": 127.91,
    "29": 130.7,
    "30": 133.775,
    "31": 138.3,
    "32": 141.22000000000003,
    "33": 144.09,
    "34": 147.35,
    "35": 153.01,
    "36": 155.57,
    "37": 157.82,
    "38": 159.915,
    "39": 161.9,
    "40": 164.01999999999998,
    "41": 166.26,
    "42": 169.255,
    "43": 172.5,
    "44": 176.41000000000003,
    "45": 179.14,
    "46": 183.735,
    "47": 188.52,
    "48": 192.41000000000003,
    "49": 195.74,
    "50": 199.415,
    "51": 207.14,
    "52": 212.48000000000002,
    "53": 217.38,
    "54": 221.535,
    "55": 225.76,
    "56": 229.03,
    "57": 233.34,
    "58": 236.71,
    "59": 241.94,
    "60": 248.525,
    "61": 252.12,
    "62": 257.0,
    "63": 261.3,
    "64": 266.03499999999997,
    "65": 270.72,
    "66": 277.22,
    "67": 282.08,
    "68": 287.58500000000004,
    "69": 291.22,
    "70": 296.07500000000005,
    "71": 302.44,
    "72": 312.15
}