{
    "1": 5.949999999999998,
    "2": 10.645,
    "3": 15.34,
    "4": 21.6,
    "5": 27.75,
    "6": 31.98,
    "7": 38.055,
    "8": 42.52,
    "9": 52.93,
    "10": 56.38,
    "11": 62.155,
    "12": 68.50999999999999,
    "13": 73.78,
    "14": 79.14,
    "15": 87.93,
    "16": 91.98,
    "17": 98.775,
    "18": 102.1,
    "19": 107.28999999999999,
    "20": 110.72,
    "21": 115.45500000000001,
    "22": 118.955,
    "23": 122.8775,
    "24": 126.1,
    "25": 129.72,
    "26": 139.89499999999998,
    "27": 143.94,
    "28": 150.275,
    "29": 153.89,
    "30": 157.91000000000003,
    "31": 162.20999999999998,
    "32": 168.03,
    "33": 175.035,
    "34": 178.435,
    "35": 180.96,
    "36": 183.64999999999998,
    "37": 186.6,
    "38": 189.435,
    "39": 192.84,
    "40": 196.25,
    "41": 199.8,
    "42": 203.345,
    "43": 209.18,
    "44": 212.215,
    "45": 215.38,
    "46": 220.88,
    "47": 228.24,
    "48": 234.85000000000002,
    "49": 238.46,
    "50": 244.20499999999998,
    "51": 248.8,
    "52": 253.43,
    "53": 257.42,
    "54": 265.74,
    "55": 271.38,
    "56": 279.58,
    "57": 284.685,
    "58": 292.83500000000004,
    "59": 298.16,
    "60": 304.88,
    "61": 309.16,
    "62": 314.36,
    "63": 317.82,
    "64": 323.07,
    "65": 331.515,
    "66": 336.31,
    "67": 342.44,
    "68": 344.52,
    "69": 344.52,
    "70": 344.52,
    "71": 344.52,
    "72": 344.52
}