{
    "1": 0.0,
    "2": 8.855,
    "3": 15.34,
    "4": 20.07,
    "5": 26.5,
    "6": 30.41,
    "7": 36.4,
    "8": 40.81,
    "9": 49.22,
    "10": 54.795,
    "11": 59.4,
    "12": 65.93,
    "13": 71.86,
    "14": 75.985,
    "15": 83.04,
    "16": 89.31,
    "17": 94.68,
    "18": 100.315,
    "19": 105.42,
    "20": 108.68,
    "21": 113.64,
    "22": 116.64,
    "23": 120.5,
    "24": 123.65,
    "25": 126.44,
    "26": 130.435,
    "27": 140.3,
    "28": 144.55,
    "29": 148.38,
    "30": 151.95499999999998,
    "31": 156.13,
    "32": 159.45999999999998,
    "33": 162.9,
    "34": 165.555,
    "35": 169.45,
    "36": 172.93,
    "37": 176.0,
    "38": 178.435,
    "39": 180.96,
    "40": 183.64999999999998,
    "41": 186.6,
    "42": 189.435,
    "43": 192.84,
    "44": 196.25,
    "45": 199.8,
    "46": 203.345,
    "47": 206.88,
    "48": 210.23000000000002,
    "49": 213.5,
    "50": 216.415,
    "51": 220.88,
    "52": 226.81,
    "53": 230.92,
    "54": 237.175,
    "55": 242.72,
    "56": 246.73000000000002,
    "57": 251.08,
    "58": 256.36,
    "59": 263.66,
    "60": 269.995,
    "61": 274.98,
    "62": 280.41999999999996,
    "63": 287.44,
    "64": 292.83500000000004,
    "65": 298.16,
    "66": 304.88,
    "67": 309.16,
    "68": 312.67,
    "69": 317.5,
    "70": 322.355,
    "71": 329.6,
    "72": 334.38
}