{
    "1": 0.0,
    "2": 2.075,
    "3": 7.02,
    "4": 12.41,
    "5": 17.36,
    "6": 25.975,
    "7": 30.66,
    "8": 36.989999999999995,
    "9": 43.16,
    "10": 48.004999999999995,
    "11": 52.56,
    "12": 58.370000000000005,
    "13": 63.42,
    "14": 67.88,
    "15": 74.06,
    "16": 81.31,
    "17": 85.24,
    "18": 89.555,
    "19": 92.44,
    "20": 95.43,
    "21": 97.9,
    "22": 100.41499999999999,
    "23": 102.64,
    "24": 105.00999999999999,
    "25": 107.44,
    "26": 111.795,
    "27": 118.08,
    "28": 123.44,
    "29": 126.5,
    "30": 129.155,
    "31": 131.73,
    "32": 134.0,
    "33": 137.19,
    "34": 139.755,
    "35": 142.75,
    "36": 145.11,
    "37": 147.16,
    "38": 149.115,
    "39": 150.94,
    "40": 152.87,
    "41": 154.7,
    "42": 157.015,
    "43": 159.92,
    "44": 162.87,
    "45": 165.6,
    "46": 168.515,
    "47": 170.82,
    "48": 173.20999999999998,
    "49": 176.02,
    "50": 178.495,
    "51": 182.06,
    "52": 192.43,
    "53": 199.98,
    "54": 207.3,
    "55": 213.76,
    "56": 223.20999999999998,
    "57": 230.32,
    "58": 239.325,
    "59": 247.14,
    "60": 255.385,
    "61": 261.76,
    "62": 270.38,
    "63": 274.78,
    "64": 285.445,
    "65": 294.14,
    "66": 303.605,
    "67": 307.56,
    "68": 311.80499999999995,
    "69": 314.56,
    "70": 318.395,
    "71": 324.02,
    "72": 329.3
}