{
    "1": 7.089999999999996,
    "2": 12.459999999999997,
    "3": 17.83,
    "4": 23.2,
    "5": 30.6,
    "6": 33.36,
    "7": 36.82,
    "8": 40.66,
    "9": 45.86,
    "10": 52.52,
    "11": 54.68,
    "12": 56.9,
    "13": 58.88,
    "14": 60.41,
    "15": 62.56,
    "16": 65.9,
    "17": 67.92,
    "18": 70.08,
    "19": 71.842,
    "20": 74.4,
    "21": 78.64,
    "22": 81.78,
    "23": 84.6,
    "24": 87.7,
    "25": 90.54,
    "26": 93.58,
    "27": 99.56,
    "28": 101.56,
    "29": 103.9,
    "30": 107.42,
    "31": 110.04,
    "32": 113.24,
    "33": 116.661,
    "34": 118.21,
    "35": 122.08,
    "36": 124.13,
    "37": 125.91,
    "38": 128.41,
    "39": 130.37,
    "40": 132.84,
    "41": 134.52,
    "42": 136.32,
    "43": 139.04,
    "44": 141.02,
    "45": 142.867,
    "46": 144.48,
    "47": 147.98,
    "48": 151.08,
    "49": 153.66,
    "50": 158.44,
    "51": 160.34,
    "52": 162.24,
    "53": 164.0,
    "54": 165.76,
    "55": 169.32,
    "56": 172.3,
    "57": 175.74,
    "58": 178.84,
    "59": 182.2,
    "60": 186.46,
    "61": 188.8,
    "62": 190.86,
    "63": 193.04,
    "64": 195.56,
    "65": 197.8,
    "66": 199.92
}