{
    "1": 18.495,
    "2": 19.515,
    "3": 23.595,
    "4": 27.674999999999997,
    "5": 31.595,
    "6": 36.425,
    "7": 41.955,
    "8": 45.25,
    "9": 48.235,
    "10": 53.974999999999994,
    "11": 58.55,
    "12": 61.595,
    "13": 66.515,
    "14": 70.245,
    "15": 75.425,
    "16": 80.255,
    "17": 83.345,
    "18": 87.055,
    "19": 91.505,
    "20": 94.98500000000001,
    "21": 99.44,
    "22": 105.17,
    "23": 109.33,
    "24": 111.52,
    "25": 113.95,
    "26": 116.00999999999999,
    "27": 118.27,
    "28": 120.45,
    "29": 122.36,
    "30": 124.55,
    "31": 126.99000000000001,
    "32": 129.54000000000002,
    "33": 132.1,
    "34": 133.81,
    "35": 136.29,
    "36": 139.1,
    "37": 141.75,
    "38": 143.58999999999997,
    "39": 145.96,
    "40": 147.89,
    "41": 149.47,
    "42": 150.73000000000002,
    "43": 152.93,
    "44": 154.76999999999998,
    "45": 157.02,
    "46": 159.12,
    "47": 161.93,
    "48": 165.03,
    "49": 166.48,
    "50": 167.89,
    "51": 169.25,
    "52": 170.55,
    "53": 172.01,
    "54": 173.7,
    "55": 175.95999999999998,
    "56": 179.97,
    "57": 182.43,
    "58": 185.63,
    "59": 187.98000000000002,
    "60": 191.26,
    "61": 194.91,
    "62": 198.38,
    "63": 203.74,
    "64": 208.45,
    "65": 213.73000000000002,
    "66": 217.0,
    "67": 221.69,
    "68": 227.89,
    "69": 232.04000000000002,
    "70": 235.39999999999998,
    "71": 238.98000000000002,
    "72": 243.51,
    "73": 247.19,
    "74": 251.58999999999997,
    "75": 255.93,
    "76": 260.53999999999996,
    "77": 265.85,
    "78": 269.78999999999996
}