{
    "0": 0.0,
    "1": 20.134999999999998,
    "2": 23.595,
    "3": 27.674999999999997,
    "4": 31.595,
    "5": 36.425,
    "6": 41.955,
    "7": 45.25,
    "8": 48.235,
    "9": 53.974999999999994,
    "10": 58.55,
    "11": 61.595,
    "12": 66.515,
    "13": 70.245,
    "14": 75.425,
    "15": 80.255,
    "16": 83.345,
    "17": 87.055,
    "18": 91.505,
    "19": 94.98500000000001,
    "20": 99.44,
    "21": 105.17,
    "22": 109.33,
    "23": 111.52,
    "24": 113.95,
    "25": 116.00999999999999,
    "26": 118.27,
    "27": 120.45,
    "28": 122.36,
    "29": 124.55,
    "30": 126.99000000000001,
    "31": 129.54000000000002,
    "32": 132.1,
    "33": 133.81,
    "34": 136.29,
    "35": 139.1,
    "36": 141.75,
    "37": 143.58999999999997,
    "38": 145.96,
    "39": 147.89,
    "40": 149.47,
    "41": 150.73000000000002,
    "42": 152.93,
    "43": 154.76999999999998,
    "44": 157.02,
    "45": 159.12,
    "46": 161.93,
    "47": 165.03,
    "48": 166.48,
    "49": 167.89,
    "50": 169.25,
    "51": 170.55,
    "52": 172.01,
    "53": 173.7,
    "54": 175.95999999999998,
    "55": 179.97,
    "56": 182.43,
    "57": 185.63,
    "58": 187.98000000000002,
    "59": 191.26,
    "60": 194.91,
    "61": 198.38,
    "62": 203.74,
    "63": 208.45,
    "64": 213.73000000000002,
    "65": 217.0,
    "66": 221.69,
    "67": 227.89,
    "68": 232.04000000000002,
    "69": 235.39999999999998,
    "70": 238.98000000000002,
    "71": 243.51,
    "72": 247.19,
    "73": 251.58999999999997,
    "74": 255.93,
    "75": 260.53999999999996,
    "76": 265.85,
    "77": 269.78999999999996
}