{
    "0": 0.0,
    "1": 2.635,
    "2": 5.015000000000001,
    "3": 9.254999999999999,
    "4": 12.135,
    "5": 14.395,
    "6": 18.195,
    "7": 21.915,
    "8": 24.575000000000003,
    "9": 29.4,
    "10": 32.1,
    "11": 35.435,
    "12": 38.035,
    "13": 40.91,
    "14": 44.385000000000005,
    "15": 47.754999999999995,
    "16": 50.095,
    "17": 52.795,
    "18": 55.754999999999995,
    "19": 58.285,
    "20": 61.295,
    "21": 65.45,
    "22": 69.41,
    "23": 70.78999999999999,
    "24": 72.71000000000001,
    "25": 74.13,
    "26": 76.07,
    "27": 77.52000000000001,
    "28": 79.52,
    "29": 80.97,
    "30": 83.14,
    "31": 84.96000000000001,
    "32": 86.86,
    "33": 88.68,
    "34": 90.35,
    "35": 92.55,
    "36": 94.41,
    "37": 95.41,
    "38": 98.08000000000001,
    "39": 100.17,
    "40": 101.63,
    "41": 103.16,
    "42": 104.87,
    "43": 106.59,
    "44": 108.49000000000001,
    "45": 110.14,
    "46": 112.25,
    "47": 116.59,
    "48": 118.1,
    "49": 119.61,
    "50": 120.98,
    "51": 122.78,
    "52": 124.19,
    "53": 125.81,
    "54": 127.82,
    "55": 130.77,
    "56": 132.89,
    "57": 135.06,
    "58": 137.0,
    "59": 139.13,
    "60": 141.69,
    "61": 144.12,
    "62": 148.05,
    "63": 150.93,
    "64": 154.69,
    "65": 157.25,
    "66": 159.55,
    "67": 164.31,
    "68": 167.18,
    "69": 169.74,
    "70": 172.33999999999997,
    "71": 175.29000000000002,
    "72": 178.06,
    "73": 181.31,
    "74": 184.49,
    "75": 187.51,
    "76": 195.76999999999998,
    "77": 200.31
}