{
    "1": 0,
    "2": 0.7750000000000021,
    "3": 5.015000000000001,
    "4": 9.254999999999999,
    "5": 12.135,
    "6": 14.395,
    "7": 18.195,
    "8": 21.915,
    "9": 24.575000000000003,
    "10": 29.4,
    "11": 32.1,
    "12": 35.435,
    "13": 38.035,
    "14": 40.91,
    "15": 44.385000000000005,
    "16": 47.754999999999995,
    "17": 50.095,
    "18": 52.795,
    "19": 55.754999999999995,
    "20": 58.285,
    "21": 61.295,
    "22": 68.57,
    "23": 69.8,
    "24": 72.50999999999999,
    "25": 73.85,
    "26": 76.5,
    "27": 78.3,
    "28": 80.69,
    "29": 82.47,
    "30": 85.41,
    "31": 87.295,
    "32": 89.10999999999999,
    "33": 91.285,
    "34": 94.585,
    "35": 95.585,
    "36": 98.545,
    "37": 100.66499999999999,
    "38": 103.24,
    "39": 104.92,
    "40": 106.64,
    "41": 108.54,
    "42": 110.2,
    "43": 112.74,
    "44": 116.64,
    "45": 118.16,
    "46": 119.66,
    "47": 121.04,
    "48": 122.86,
    "49": 124.24,
    "50": 125.88,
    "51": 127.92,
    "52": 130.86,
    "53": 132.94,
    "54": 135.16,
    "55": 137.14,
    "56": 139.7,
    "57": 142.47,
    "58": 145.0,
    "59": 149.53,
    "60": 152.38,
    "61": 155.29500000000002,
    "62": 158.375,
    "63": 161.185,
    "64": 164.995,
    "65": 168.10500000000002,
    "66": 170.635,
    "67": 172.99,
    "68": 176.10500000000002,
    "69": 178.875,
    "70": 182.485,
    "71": 185.875,
    "72": 190.79,
    "73": 198.655,
    "74": 201.53,
    "75": 202.53,
    "76": 204.29,
    "77": 206.1,
    "78": 206.1
}