{
    "1": 3.542500000000003,
    "2": 4.665000000000003,
    "3": 9.155000000000001,
    "4": 13.645,
    "5": 16.715,
    "6": 21.555,
    "7": 25.994999999999997,
    "8": 29.735,
    "9": 33.495,
    "10": 38.099999999999994,
    "11": 42.519999999999996,
    "12": 46.795,
    "13": 50.475,
    "14": 54.815,
    "15": 57.545,
    "16": 63.335,
    "17": 66.625,
    "18": 70.365,
    "19": 75.435,
    "20": 78.935,
    "21": 83.13499999999999,
    "22": 88.65,
    "23": 94.25999999999999,
    "24": 96.07,
    "25": 99.17,
    "26": 100.91,
    "27": 103.39,
    "28": 105.14,
    "29": 107.30000000000001,
    "30": 109.16,
    "31": 111.39,
    "32": 113.94,
    "33": 116.92,
    "34": 119.41,
    "35": 121.53,
    "36": 124.21000000000001,
    "37": 126.93,
    "38": 129.06,
    "39": 131.08999999999997,
    "40": 132.98000000000002,
    "41": 134.61,
    "42": 136.25,
    "43": 137.73000000000002,
    "44": 139.93,
    "45": 141.49,
    "46": 143.32,
    "47": 145.37,
    "48": 147.93,
    "49": 149.32999999999998,
    "50": 150.82,
    "51": 152.06,
    "52": 153.49,
    "53": 154.73000000000002,
    "54": 156.58999999999997,
    "55": 158.52,
    "56": 162.46,
    "57": 165.68,
    "58": 168.79000000000002,
    "59": 170.86,
    "60": 173.42000000000002,
    "61": 176.54000000000002,
    "62": 180.22,
    "63": 185.64999999999998,
    "64": 191.29000000000002,
    "65": 195.69,
    "66": 199.15,
    "67": 204.07,
    "68": 208.57,
    "69": 212.41000000000003,
    "70": 215.8,
    "71": 219.61,
    "72": 225.17,
    "73": 229.45,
    "74": 234.14999999999998,
    "75": 238.09,
    "76": 242.1,
    "77": 247.95,
    "78": 252.47000000000003
}