{
    "1": 3.4200000000000017,
    "2": 4.5550000000000015,
    "3": 9.095,
    "4": 13.635,
    "5": 17.555,
    "6": 21.015,
    "7": 25.955,
    "8": 29.174999999999997,
    "9": 32.935,
    "10": 37.36,
    "11": 41.86,
    "12": 46.315,
    "13": 49.975,
    "14": 54.095,
    "15": 57.254999999999995,
    "16": 61.305,
    "17": 64.16499999999999,
    "18": 66.965,
    "19": 71.08,
    "20": 74.39500000000001,
    "21": 77.83500000000001,
    "22": 82.56,
    "23": 86.28999999999999,
    "24": 88.09,
    "25": 90.53999999999999,
    "26": 92.39,
    "27": 94.78999999999999,
    "28": 96.64,
    "29": 99.05,
    "30": 100.97,
    "31": 103.24000000000001,
    "32": 105.15,
    "33": 107.50999999999999,
    "34": 109.3,
    "35": 111.57,
    "36": 113.52000000000001,
    "37": 115.53,
    "38": 116.89,
    "39": 119.1,
    "40": 121.2,
    "41": 123.00999999999999,
    "42": 124.71000000000001,
    "43": 126.36,
    "44": 128.3,
    "45": 130.44,
    "46": 132.67000000000002,
    "47": 134.89,
    "48": 138.26999999999998,
    "49": 140.02,
    "50": 141.63,
    "51": 143.14,
    "52": 144.75,
    "53": 146.45,
    "54": 147.92000000000002,
    "55": 150.06,
    "56": 154.29,
    "57": 157.79000000000002,
    "58": 161.62,
    "59": 165.18,
    "60": 169.10000000000002,
    "61": 172.81,
    "62": 176.1,
    "63": 180.19,
    "64": 184.51,
    "65": 189.67000000000002,
    "66": 192.82999999999998,
    "67": 197.45,
    "68": 201.56,
    "69": 204.84,
    "70": 207.79,
    "71": 210.89,
    "72": 215.04000000000002,
    "73": 218.77,
    "74": 222.39,
    "75": 226.60000000000002,
    "76": 230.83,
    "77": 237.05,
    "78": 239.82999999999998
}