{
    "1": 1.3049999999999975,
    "2": 2.474999999999998,
    "3": 7.154999999999999,
    "4": 11.835,
    "5": 15.524999999999999,
    "6": 19.455,
    "7": 24.115000000000002,
    "8": 27.174999999999997,
    "9": 31.015,
    "10": 36.03,
    "11": 40.620000000000005,
    "12": 43.685,
    "13": 47.995000000000005,
    "14": 52.3,
    "15": 55.815,
    "16": 59.905,
    "17": 63.265,
    "18": 66.555,
    "19": 71.995,
    "20": 76.015,
    "21": 78.63499999999999,
    "22": 85.75999999999999,
    "23": 89.22,
    "24": 91.33,
    "25": 94.21000000000001,
    "26": 96.23,
    "27": 98.94,
    "28": 100.89,
    "29": 103.4,
    "30": 105.34,
    "31": 107.50999999999999,
    "32": 110.12,
    "33": 112.24000000000001,
    "34": 113.85,
    "35": 116.46000000000001,
    "36": 118.63,
    "37": 121.12,
    "38": 122.80000000000001,
    "39": 125.07,
    "40": 127.08,
    "41": 128.89,
    "42": 130.56,
    "43": 132.1,
    "44": 134.32999999999998,
    "45": 136.14999999999998,
    "46": 138.34,
    "47": 140.82999999999998,
    "48": 143.79000000000002,
    "49": 145.25,
    "50": 146.70999999999998,
    "51": 148.09,
    "52": 149.57999999999998,
    "53": 150.99,
    "54": 152.51999999999998,
    "55": 154.45999999999998,
    "56": 158.48000000000002,
    "57": 161.51,
    "58": 164.49,
    "59": 167.38,
    "60": 170.67000000000002,
    "61": 174.41,
    "62": 178.14,
    "63": 183.45,
    "64": 188.16,
    "65": 193.85000000000002,
    "66": 197.51,
    "67": 202.49,
    "68": 206.1,
    "69": 210.12,
    "70": 213.51,
    "71": 216.54,
    "72": 221.86,
    "73": 226.14999999999998,
    "74": 229.99,
    "75": 234.65,
    "76": 239.31,
    "77": 243.01,
    "78": 250.07999999999998
}