{
    "1": 6.544999999999996,
    "2": 7.694999999999997,
    "3": 12.295,
    "4": 16.895000000000003,
    "5": 20.47,
    "6": 24.189999999999998,
    "7": 28.295,
    "8": 31.535,
    "9": 34.745000000000005,
    "10": 39.230000000000004,
    "11": 43.03,
    "12": 46.625,
    "13": 50.59,
    "14": 53.81,
    "15": 57.765,
    "16": 62.015,
    "17": 64.805,
    "18": 67.315,
    "19": 71.39,
    "20": 75.09,
    "21": 78.79499999999999,
    "22": 83.87,
    "23": 87.09,
    "24": 89.49,
    "25": 92.15,
    "26": 94.13,
    "27": 96.93,
    "28": 98.8,
    "29": 101.09,
    "30": 103.02,
    "31": 105.31,
    "32": 107.76,
    "33": 110.64,
    "34": 113.28999999999999,
    "35": 114.63,
    "36": 116.89,
    "37": 119.81,
    "38": 122.05,
    "39": 123.61000000000001,
    "40": 124.82,
    "41": 126.61000000000001,
    "42": 128.32999999999998,
    "43": 130.37,
    "44": 132.61,
    "45": 134.22,
    "46": 136.19,
    "47": 138.32999999999998,
    "48": 140.63,
    "49": 142.15,
    "50": 143.73000000000002,
    "51": 145.20999999999998,
    "52": 146.75,
    "53": 148.22,
    "54": 149.8,
    "55": 151.97,
    "56": 155.60000000000002,
    "57": 158.47,
    "58": 161.85,
    "59": 164.61,
    "60": 167.63,
    "61": 170.79000000000002,
    "62": 172.99,
    "63": 177.44,
    "64": 180.61,
    "65": 184.89,
    "66": 187.43,
    "67": 190.79000000000002,
    "68": 195.96,
    "69": 198.99,
    "70": 201.93,
    "71": 204.69,
    "72": 208.16000000000003,
    "73": 211.81,
    "74": 215.39,
    "75": 219.8,
    "76": 223.75,
    "77": 228.38,
    "78": 231.9
}