{
    "0": 0.0,
    "1": 3.215,
    "2": 7.154999999999999,
    "3": 11.835,
    "4": 15.524999999999999,
    "5": 19.455,
    "6": 24.115000000000002,
    "7": 27.174999999999997,
    "8": 31.015,
    "9": 36.03,
    "10": 40.620000000000005,
    "11": 43.685,
    "12": 47.995000000000005,
    "13": 52.3,
    "14": 55.815,
    "15": 59.905,
    "16": 63.265,
    "17": 66.555,
    "18": 71.995,
    "19": 76.015,
    "20": 78.63499999999999,
    "21": 85.75999999999999,
    "22": 89.22,
    "23": 91.33,
    "24": 94.21000000000001,
    "25": 96.23,
    "26": 98.94,
    "27": 100.89,
    "28": 103.4,
    "29": 105.34,
    "30": 107.50999999999999,
    "31": 110.12,
    "32": 112.24000000000001,
    "33": 113.85,
    "34": 116.46000000000001,
    "35": 118.63,
    "36": 121.12,
    "37": 122.80000000000001,
    "38": 125.07,
    "39": 127.08,
    "40": 128.89,
    "41": 130.56,
    "42": 132.1,
    "43": 134.32999999999998,
    "44": 136.14999999999998,
    "45": 138.34,
    "46": 140.82999999999998,
    "47": 143.79000000000002,
    "48": 145.25,
    "49": 146.70999999999998,
    "50": 148.09,
    "51": 149.57999999999998,
    "52": 150.99,
    "53": 152.51999999999998,
    "54": 154.45999999999998,
    "55": 158.48000000000002,
    "56": 161.51,
    "57": 164.49,
    "58": 167.38,
    "59": 170.67000000000002,
    "60": 174.41,
    "61": 178.14,
    "62": 183.45,
    "63": 188.16,
    "64": 193.85000000000002,
    "65": 197.51,
    "66": 202.49,
    "67": 206.1,
    "68": 210.12,
    "69": 213.51,
    "70": 216.54,
    "71": 221.86,
    "72": 226.14999999999998,
    "73": 229.99,
    "74": 234.65,
    "75": 239.31,
    "76": 243.01,
    "77": 250.07999999999998
}