{
    "1": 3.542500000000003,
    "2": 4.665000000000003,
    "3": 9.155000000000001,
    "4": 13.645,
    "5": 16.715,
    "6": 21.555,
    "7": 25.994999999999997,
    "8": 29.735,
    "9": 33.495,
    "10": 38.099999999999994,
    "11": 42.519999999999996,
    "12": 46.795,
    "13": 50.475,
    "14": 54.815,
    "15": 57.545,
    "16": 63.335,
    "17": 66.625,
    "18": 70.365,
    "19": 75.435,
    "20": 78.935,
    "21": 83.13499999999999,
    "22": 92.95,
    "23": 94.84,
    "24": 98.83,
    "25": 100.59,
    "26": 103.97,
    "27": 105.71000000000001,
    "28": 108.78,
    "29": 110.82,
    "30": 114.94,
    "31": 117.50499999999998,
    "32": 120.005,
    "33": 122.30499999999999,
    "34": 127.82,
    "35": 129.725,
    "36": 131.41,
    "37": 133.38,
    "38": 136.32,
    "39": 137.8,
    "40": 139.98,
    "41": 141.54,
    "42": 143.5,
    "43": 145.42,
    "44": 147.98,
    "45": 149.38,
    "46": 150.88,
    "47": 152.12,
    "48": 153.54,
    "49": 154.78,
    "50": 156.64,
    "51": 158.8,
    "52": 162.52,
    "53": 165.84,
    "54": 168.84,
    "55": 171.02,
    "56": 174.19,
    "57": 178.54999999999998,
    "58": 181.82999999999998,
    "59": 187.55999999999997,
    "60": 194.16999999999993,
    "61": 196.255,
    "62": 200.755,
    "63": 204.765,
    "64": 209.275,
    "65": 213.57,
    "66": 217.09,
    "67": 222.52499999999998,
    "68": 225.975,
    "69": 231.435,
    "70": 235.485,
    "71": 239.68,
    "72": 243.755,
    "73": 248.495,
    "74": 256.26,
    "75": 258.07,
    "76": 259.07,
    "77": 260.02,
    "78": 260.02
}