{
    "1": 6.544999999999996,
    "2": 7.694999999999997,
    "3": 12.295,
    "4": 16.895000000000003,
    "5": 20.47,
    "6": 24.189999999999998,
    "7": 28.295,
    "8": 31.535,
    "9": 34.745000000000005,
    "10": 39.230000000000004,
    "11": 43.03,
    "12": 46.625,
    "13": 50.59,
    "14": 53.81,
    "15": 57.765,
    "16": 62.015,
    "17": 64.805,
    "18": 67.315,
    "19": 71.39,
    "20": 75.09,
    "21": 78.79499999999999,
    "22": 85.82,
    "23": 87.88,
    "24": 91.84,
    "25": 93.88999999999999,
    "26": 97.5,
    "27": 99.57,
    "28": 102.68,
    "29": 104.41,
    "30": 108.69999999999999,
    "31": 111.15999999999998,
    "32": 113.695,
    "33": 115.40499999999999,
    "34": 120.09499999999998,
    "35": 122.30499999999999,
    "36": 123.83,
    "37": 125.02499999999999,
    "38": 128.4,
    "39": 130.42,
    "40": 132.66,
    "41": 134.34,
    "42": 136.42,
    "43": 138.5,
    "44": 140.68,
    "45": 142.24,
    "46": 143.8,
    "47": 145.28,
    "48": 146.8,
    "49": 148.3,
    "50": 149.9,
    "51": 152.22,
    "52": 155.68,
    "53": 158.52,
    "54": 161.98,
    "55": 164.86,
    "56": 168.48999999999998,
    "57": 171.54999999999998,
    "58": 173.64,
    "59": 178.73999999999998,
    "60": 182.29999999999998,
    "61": 185.975,
    "62": 189.335,
    "63": 192.89,
    "64": 196.595,
    "65": 199.985,
    "66": 202.775,
    "67": 206.615,
    "68": 209.07,
    "69": 212.60500000000002,
    "70": 216.85500000000002,
    "71": 220.755,
    "72": 225.39499999999998,
    "73": 229.415,
    "74": 236.97,
    "75": 237.97,
    "76": 238.97,
    "77": 239.92,
    "78": 239.92
}