{
    "1": 0,
    "2": 0.7750000000000021,
    "3": 5.015000000000001,
    "4": 9.254999999999999,
    "5": 12.135,
    "6": 14.395,
    "7": 18.195,
    "8": 21.915,
    "9": 24.575000000000003,
    "10": 29.4,
    "11": 32.1,
    "12": 35.435,
    "13": 38.035,
    "14": 40.91,
    "15": 44.385000000000005,
    "16": 47.754999999999995,
    "17": 50.095,
    "18": 52.795,
    "19": 55.754999999999995,
    "20": 58.285,
    "21": 61.295,
    "22": 65.45,
    "23": 69.41,
    "24": 70.78999999999999,
    "25": 72.71000000000001,
    "26": 74.13,
    "27": 76.07,
    "28": 77.52000000000001,
    "29": 79.52,
    "30": 80.97,
    "31": 83.14,
    "32": 84.96000000000001,
    "33": 86.86,
    "34": 88.68,
    "35": 90.35,
    "36": 92.55,
    "37": 94.41,
    "38": 95.41,
    "39": 98.08000000000001,
    "40": 100.17,
    "41": 101.63,
    "42": 103.16,
    "43": 104.87,
    "44": 106.59,
    "45": 108.49000000000001,
    "46": 110.14,
    "47": 112.25,
    "48": 116.59,
    "49": 118.1,
    "50": 119.61,
    "51": 120.98,
    "52": 122.78,
    "53": 124.19,
    "54": 125.81,
    "55": 127.82,
    "56": 130.77,
    "57": 132.89,
    "58": 135.06,
    "59": 137.0,
    "60": 139.13,
    "61": 141.69,
    "62": 144.12,
    "63": 148.05,
    "64": 150.93,
    "65": 154.69,
    "66": 157.25,
    "67": 159.55,
    "68": 164.31,
    "69": 167.18,
    "70": 169.74,
    "71": 172.33999999999997,
    "72": 175.29000000000002,
    "73": 178.06,
    "74": 181.31,
    "75": 184.49,
    "76": 187.51,
    "77": 195.76999999999998,
    "78": 200.31
}