{
    "0": 0.0,
    "1": 4.9,
    "2": 9.095,
    "3": 13.635,
    "4": 17.555,
    "5": 21.015,
    "6": 25.955,
    "7": 29.174999999999997,
    "8": 32.935,
    "9": 37.36,
    "10": 41.86,
    "11": 46.315,
    "12": 49.975,
    "13": 54.095,
    "14": 57.254999999999995,
    "15": 61.305,
    "16": 64.16499999999999,
    "17": 66.965,
    "18": 71.08,
    "19": 74.39500000000001,
    "20": 77.83500000000001,
    "21": 82.56,
    "22": 86.28999999999999,
    "23": 88.09,
    "24": 90.53999999999999,
    "25": 92.39,
    "26": 94.78999999999999,
    "27": 96.64,
    "28": 99.05,
    "29": 100.97,
    "30": 103.24000000000001,
    "31": 105.15,
    "32": 107.50999999999999,
    "33": 109.3,
    "34": 111.57,
    "35": 113.52000000000001,
    "36": 115.53,
    "37": 116.89,
    "38": 119.1,
    "39": 121.2,
    "40": 123.00999999999999,
    "41": 124.71000000000001,
    "42": 126.36,
    "43": 128.3,
    "44": 130.44,
    "45": 132.67000000000002,
    "46": 134.89,
    "47": 138.26999999999998,
    "48": 140.02,
    "49": 141.63,
    "50": 143.14,
    "51": 144.75,
    "52": 146.45,
    "53": 147.92000000000002,
    "54": 150.06,
    "55": 154.29,
    "56": 157.79000000000002,
    "57": 161.62,
    "58": 165.18,
    "59": 169.10000000000002,
    "60": 172.81,
    "61": 176.1,
    "62": 180.19,
    "63": 184.51,
    "64": 189.67000000000002,
    "65": 192.82999999999998,
    "66": 197.45,
    "67": 201.56,
    "68": 204.84,
    "69": 207.79,
    "70": 210.89,
    "71": 215.04000000000002,
    "72": 218.77,
    "73": 222.39,
    "74": 226.60000000000002,
    "75": 230.83,
    "76": 237.05,
    "77": 239.82999999999998
}