{
    "1": 3.4200000000000017,
    "2": 4.5550000000000015,
    "3": 9.095,
    "4": 13.635,
    "5": 17.555,
    "6": 21.015,
    "7": 25.955,
    "8": 29.174999999999997,
    "9": 32.935,
    "10": 37.36,
    "11": 41.86,
    "12": 46.315,
    "13": 49.975,
    "14": 54.095,
    "15": 57.254999999999995,
    "16": 61.305,
    "17": 64.16499999999999,
    "18": 66.965,
    "19": 71.08,
    "20": 74.39500000000001,
    "21": 77.83500000000001,
    "22": 83.05,
    "23": 86.78999999999999,
    "24": 90.12,
    "25": 91.97,
    "26": 95.43,
    "27": 97.41,
    "28": 100.62,
    "29": 102.57,
    "30": 105.99000000000001,
    "31": 107.995,
    "32": 110.42499999999998,
    "33": 112.34499999999998,
    "34": 115.80499999999999,
    "35": 117.38,
    "36": 119.68499999999999,
    "37": 121.54999999999998,
    "38": 124.76,
    "39": 126.46,
    "40": 128.44,
    "41": 130.6,
    "42": 132.86,
    "43": 134.96,
    "44": 138.32,
    "45": 140.08,
    "46": 141.7,
    "47": 143.22,
    "48": 144.84,
    "49": 146.5,
    "50": 148.0,
    "51": 150.36,
    "52": 154.48,
    "53": 157.84,
    "54": 161.78,
    "55": 165.48,
    "56": 170.01,
    "57": 173.82999999999998,
    "58": 177.19,
    "59": 181.39999999999998,
    "60": 185.83999999999997,
    "61": 190.4,
    "62": 194.625,
    "63": 198.60500000000002,
    "64": 203.035,
    "65": 205.72,
    "66": 208.77999999999997,
    "67": 211.655,
    "68": 215.995,
    "69": 219.575,
    "70": 223.735,
    "71": 228.595,
    "72": 231.89499999999998,
    "73": 237.495,
    "74": 242.42000000000002,
    "75": 245.32999999999998,
    "76": 246.32999999999998,
    "77": 247.28,
    "78": 247.28
}