{
    "0": 0.0,
    "1": 9.05,
    "2": 12.295,
    "3": 16.895000000000003,
    "4": 20.47,
    "5": 24.189999999999998,
    "6": 28.295,
    "7": 31.535,
    "8": 34.745000000000005,
    "9": 39.230000000000004,
    "10": 43.03,
    "11": 46.625,
    "12": 50.59,
    "13": 53.81,
    "14": 57.765,
    "15": 62.015,
    "16": 64.805,
    "17": 67.315,
    "18": 71.39,
    "19": 75.09,
    "20": 78.79499999999999,
    "21": 83.87,
    "22": 87.09,
    "23": 89.49,
    "24": 92.15,
    "25": 94.13,
    "26": 96.93,
    "27": 98.8,
    "28": 101.09,
    "29": 103.02,
    "30": 105.31,
    "31": 107.76,
    "32": 110.64,
    "33": 113.28999999999999,
    "34": 114.63,
    "35": 116.89,
    "36": 119.81,
    "37": 122.05,
    "38": 123.61000000000001,
    "39": 124.82,
    "40": 126.61000000000001,
    "41": 128.32999999999998,
    "42": 130.37,
    "43": 132.61,
    "44": 134.22,
    "45": 136.19,
    "46": 138.32999999999998,
    "47": 140.63,
    "48": 142.15,
    "49": 143.73000000000002,
    "50": 145.20999999999998,
    "51": 146.75,
    "52": 148.22,
    "53": 149.8,
    "54": 151.97,
    "55": 155.60000000000002,
    "56": 158.47,
    "57": 161.85,
    "58": 164.61,
    "59": 167.63,
    "60": 170.79000000000002,
    "61": 172.99,
    "62": 177.44,
    "63": 180.61,
    "64": 184.89,
    "65": 187.43,
    "66": 190.79000000000002,
    "67": 195.96,
    "68": 198.99,
    "69": 201.93,
    "70": 204.69,
    "71": 208.16000000000003,
    "72": 211.81,
    "73": 215.39,
    "74": 219.8,
    "75": 223.75,
    "76": 228.38,
    "77": 231.9
}