{
    "0": 0.0,
    "1": 4.365,
    "2": 9.155000000000001,
    "3": 13.645,
    "4": 16.715,
    "5": 21.555,
    "6": 25.994999999999997,
    "7": 29.735,
    "8": 33.495,
    "9": 38.099999999999994,
    "10": 42.519999999999996,
    "11": 46.795,
    "12": 50.475,
    "13": 54.815,
    "14": 57.545,
    "15": 63.335,
    "16": 66.625,
    "17": 70.365,
    "18": 75.435,
    "19": 78.935,
    "20": 83.13499999999999,
    "21": 88.65,
    "22": 94.25999999999999,
    "23": 96.07,
    "24": 99.17,
    "25": 100.91,
    "26": 103.39,
    "27": 105.14,
    "28": 107.30000000000001,
    "29": 109.16,
    "30": 111.39,
    "31": 113.94,
    "32": 116.92,
    "33": 119.41,
    "34": 121.53,
    "35": 124.21000000000001,
    "36": 126.93,
    "37": 129.06,
    "38": 131.08999999999997,
    "39": 132.98000000000002,
    "40": 134.61,
    "41": 136.25,
    "42": 137.73000000000002,
    "43": 139.93,
    "44": 141.49,
    "45": 143.32,
    "46": 145.37,
    "47": 147.93,
    "48": 149.32999999999998,
    "49": 150.82,
    "50": 152.06,
    "51": 153.49,
    "52": 154.73000000000002,
    "53": 156.58999999999997,
    "54": 158.52,
    "55": 162.46,
    "56": 165.68,
    "57": 168.79000000000002,
    "58": 170.86,
    "59": 173.42000000000002,
    "60": 176.54000000000002,
    "61": 180.22,
    "62": 185.64999999999998,
    "63": 191.29000000000002,
    "64": 195.69,
    "65": 199.15,
    "66": 204.07,
    "67": 208.57,
    "68": 212.41000000000003,
    "69": 215.8,
    "70": 219.61,
    "71": 225.17,
    "72": 229.45,
    "73": 234.14999999999998,
    "74": 238.09,
    "75": 242.1,
    "76": 247.95,
    "77": 252.47000000000003
}