{
    "1": 1.3049999999999975,
    "2": 2.474999999999998,
    "3": 7.154999999999999,
    "4": 11.835,
    "5": 15.524999999999999,
    "6": 19.455,
    "7": 24.115000000000002,
    "8": 27.174999999999997,
    "9": 31.015,
    "10": 36.03,
    "11": 40.620000000000005,
    "12": 43.685,
    "13": 47.995000000000005,
    "14": 52.3,
    "15": 55.815,
    "16": 59.905,
    "17": 63.265,
    "18": 66.555,
    "19": 71.995,
    "20": 76.015,
    "21": 78.63499999999999,
    "22": 88.11,
    "23": 89.92,
    "24": 93.86,
    "25": 95.89,
    "26": 99.57,
    "27": 101.66,
    "28": 105.00999999999999,
    "29": 106.81,
    "30": 110.8,
    "31": 112.615,
    "32": 114.625,
    "33": 117.17499999999998,
    "34": 121.30499999999999,
    "35": 123.24499999999998,
    "36": 125.43999999999998,
    "37": 127.645,
    "38": 130.68,
    "39": 132.28,
    "40": 134.38,
    "41": 136.32,
    "42": 138.44,
    "43": 140.88,
    "44": 143.84,
    "45": 145.32,
    "46": 146.82,
    "47": 148.16,
    "48": 149.66,
    "49": 151.06,
    "50": 152.6,
    "51": 154.7,
    "52": 158.56,
    "53": 161.6,
    "54": 164.86,
    "55": 167.7,
    "56": 171.74,
    "57": 175.70999999999998,
    "58": 179.42,
    "59": 185.89,
    "60": 190.29,
    "61": 194.765,
    "62": 198.935,
    "63": 203.425,
    "64": 207.435,
    "65": 211.22,
    "66": 214.555,
    "67": 219.655,
    "68": 222.79500000000002,
    "69": 227.055,
    "70": 232.005,
    "71": 236.63,
    "72": 241.45499999999998,
    "73": 245.665,
    "74": 250.99,
    "75": 251.99,
    "76": 252.99,
    "77": 253.94,
    "78": 253.94
}