{
    "1": 6.589999999999998,
    "2": 7.554999999999998,
    "3": 11.415,
    "4": 15.275,
    "5": 18.85,
    "6": 22.525,
    "7": 27.435000000000002,
    "8": 30.615000000000002,
    "9": 33.894999999999996,
    "10": 39.59,
    "11": 43.66,
    "12": 47.855000000000004,
    "13": 51.235,
    "14": 55.695,
    "15": 58.485,
    "16": 63.335,
    "17": 67.155,
    "18": 71.785,
    "19": 77.935,
    "20": 80.93,
    "21": 84.315,
    "22": 89.71000000000001,
    "23": 92.59,
    "24": 96.99000000000001,
    "25": 99.44,
    "26": 103.69,
    "27": 105.96000000000001,
    "28": 109.82,
    "29": 112.1,
    "30": 115.39,
    "31": 117.50499999999998,
    "32": 119.48499999999999,
    "33": 121.755,
    "34": 125.81,
    "35": 128.645,
    "36": 129.945,
    "37": 131.405,
    "38": 135.22,
    "39": 137.24,
    "40": 139.32,
    "41": 141.18,
    "42": 142.88,
    "43": 145.72,
    "44": 148.2,
    "45": 149.74,
    "46": 151.24,
    "47": 152.78,
    "48": 154.4,
    "49": 156.06,
    "50": 157.88,
    "51": 160.28,
    "52": 162.2,
    "53": 164.14,
    "54": 167.0,
    "55": 169.24,
    "56": 172.35999999999999,
    "57": 175.25,
    "58": 178.08999999999997,
    "59": 182.2,
    "60": 185.91,
    "61": 190.075,
    "62": 193.48000000000002,
    "63": 197.635,
    "64": 202.3,
    "65": 205.275,
    "66": 209.535,
    "67": 214.45,
    "68": 219.405,
    "69": 222.89499999999998,
    "70": 226.6,
    "71": 229.95,
    "72": 233.415,
    "73": 238.45499999999998,
    "74": 245.69,
    "75": 247.29000000000002,
    "76": 248.29000000000002,
    "77": 249.24,
    "78": 249.24
}