{
    "1": 6.589999999999998,
    "2": 7.554999999999998,
    "3": 11.415,
    "4": 15.275,
    "5": 18.85,
    "6": 22.525,
    "7": 27.435000000000002,
    "8": 30.615000000000002,
    "9": 33.894999999999996,
    "10": 39.59,
    "11": 43.66,
    "12": 47.855000000000004,
    "13": 51.235,
    "14": 55.695,
    "15": 58.485,
    "16": 63.335,
    "17": 67.155,
    "18": 71.785,
    "19": 77.935,
    "20": 80.93,
    "21": 84.315,
    "22": 89.16,
    "23": 91.75,
    "24": 94.28999999999999,
    "25": 97.27,
    "26": 99.85,
    "27": 102.9,
    "28": 105.25,
    "29": 107.94999999999999,
    "30": 110.07,
    "31": 112.43,
    "32": 114.06,
    "33": 116.91,
    "34": 118.69,
    "35": 121.15,
    "36": 123.27,
    "37": 125.53,
    "38": 128.47,
    "39": 129.69,
    "40": 131.23000000000002,
    "41": 133.13,
    "42": 135.16,
    "43": 137.16000000000003,
    "44": 139.26999999999998,
    "45": 140.95,
    "46": 142.82999999999998,
    "47": 145.67000000000002,
    "48": 148.14999999999998,
    "49": 149.69,
    "50": 151.16000000000003,
    "51": 152.72,
    "52": 154.32,
    "53": 155.96,
    "54": 157.76999999999998,
    "55": 160.17000000000002,
    "56": 162.14,
    "57": 164.08999999999997,
    "58": 166.95,
    "59": 169.0,
    "60": 171.63,
    "61": 174.41,
    "62": 176.79,
    "63": 180.74,
    "64": 184.81,
    "65": 188.95,
    "66": 192.11,
    "67": 196.32999999999998,
    "68": 200.11,
    "69": 204.16,
    "70": 208.39,
    "71": 212.67000000000002,
    "72": 218.32,
    "73": 221.86,
    "74": 225.03,
    "75": 229.0,
    "76": 232.36,
    "77": 235.92000000000002,
    "78": 241.34
}