{
    "0": 0.0,
    "1": 7.405,
    "2": 11.415,
    "3": 15.275,
    "4": 18.85,
    "5": 22.525,
    "6": 27.435000000000002,
    "7": 30.615000000000002,
    "8": 33.894999999999996,
    "9": 39.59,
    "10": 43.66,
    "11": 47.855000000000004,
    "12": 51.235,
    "13": 55.695,
    "14": 58.485,
    "15": 63.335,
    "16": 67.155,
    "17": 71.785,
    "18": 77.935,
    "19": 80.93,
    "20": 84.315,
    "21": 89.16,
    "22": 91.75,
    "23": 94.28999999999999,
    "24": 97.27,
    "25": 99.85,
    "26": 102.9,
    "27": 105.25,
    "28": 107.94999999999999,
    "29": 110.07,
    "30": 112.43,
    "31": 114.06,
    "32": 116.91,
    "33": 118.69,
    "34": 121.15,
    "35": 123.27,
    "36": 125.53,
    "37": 128.47,
    "38": 129.69,
    "39": 131.23000000000002,
    "40": 133.13,
    "41": 135.16,
    "42": 137.16000000000003,
    "43": 139.26999999999998,
    "44": 140.95,
    "45": 142.82999999999998,
    "46": 145.67000000000002,
    "47": 148.14999999999998,
    "48": 149.69,
    "49": 151.16000000000003,
    "50": 152.72,
    "51": 154.32,
    "52": 155.96,
    "53": 157.76999999999998,
    "54": 160.17000000000002,
    "55": 162.14,
    "56": 164.08999999999997,
    "57": 166.95,
    "58": 169.0,
    "59": 171.63,
    "60": 174.41,
    "61": 176.79,
    "62": 180.74,
    "63": 184.81,
    "64": 188.95,
    "65": 192.11,
    "66": 196.32999999999998,
    "67": 200.11,
    "68": 204.16,
    "69": 208.39,
    "70": 212.67000000000002,
    "71": 218.32,
    "72": 221.86,
    "73": 225.03,
    "74": 229.0,
    "75": 232.36,
    "76": 235.92000000000002,
    "77": 241.34
}