{
    "1": 0.0,
    "2": 3.0,
    "3": 7.5,
    "4": 10.0,
    "5": 14.75,
    "6": 17.25,
    "7": 21.25,
    "8": 23.75,
    "9": 25.75,
    "10": 27.75,
    "11": 29.75,
    "12": 31.75,
    "13": 33.75,
    "14": 36.25,
    "15": 38.25,
    "16": 40.25,
    "17": 42.25,
    "18": 44.75,
    "19": 46.75,
    "20": 49.75,
    "21": 51.75,
    "22": 54.25,
    "23": 56.25,
    "24": 58.25,
    "25": 64.73958333333333,
    "26": 67.23958333333333,
    "27": 69.73958333333333,
    "28": 71.73958333333333,
    "29": 73.73958333333333,
    "30": 76.48958333333333,
    "31": 78.48958333333333,
    "32": 80.48958333333333,
    "33": 82.98958333333333,
    "34": 85.73958333333333,
    "35": 87.73958333333333,
    "36": 91.23958333333333,
    "37": 94.23958333333333,
    "38": 97.23958333333333,
    "39": 100.23958333333333,
    "40": 104.23958333333333,
    "41": 108.23958333333333,
    "42": 110.98958333333333,
    "43": 113.73958333333333,
    "44": 116.48958333333333,
    "45": 119.23958333333333,
    "46": 121.98958333333333,
    "47": 124.73958333333333,
    "48": 127.48958333333333,
    "49": 130.23958333333331,
    "50": 132.23958333333331,
    "51": 134.24791666666664,
    "52": 136.24791666666664,
    "53": 138.24791666666664,
    "54": 140.24791666666664,
    "55": 142.24791666666664,
    "56": 144.24791666666664,
    "57": 146.24791666666664,
    "58": 148.74791666666664,
    "59": 150.74791666666664,
    "60": 152.74791666666664,
    "61": 154.74791666666664,
    "62": 162.12291666666664,
    "63": 164.62291666666664,
    "64": 169.12291666666664,
    "65": 171.62291666666664,
    "66": 176.37291666666664,
    "67": 178.87291666666664,
    "68": 182.87291666666664,
    "69": 185.37291666666664,
    "70": 187.37291666666664,
    "71": 189.37291666666664,
    "72": 191.87291666666664,
    "73": 193.87291666666664,
    "74": 196.87291666666664,
    "75": 198.87291666666664,
    "76": 200.87291666666664,
    "77": 202.87291666666664,
    "78": 205.87291666666664,
    "79": 207.87291666666664,
    "80": 210.37291666666664,
    "81": 212.37291666666664,
    "82": 214.87291666666664,
    "83": 216.87291666666664,
    "84": 218.87291666666664,
    "85": 224.74791666666664,
    "86": 230.74791666666664,
    "87": 232.74791666666664,
    "88": 234.74791666666664,
    "89": 237.24791666666664,
    "90": 239.24791666666664,
    "91": 241.24791666666664,
    "92": 243.24791666666664,
    "93": 245.74791666666664,
    "94": 247.74791666666664,
    "95": 250.24791666666664,
    "96": 252.24791666666664,
    "97": 254.74791666666664,
    "98": 256.74791666666664,
    "99": 258.74791666666664,
    "100": 260.74791666666664,
    "101": 263.24791666666664,
    "102": 265.24791666666664,
    "103": 267.24791666666664,
    "104": 269.74791666666664,
    "105": 272.24791666666664,
    "106": 274.24791666666664,
    "107": 276.74791666666664,
    "108": 278.74791666666664,
    "109": 280.74791666666664,
    "110": 282.74791666666664,
    "111": 284.74791666666664,
    "112": 286.74791666666664,
    "113": 290.74791666666664,
    "114": 292.74791666666664,
    "115": 296.99791666666664,
    "116": 298.99791666666664,
    "117": 300.99791666666664,
    "118": 302.99791666666664,
    "119": 304.99791666666664,
    "120": 307.49791666666664,
    "121": 309.99791666666664,
    "122": 312.49791666666664,
    "123": 314.99791666666664,
    "124": 317.49791666666664,
    "125": 319.99791666666664,
    "126": 322.49791666666664,
    "127": 324.99791666666664,
    "128": 327.49791666666664,
    "129": 329.99791666666664,
    "130": 332.49791666666664,
    "131": 334.99791666666664,
    "132": 337.49791666666664,
    "133": 339.99791666666664,
    "134": 342.49791666666664,
    "135": 344.99791666666664,
    "136": 347.49791666666664,
    "137": 349.99791666666664,
    "138": 352.49791666666664,
    "139": 354.99791666666664,
    "140": 357.49791666666664,
    "141": 359.99791666666664,
    "142": 362.49791666666664,
    "143": 364.99791666666664,
    "144": 366.99791666666664,
    "145": 368.99791666666664,
    "146": 370.99791666666664,
    "147": 372.99791666666664,
    "148": 374.99791666666664,
    "149": 376.99791666666664,
    "150": 378.99791666666664,
    "151": 380.99791666666664,
    "152": 382.99791666666664,
    "153": 384.99791666666664,
    "154": 386.99791666666664,
    "155": 388.99791666666664,
    "156": 390.99791666666664,
    "157": 392.99791666666664,
    "158": 394.99791666666664,
    "159": 396.99791666666664,
    "160": 398.99791666666664,
    "161": 400.99791666666664,
    "162": 402.99791666666664,
    "163": 404.99791666666664,
    "164": 406.99791666666664,
    "165": 408.99791666666664,
    "166": 410.99791666666664,
    "167": 412.99791666666664,
    "168": 414.99791666666664,
    "169": 416.99791666666664,
    "170": 418.99791666666664,
    "171": 420.99791666666664,
    "172": 422.99791666666664,
    "173": 424.99791666666664,
    "174": 426.99791666666664,
    "175": 428.99791666666664,
    "176": 430.99791666666664,
    "177": 432.99791666666664,
    "178": 434.99791666666664,
    "179": 436.99791666666664,
    "180": 438.99791666666664,
    "181": 440.99791666666664,
    "182": 442.99791666666664,
    "183": 444.99791666666664,
    "184": 446.99791666666664,
    "185": 448.99791666666664,
    "186": 450.99791666666664,
    "187": 452.99791666666664,
    "188": 454.99791666666664,
    "189": 456.99791666666664,
    "190": 458.99791666666664,
    "191": 460.99791666666664,
    "192": 462.99791666666664,
    "193": 464.99791666666664,
    "194": 466.99791666666664,
    "195": 468.99791666666664,
    "196": 470.99791666666664,
    "197": 472.99791666666664,
    "198": 474.99791666666664,
    "199": 476.99791666666664,
    "200": 478.99791666666664,
    "201": 480.99791666666664,
    "202": 482.99791666666664,
    "203": 484.99791666666664,
    "204": 486.99791666666664,
    "205": 488.99791666666664,
    "206": 490.99791666666664,
    "207": 492.99791666666664,
    "208": 494.99791666666664,
    "209": 496.99791666666664,
    "210": 498.99791666666664,
    "211": 500.99791666666664,
    "212": 502.99791666666664,
    "213": 504.99791666666664,
    "214": 506.99791666666664,
    "215": 508.99791666666664,
    "216": 510.99791666666664,
    "217": 512.9979166666667,
    "218": 514.9979166666667,
    "219": 516.9979166666667,
    "220": 518.9979166666667,
    "221": 520.9979166666667,
    "222": 522.9979166666667,
    "223": 524.9979166666667,
    "224": 526.9979166666667,
    "225": 528.9979166666667,
    "226": 530.9979166666667,
    "227": 532.9979166666667,
    "228": 534.9979166666667,
    "229": 536.9979166666667,
    "230": 538.9979166666667,
    "231": 540.9979166666667,
    "232": 542.9979166666667,
    "233": 544.9979166666667,
    "234": 546.9979166666667,
    "235": 548.9979166666667,
    "236": 550.9979166666667,
    "237": 552.9979166666667,
    "238": 554.9979166666667,
    "239": 556.9979166666667,
    "240": 558.9979166666667,
    "241": 560.9979166666667,
    "242": 562.9979166666667,
    "243": 564.9979166666667,
    "244": 567.4979166666667,
    "245": 569.4979166666667,
    "246": 571.9979166666667,
    "247": 573.9979166666667,
    "248": 575.9979166666667,
    "249": 577.9979166666667,
    "250": 579.9979166666667,
    "251": 581.9979166666667,
    "252": 583.9979166666667,
    "253": 585.9979166666667,
    "254": 587.9979166666667,
    "255": 589.9979166666667,
    "256": 591.9979166666667,
    "257": 593.9979166666667,
    "258": 595.9979166666667,
    "259": 597.9979166666667,
    "260": 599.9979166666667,
    "261": 601.9979166666667,
    "262": 603.9979166666667,
    "263": 605.9979166666667,
    "264": 607.9979166666667,
    "265": 609.9979166666667,
    "266": 611.9979166666667,
    "267": 613.9979166666667,
    "268": 615.9979166666667,
    "269": 617.9979166666667,
    "270": 619.9979166666667,
    "271": 621.9979166666667,
    "272": 623.9979166666667,
    "273": 625.9979166666667,
    "274": 627.9979166666667,