{
    "1": 18.495,
    "2": 19.515,
    "3": 23.595,
    "4": 27.674999999999997,
    "5": 31.595,
    "6": 36.425,
    "7": 41.955,
    "8": 45.25,
    "9": 48.235,
    "10": 53.974999999999994,
    "11": 58.55,
    "12": 61.595,
    "13": 66.515,
    "14": 70.245,
    "15": 75.425,
    "16": 80.255,
    "17": 83.345,
    "18": 87.055,
    "19": 91.505,
    "20": 94.98500000000001,
    "21": 99.44,
    "22": 108.19,
    "23": 109.94,
    "24": 113.56,
    "25": 115.6,
    "26": 118.9,
    "27": 120.96000000000001,
    "28": 124.22,
    "29": 126.22,
    "30": 130.48,
    "31": 132.60999999999999,
    "32": 134.31499999999997,
    "33": 137.135,
    "34": 142.005,
    "35": 143.8,
    "36": 146.585,
    "37": 148.22,
    "38": 150.78,
    "39": 152.98,
    "40": 154.92,
    "41": 157.18,
    "42": 159.24,
    "43": 161.98,
    "44": 165.08,
    "45": 166.54,
    "46": 167.98,
    "47": 169.3,
    "48": 170.6,
    "49": 172.06,
    "50": 173.76,
    "51": 176.32,
    "52": 180.02,
    "53": 182.48,
    "54": 185.68,
    "55": 188.22,
    "56": 192.07999999999998,
    "57": 195.93999999999997,
    "58": 199.89999999999998,
    "59": 206.47999999999996,
    "60": 210.34999999999997,
    "61": 214.95499999999998,
    "62": 219.04500000000002,
    "63": 223.195,
    "64": 228.815,
    "65": 233.29500000000002,
    "66": 236.53,
    "67": 240.135,
    "68": 244.595,
    "69": 247.735,
    "70": 252.875,
    "71": 258.19500000000005,
    "72": 262.33500000000004,
    "73": 266.495,
    "74": 275.13,
    "75": 288.21,
    "76": 326.39,
    "77": 327.34,
    "78": 327.34
}