{
    "1": 0,
    "2": 0,
    "3": 4.555,
    "4": 9.935,
    "5": 13.675,
    "6": 16.695,
    "7": 21.854999999999997,
    "8": 24.935000000000002,
    "9": 27.875,
    "10": 33.0,
    "11": 37.4,
    "12": 41.195,
    "13": 45.035,
    "14": 47.875,
    "15": 51.394999999999996,
    "16": 56.945,
    "17": 60.315,
    "18": 64.535,
    "19": 69.35499999999999,
    "20": 73.57499999999999,
    "21": 77.195,
    "22": 87.13,
    "23": 89.41,
    "24": 93.5,
    "25": 95.46000000000001,
    "26": 98.53999999999999,
    "27": 100.47999999999999,
    "28": 103.82,
    "29": 106.13,
    "30": 110.28,
    "31": 112.855,
    "32": 114.73499999999999,
    "33": 117.675,
    "34": 122.265,
    "35": 123.445,
    "36": 126.44,
    "37": 128.01,
    "38": 130.92,
    "39": 132.38,
    "40": 134.48,
    "41": 136.02,
    "42": 137.96,
    "43": 139.86,
    "44": 142.64,
    "45": 143.94,
    "46": 145.22,
    "47": 146.3,
    "48": 147.44,
    "49": 148.64,
    "50": 150.18,
    "51": 153.18,
    "52": 157.54,
    "53": 160.92,
    "54": 163.52,
    "55": 166.62,
    "56": 170.28,
    "57": 174.16,
    "58": 177.25,
    "59": 183.92999999999995,
    "60": 190.37999999999988,
    "61": 193.075,
    "62": 197.575,
    "63": 201.735,
    "64": 205.995,
    "65": 210.265,
    "66": 213.785,
    "67": 217.915,
    "68": 223.035,
    "69": 228.515,
    "70": 233.14499999999998,
    "71": 237.98000000000002,
    "72": 242.415,
    "73": 247.66500000000002,
    "74": 253.05,
    "75": 254.35000000000002,
    "76": 255.35000000000002,
    "77": 256.3,
    "78": 256.3
}