{
    "1": 6.390000000000004,
    "2": 7.3750000000000036,
    "3": 11.315000000000001,
    "4": 15.254999999999999,
    "5": 17.87,
    "6": 22.195,
    "7": 25.695,
    "8": 28.725,
    "9": 32.315,
    "10": 36.93,
    "11": 40.8,
    "12": 43.345,
    "13": 47.555,
    "14": 51.825,
    "15": 54.325,
    "16": 59.235,
    "17": 62.095,
    "18": 65.42500000000001,
    "19": 69.095,
    "20": 72.425,
    "21": 74.67500000000001,
    "22": 81.27,
    "23": 82.78999999999999,
    "24": 86.17,
    "25": 88.03,
    "26": 91.03999999999999,
    "27": 92.81,
    "28": 95.99000000000001,
    "29": 97.19,
    "30": 101.56,
    "31": 103.355,
    "32": 104.82499999999999,
    "33": 107.655,
    "34": 111.545,
    "35": 112.89999999999999,
    "36": 115.985,
    "37": 117.77999999999999,
    "38": 120.44,
    "39": 122.0,
    "40": 123.5,
    "41": 125.24,
    "42": 126.68,
    "43": 129.14,
    "44": 131.56,
    "45": 132.84,
    "46": 133.96,
    "47": 135.06,
    "48": 136.18,
    "49": 137.24,
    "50": 138.3,
    "51": 139.52,
    "52": 142.74,
    "53": 144.84,
    "54": 147.46,
    "55": 149.62,
    "56": 152.29,
    "57": 154.91,
    "58": 156.95,
    "59": 160.76999999999998,
    "60": 165.61999999999998,
    "61": 167.39499999999998,
    "62": 170.035,
    "63": 173.075,
    "64": 176.79500000000002,
    "65": 179.91000000000003,
    "66": 182.715,
    "67": 185.075,
    "68": 188.175,
    "69": 191.05,
    "70": 194.67,
    "71": 197.79500000000002,
    "72": 200.635,
    "73": 203.885,
    "74": 210.55,
    "75": 211.55,
    "76": 212.225,
    "77": 212.24,
    "78": 212.24
}