{
    "1": 0.9987499999999985,
    "2": 2.3099999999999987,
    "3": 7.555,
    "4": 12.8,
    "5": 15.795,
    "6": 19.895000000000003,
    "7": 23.235,
    "8": 26.835,
    "9": 30.325,
    "10": 35.445,
    "11": 40.3,
    "12": 44.125,
    "13": 47.775,
    "14": 51.55,
    "15": 55.055,
    "16": 60.894999999999996,
    "17": 64.07,
    "18": 67.345,
    "19": 72.13499999999999,
    "20": 75.845,
    "21": 79.17500000000001,
    "22": 86.78999999999999,
    "23": 90.55,
    "24": 94.15,
    "25": 96.05,
    "26": 99.56,
    "27": 101.57,
    "28": 104.75,
    "29": 107.27,
    "30": 112.45,
    "31": 115.035,
    "32": 118.195,
    "33": 120.715,
    "34": 125.785,
    "35": 128.33499999999998,
    "36": 130.805,
    "37": 132.37,
    "38": 135.0,
    "39": 136.42,
    "40": 138.62,
    "41": 140.08,
    "42": 142.42,
    "43": 144.64,
    "44": 147.42,
    "45": 148.66,
    "46": 149.8,
    "47": 150.88,
    "48": 152.26,
    "49": 153.52,
    "50": 155.56,
    "51": 157.76,
    "52": 160.96,
    "53": 163.94,
    "54": 166.28,
    "55": 169.82,
    "56": 173.48,
    "57": 177.31,
    "58": 180.70999999999998,
    "59": 187.33999999999997,
    "60": 191.92999999999998,
    "61": 196.29500000000002,
    "62": 200.255,
    "63": 203.995,
    "64": 209.155,
    "65": 213.335,
    "66": 216.67000000000002,
    "67": 221.18,
    "68": 225.375,
    "69": 230.555,
    "70": 234.87,
    "71": 239.345,
    "72": 244.975,
    "73": 251.435,
    "74": 256.39,
    "75": 258.53,
    "76": 259.53,
    "77": 260.48,
    "78": 260.48
}