{
    "1": 3.5124999999999993,
    "2": 4.824999999999999,
    "3": 10.075,
    "4": 15.325,
    "5": 19.365000000000002,
    "6": 24.715,
    "7": 29.035,
    "8": 32.495000000000005,
    "9": 36.745,
    "10": 42.64,
    "11": 48.44,
    "12": 51.254999999999995,
    "13": 56.015,
    "14": 60.775,
    "15": 64.655,
    "16": 68.41499999999999,
    "17": 71.765,
    "18": 75.83500000000001,
    "19": 80.015,
    "20": 84.435,
    "21": 86.935,
    "22": 93.50999999999999,
    "23": 97.48,
    "24": 101.97,
    "25": 104.15,
    "26": 107.84,
    "27": 109.96,
    "28": 113.25,
    "29": 115.68,
    "30": 118.67,
    "31": 120.63499999999999,
    "32": 122.69499999999996,
    "33": 125.18499999999999,
    "34": 128.845,
    "35": 130.305,
    "36": 132.95,
    "37": 134.71,
    "38": 137.96,
    "39": 139.48,
    "40": 141.58,
    "41": 143.5,
    "42": 145.48,
    "43": 147.5,
    "44": 150.12,
    "45": 151.6,
    "46": 153.04,
    "47": 154.24,
    "48": 155.5,
    "49": 156.82,
    "50": 158.36,
    "51": 160.58,
    "52": 163.3,
    "53": 165.32,
    "54": 167.36,
    "55": 169.28,
    "56": 171.72,
    "57": 174.20999999999998,
    "58": 176.93999999999997,
    "59": 182.04,
    "60": 186.78999999999996,
    "61": 191.385,
    "62": 196.185,
    "63": 200.755,
    "64": 205.815,
    "65": 209.135,
    "66": 212.775,
    "67": 217.115,
    "68": 221.20499999999998,
    "69": 225.03500000000003,
    "70": 228.815,
    "71": 233.745,
    "72": 237.555,
    "73": 240.485,
    "74": 246.16,
    "75": 249.91000000000003,
    "76": 250.91000000000003,
    "77": 251.86,
    "78": 251.86
}