{
    "1": 2.459999999999999,
    "2": 3.2349999999999994,
    "3": 6.335,
    "4": 9.435,
    "5": 12.690000000000001,
    "6": 15.915,
    "7": 18.775,
    "8": 22.634999999999998,
    "9": 25.095,
    "10": 29.2,
    "11": 32.86,
    "12": 36.575,
    "13": 39.655,
    "14": 42.785,
    "15": 45.845,
    "16": 50.115,
    "17": 53.105000000000004,
    "18": 56.394999999999996,
    "19": 60.725,
    "20": 63.955,
    "21": 67.785,
    "22": 75.43,
    "23": 77.28,
    "24": 81.1,
    "25": 83.17,
    "26": 86.99,
    "27": 89.12,
    "28": 92.65,
    "29": 94.67,
    "30": 98.21000000000001,
    "31": 101.13499999999999,
    "32": 102.62499999999997,
    "33": 106.115,
    "34": 110.725,
    "35": 112.145,
    "36": 115.16999999999999,
    "37": 117.49499999999999,
    "38": 120.74,
    "39": 122.54,
    "40": 124.46,
    "41": 126.6,
    "42": 128.68,
    "43": 131.06,
    "44": 133.62,
    "45": 135.34,
    "46": 136.86,
    "47": 138.48,
    "48": 140.14,
    "49": 141.56,
    "50": 143.18,
    "51": 145.34,
    "52": 147.94,
    "53": 150.4,
    "54": 152.86,
    "55": 155.38,
    "56": 158.25,
    "57": 160.87,
    "58": 163.18,
    "59": 167.83999999999997,
    "60": 171.35999999999999,
    "61": 174.485,
    "62": 177.6,
    "63": 180.965,
    "64": 184.475,
    "65": 187.915,
    "66": 191.07999999999998,
    "67": 193.985,
    "68": 198.275,
    "69": 201.655,
    "70": 206.20499999999998,
    "71": 208.975,
    "72": 212.835,
    "73": 215.995,
    "74": 222.89999999999998,
    "75": 223.95,
    "76": 224.95,
    "77": 225.9,
    "78": 225.9
}