{
    "1": 0.45999999999999996,
    "2": 1.96,
    "3": 4.21,
    "4": 5.46,
    "5": 8.055,
    "6": 9.305,
    "7": 11.305,
    "8": 12.555,
    "9": 17.495,
    "10": 18.495,
    "11": 19.535,
    "12": 20.7425,
    "13": 21.7925,
    "14": 23.025,
    "15": 24.205,
    "16": 25.465,
    "17": 26.465,
    "18": 27.715,
    "19": 30.155,
    "20": 32.855000000000004,
    "21": 34.635,
    "22": 37.285,
    "23": 38.285,
    "24": 39.085,
    "25": 43.09447916666667,
    "26": 43.448145833333335,
    "27": 44.205937500000005,
    "28": 45.205937500000005,
    "29": 46.205937500000005,
    "30": 47.53229166666667,
    "31": 48.47229166666667,
    "32": 49.47229166666667,
    "33": 50.7634375,
    "34": 52.09729166666667,
    "35": 53.09729166666667,
    "36": 55.87812500000012,
    "37": 59.17729166666667,
    "38": 62.34729166666668,
    "39": 64.09729166666668,
    "40": 66.51729166666667,
    "41": 68.51729166666667,
    "42": 70.07229166666667,
    "43": 71.2848125,
    "44": 72.40229166666667,
    "45": 73.06035416666667,
    "46": 73.73229166666667,
    "47": 74.90729166666668,
    "48": 76.2834375,
    "49": 77.63864583333333,
    "50": 78.27186458333334,
    "51": 78.54072916666668,
    "52": 79.54072916666668,
    "53": 80.8453125,
    "54": 82.10072916666667,
    "55": 83.10072916666667,
    "56": 84.10072916666667,
    "57": 84.57190625,
    "58": 85.77145833333334,
    "59": 86.77145833333334,
    "60": 87.77145833333334,
    "61": 88.66733333333333,
    "62": 90.69895833333334,
    "63": 91.66895833333334,
    "64": 94.95895833333333,
    "65": 96.51447916666666,
    "66": 98.90395833333334,
    "67": 99.77395833333333,
    "68": 102.61395833333333,
    "69": 103.9959375,
    "70": 105.53395833333333,
    "71": 106.53395833333333,
    "72": 107.78395833333335,
    "73": 108.78395833333335,
    "74": 111.1159375,
    "75": 112.1159375,
    "76": 112.9159375,
    "77": 113.787875,
    "78": 114.70335416666667,
    "79": 116.4559375,
    "80": 118.3559375,
    "81": 119.0159375,
    "82": 120.25395833333333,
    "83": 121.69395833333333,
    "84": 122.59335416666666,
    "85": 124.49145833333334,
    "86": 125.55145833333334,
    "87": 126.73145833333334,
    "88": 127.68134375,
    "89": 128.34145833333335,
    "90": 129.34145833333335,
    "91": 130.16072916666667,
    "92": 130.63166666666666,
    "93": 130.91145833333334,
    "94": 131.91145833333334,
    "95": 134.03145833333335,
    "96": 135.03145833333335,
    "97": 136.99572916666665,
    "98": 137.99572916666665,
    "99": 139.29572916666666,
    "100": 140.37572916666664,
    "101": 140.97880208333333,
    "102": 141.7653125,
    "103": 142.54145833333334,
    "104": 143.83357291666667,
    "105": 145.02145833333333,
    "106": 146.20291666666665,
    "107": 148.54145833333334,
    "108": 149.531625,
    "109": 150.40145833333332,
    "110": 150.80145833333333,
    "111": 151.26145833333334,
    "112": 152.22145833333332,
    "113": 154.00145833333332,
    "114": 155.00145833333332,
    "115": 157.67114583333333,
    "116": 158.992125,
    "117": 159.31226041666667,
    "118": 160.3696875,
    "119": 161.92645833333333,
    "120": 163.2496875,
    "121": 164.86916666666667,
    "122": 166.4096875,
    "123": 168.06645833333334,
    "124": 169.60968749999998,
    "125": 171.54104166666667,
    "126": 173.17291666666665,
    "127": 175.16104166666668,
    "128": 177.6009375,
    "129": 179.34645833333335,
    "130": 180.37916666666666,
    "131": 181.42645833333333,
    "132": 182.7096875,
    "133": 184.54322916666666,
    "134": 185.86104166666667,
    "135": 188.79291666666666,
    "136": 190.21645833333332,
    "137": 191.07532291666666,
    "138": 192.15645833333332,
    "139": 193.42374999999998,
    "140": 194.30382291666666,
    "141": 195.11848958333331,
    "142": 195.35026041666666,
    "143": 196.36978125000002,
    "144": 196.98645833333333,
    "145": 199.30104166666666,
    "146": 200.30645833333332,
    "147": 201.291875,
    "148": 202.14359375,
    "149": 202.72645833333334,
    "150": 203.72645833333334,
    "151": 204.72645833333334,
    "152": 205.61264583333335,
    "153": 206.54645833333333,
    "154": 206.79318750000002,
    "155": 207.42645833333333,
    "156": 207.89432291666668,
    "157": 208.52645833333332,
    "158": 209.491875,
    "159": 209.91272916666668,
    "160": 210.52645833333332,
    "161": 211.24645833333332,
    "162": 212.24645833333332,
    "163": 213.18645833333332,
    "164": 214.18645833333332,
    "165": 215.18645833333332,
    "166": 216.18645833333332,
    "167": 217.18645833333332,
    "168": 218.18645833333332,
    "169": 219.18645833333332,
    "170": 220.18645833333332,
    "171": 221.18645833333332,
    "172": 222.18645833333332,
    "173": 223.08645833333333,
    "174": 224.08645833333333,
    "175": 225.08645833333333,
    "176": 226.08645833333333,
    "177": 227.08645833333333,
    "178": 228.20645833333333,
    "179": 229.38645833333334,
    "180": 230.38645833333334,
    "181": 231.38645833333334,
    "182": 232.40645833333332,
    "183": 233.40645833333332,
    "184": 234.14959375,
    "185": 234.77951041666668,
    "186": 234.86063541666667,
    "187": 235.82645833333333,
    "188": 237.18645833333332,
    "189": 240.74645833333332,
    "190": 241.98645833333333,
    "191": 243.00645833333334,
    "192": 244.00645833333334,
    "193": 245.23125,
    "194": 246.30645833333332,
    "195": 248.00645833333334,
    "196": 249.00645833333334,
    "197": 249.98645833333333,
    "198": 250.98645833333333,
    "199": 252.02645833333332,
    "200": 253.02645833333332,
    "201": 253.28507291666665,
    "202": 253.84645833333335,
    "203": 254.44645833333334,
    "204": 255.90645833333332,
    "205": 258.7864583333333,
    "206": 259.6064583333333,
    "207": 260.62645833333335,
    "208": 262.5264583333333,
    "209": 263.56645833333334,
    "210": 264.66645833333337,
    "211": 266.92645833333336,
    "212": 267.9664583333334,
    "213": 269.28645833333337,
    "214": 270.88645833333334,
    "215": 271.82916666666665,
    "216": 272.6464583333334,
    "217": 273.50259375,
    "218": 273.59295833333334,
    "219": 274.56645833333334,
    "220": 275.56645833333334,
    "221": 276.56645833333334,
    "222": 277.56645833333334,
    "223": 278.56645833333334,
    "224": 279.32645833333333,
    "225": 280.32645833333333,
    "226": 281.1464583333334,
    "227": 282.18645833333335,
    "228": 283.24645833333335,
    "229": 284.28645833333337,
    "230": 285.28645833333337,
    "231": 286.5264583333334,
    "232": 288.30645833333335,
    "233": 289.4064583333334,
    "234": 290.4064583333334,
    "235": 291.45833333333337,
    "236": 292.54645833333336,
    "237": 293.9664583333334,
    "238": 294.83003125000005,
    "239": 295.48645833333336,
    "240": 296.60645833333336,
    "241": 297.36645833333336,
    "242": 298.44645833333334,
    "243": 299.44645833333334,
    "244": 301.04822916666666,
    "245": 302.04822916666666,
    "246": 303.3096875,
    "247": 304.3096875,
    "248": 305.2496875,
    "249": 306.2496875,
    "250": 307.2496875,
    "251": 308.4296875,
    "252": 309.3205208333333,
    "253": 310.3096875,
    "254": 311.3096875,
    "255": 312.5696875,
    "256": 314.0296875,
    "257": 315.2869791666667,
    "258": 316.2896875,
    "259": 317.3496875,
    "260": 319.0096875,
    "261": 320.0805208333333,
    "262": 321.2896875,
    "263": 322.2896875,
    "264": 323.2896875,
    "265": 325.42427083333337,
    "266": 326.6896875,
    "267": 328.1046875000001,
    "268": 330.20968750000003,
    "269": 334.3096875,
    "270": 338.2296875,
    "271": 339.6096875,
    "272": 340.5523958333334,
    "273": 341.3469791666667,
    "274": 343.2296875,
    "275": 344.4371875000001,
    "276": 346.26791666666685,
    "277": 347.9896875,
    "278": 348.9896875,
    "279": 350.9613854166667,
    "280": 351.88968750000004,
    "281": 352.8496875,
    "282": 353.8496875,
    "283": 354.9696875,
    "284": 355.9696875,