{
    "1": 1.8399999999999928,
    "2": 4.527999999999995,
    "3": 8.559999999999999,
    "4": 10.8,
    "5": 14.07,
    "6": 17.51,
    "7": 20.565,
    "8": 23.595,
    "9": 30.54,
    "10": 32.175000000000004,
    "11": 34.915,
    "12": 36.347500000000004,
    "13": 37.7725,
    "14": 39.485,
    "15": 41.085,
    "16": 43.059999999999995,
    "17": 44.445,
    "18": 46.005,
    "19": 47.555,
    "20": 49.785000000000004,
    "21": 51.275,
    "22": 52.665,
    "23": 54.059999999999995,
    "24": 55.225,
    "25": 62.69458333333334,
    "26": 65.51458333333335,
    "27": 68.4859375,
    "28": 70.40593750000001,
    "29": 71.93781250000002,
    "30": 74.41750000000002,
    "31": 76.91229166666668,
    "32": 78.02458333333334,
    "33": 79.9434375,
    "34": 82.10875,
    "35": 83.61729166666667,
    "36": 86.12729166666668,
    "37": 88.17729166666668,
    "38": 89.86729166666667,
    "39": 91.43729166666667,
    "40": 92.81729166666668,
    "41": 94.35729166666667,
    "42": 96.39812500000001,
    "43": 98.14729166666667,
    "44": 99.59520833333335,
    "45": 101.41729166666667,
    "46": 102.92208333333336,
    "47": 104.66729166666667,
    "48": 106.1621875,
    "49": 107.55864583333333,
    "50": 109.93864583333333,
    "51": 111.59760416666667,
    "52": 113.32072916666668,
    "53": 114.80072916666667,
    "54": 116.52072916666667,
    "55": 117.89302083333334,
    "56": 119.46677083333334,
    "57": 120.80072916666667,
    "58": 122.53375,
    "59": 124.01145833333334,
    "60": 125.02583333333335,
    "61": 126.65833333333333,
    "62": 132.59812499999998,
    "63": 134.54895833333333,
    "64": 138.45875,
    "65": 140.51447916666666,
    "66": 144.57354166666667,
    "67": 146.61395833333333,
    "68": 149.21395833333332,
    "69": 152.9901041666667,
    "70": 155.17395833333333,
    "71": 157.22875,
    "72": 158.80395833333333,
    "73": 160.08791666666667,
    "74": 162.99593750000003,
    "75": 164.93593750000002,
    "76": 165.9559375,
    "77": 167.12072916666668,
    "78": 168.9575,
    "79": 171.35510416666668,
    "80": 173.45989583333335,
    "81": 175.25593750000002,
    "82": 178.38354166666664,
    "83": 179.49395833333332,
    "84": 180.51395833333333,
    "85": 188.99145833333333,
    "86": 191.13666666666666,
    "87": 193.00520833333334,
    "88": 194.20520833333336,
    "89": 196.18437500000002,
    "90": 197.9875,
    "91": 199.6029166666667,
    "92": 200.98145833333334,
    "93": 202.70125000000002,
    "94": 204.71208333333334,
    "95": 208.19375000000002,
    "96": 210.15145833333332,
    "97": 213.67572916666666,
    "98": 215.05572916666665,
    "99": 216.39572916666665,
    "100": 217.9963541666666,
    "101": 220.40145833333332,
    "102": 221.94145833333332,
    "103": 223.65374999999997,
    "104": 226.88687499999997,
    "105": 229.78145833333332,
    "106": 232.11041666666662,
    "107": 234.46145833333333,
    "108": 236.86145833333333,
    "109": 238.02145833333333,
    "110": 239.64145833333333,
    "111": 241.22145833333332,
    "112": 242.22145833333332,
    "113": 244.82124999999996,
    "114": 246.7579166666666,
    "115": 255.78968749999999,
    "116": 257.0296875,
    "117": 258.26968750000003,
    "118": 259.38968750000004,
    "119": 261.0864583333333,
    "120": 262.7896875,
    "121": 264.3464583333333,
    "122": 265.70213541666664,
    "123": 267.0464583333333,
    "124": 268.4096875,
    "125": 269.61521875,
    "126": 270.592125,
    "127": 271.74645833333335,
    "128": 273.03239583333334,
    "129": 273.91769791666667,
    "130": 275.1323958333333,
    "131": 276.06645833333334,
    "132": 276.99378125,
    "133": 277.94978125,
    "134": 278.9427708333333,
    "135": 279.88645833333334,
    "136": 281.2964583333333,
    "137": 282.6496875,
    "138": 283.85171875,
    "139": 284.96052083333336,
    "140": 286.001875,
    "141": 287.0696875,
    "142": 288.0364583333333,
    "143": 289.12645833333335,
    "144": 289.9864583333333,
    "145": 290.80645833333335,
    "146": 291.6064583333333,
    "147": 292.4264583333333,
    "148": 293.24645833333335,
    "149": 294.06645833333334,
    "150": 294.8278125,
    "151": 295.82645833333333,
    "152": 296.62645833333335,
    "153": 297.5264583333333,
    "154": 298.3561979166667,
    "155": 298.9264583333333,
    "156": 299.88645833333334,
    "157": 300.6464583333333,
    "158": 301.4310520833333,
    "159": 302.2264583333333,
    "160": 302.85851041666666,
    "161": 303.6664583333333,
    "162": 304.5864583333333,
    "163": 305.12645833333335,
    "164": 305.7864583333333,
    "165": 306.50645833333334,
    "166": 307.12645833333335,
    "167": 307.80645833333335,
    "168": 308.56645833333334,
    "169": 309.24645833333335,
    "170": 310.18916666666667,
    "171": 310.76645833333333,
    "172": 311.9278125,
    "173": 312.74645833333335,
    "174": 313.4864583333333,
    "175": 314.151875,
    "176": 314.8701145833333,
    "177": 315.6464583333333,
    "178": 316.32821874999996,
    "179": 317.2264583333333,
    "180": 318.4664583333333,
    "181": 319.291875,
    "182": 320.0501145833333,
    "183": 320.7725520833333,
    "184": 321.50916666666666,
    "185": 322.26645833333333,
    "186": 322.9701145833333,
    "187": 324.5864583333333,
    "188": 325.44645833333334,
    "189": 326.0925520833334,
    "190": 326.78052083333336,
    "191": 327.3545833333333,
    "192": 328.05262500000003,
    "193": 328.6878125,
    "194": 329.4264583333333,
    "195": 330.4264583333333,
    "196": 331.20781250000005,
    "197": 331.94645833333334,
    "198": 332.51264583333335,
    "199": 333.28821875,
    "200": 333.9064583333333,
    "201": 334.5864583333333,
    "202": 335.17553125,
    "203": 336.0864583333333,
    "204": 337.04821875,
    "205": 337.7264583333333,
    "206": 338.531125,
    "207": 339.18821875,
    "208": 339.8940416666666,
    "209": 340.60645833333336,
    "210": 341.5264583333334,
    "211": 342.17464583333333,
    "212": 342.79052083333335,
    "213": 343.4691666666667,
    "214": 344.1491666666667,
    "215": 344.8278125,
    "216": 345.46961458333334,
    "217": 346.32645833333333,
    "218": 346.8678125,
    "219": 347.51092708333334,
    "220": 348.28645833333337,
    "221": 349.60645833333336,
    "222": 350.4091666666667,
    "223": 351.54645833333336,
    "224": 352.44645833333334,
    "225": 353.48645833333336,
    "226": 354.26645833333333,
    "227": 356.26854166666675,
    "228": 357.56645833333334,
    "229": 358.48645833333336,
    "230": 359.44645833333334,
    "231": 360.25092708333335,
    "232": 360.93255208333335,
    "233": 361.66645833333337,
    "234": 362.3805208333333,
    "235": 363.1878125,
    "236": 364.1432291666667,
    "237": 364.9664583333334,
    "238": 365.7031145833334,
    "239": 366.3517604166667,
    "240": 366.95458333333335,
    "241": 367.66645833333337,
    "242": 368.2559375,
    "243": 368.9801458333333,
    "244": 370.3682291666667,
    "245": 371.04822916666666,
    "246": 372.7496875,
    "247": 374.5896875,
    "248": 376.4334375000001,
    "249": 380.69291666666675,
    "250": 381.45112500000005,
    "251": 382.1274375,
    "252": 382.7605208333333,
    "253": 383.4438645833333,
    "254": 384.14634375,
    "255": 384.6928541666667,
    "256": 385.4096875,
    "257": 386.26968750000003,
    "258": 387.2296875,
    "259": 388.3096875,
    "260": 389.2723958333334,
    "261": 390.3096875,
    "262": 391.1595416666667,
    "263": 391.88968750000004,
    "264": 392.6036354166667,
    "265": 393.5496875,
    "266": 394.4096875,
    "267": 395.3096875,
    "268": 396.0914479166667,
    "269": 396.8351041666667,
    "270": 397.5178125,
    "271": 398.2323958333334,
    "272": 398.89375000000007,
    "273": 399.6178125,
    "274": 400.2923958333334,
    "275": 401.2296875,
    "276": 402.1296875,
    "277": 403.4296875,
    "278": 404.2110416666667,
    "279": 405.3096875,
    "280": 406.1896875,
    "281": 407.23671875,
    "282": 408.11671875,
    "283": 409.85989583333344,