{
    "1": 15.320000000000002,
    "2": 18.92,
    "3": 24.32,
    "4": 27.32,
    "5": 31.305,
    "6": 33.91000000000001,
    "7": 39.39,
    "8": 43.555,
    "9": 52.205,
    "10": 54.5,
    "11": 57.055,
    "12": 59.377500000000005,
    "13": 61.057500000000005,
    "14": 63.855,
    "15": 65.63,
    "16": 68.03,
    "17": 69.725,
    "18": 71.83500000000001,
    "19": 73.575,
    "20": 76.14,
    "21": 77.715,
    "22": 79.65,
    "23": 82.125,
    "24": 83.125,
    "25": 90.71489583333336,
    "26": 94.52729166666667,
    "27": 97.82593750000001,
    "28": 100.46593750000001,
    "29": 102.12093750000003,
    "30": 104.58270833333336,
    "31": 107.17229166666667,
    "32": 109.45229166666667,
    "33": 111.59989583333333,
    "34": 113.99729166666667,
    "35": 116.53729166666668,
    "36": 118.42729166666668,
    "37": 120.41729166666667,
    "38": 122.34729166666668,
    "39": 123.73651041666668,
    "40": 125.15729166666667,
    "41": 127.11166666666668,
    "42": 128.79875,
    "43": 130.20729166666666,
    "44": 131.62229166666665,
    "45": 133.07156250000003,
    "46": 134.3922916666667,
    "47": 135.90729166666668,
    "48": 137.33281250000002,
    "49": 139.6615625,
    "50": 141.83864583333335,
    "51": 143.16072916666667,
    "52": 144.48072916666666,
    "53": 145.856875,
    "54": 147.14072916666666,
    "55": 148.48072916666666,
    "56": 150.02072916666665,
    "57": 151.45302083333334,
    "58": 153.51375000000002,
    "59": 154.69145833333334,
    "60": 156.43145833333332,
    "61": 157.62916666666666,
    "62": 163.89895833333333,
    "63": 165.12895833333334,
    "64": 169.61895833333335,
    "65": 171.55447916666668,
    "66": 175.5535416666667,
    "67": 178.03395833333335,
    "68": 182.59395833333335,
    "69": 187.1959375,
    "70": 189.75395833333334,
    "71": 192.47395833333334,
    "72": 194.32395833333334,
    "73": 195.96395833333332,
    "74": 199.2959375,
    "75": 201.1759375,
    "76": 202.59270833333335,
    "77": 203.94864583333336,
    "78": 207.29354166666667,
    "79": 209.47593750000001,
    "80": 212.07031250000003,
    "81": 213.8959375,
    "82": 217.21395833333332,
    "83": 218.71395833333332,
    "84": 220.52875,
    "85": 226.460625,
    "86": 228.67145833333333,
    "87": 230.81604166666668,
    "88": 232.59145833333335,
    "89": 235.06145833333335,
    "90": 237.07833333333332,
    "91": 239.16145833333334,
    "92": 240.96145833333335,
    "93": 242.71145833333333,
    "94": 245.30583333333334,
    "95": 249.23145833333334,
    "96": 251.63145833333334,
    "97": 256.20947916666665,
    "98": 257.7432291666666,
    "99": 259.6557291666666,
    "100": 261.51572916666663,
    "101": 264.2029166666666,
    "102": 265.97666666666663,
    "103": 267.4579166666666,
    "104": 271.29572916666666,
    "105": 273.8414583333333,
    "106": 276.09375,
    "107": 281.55375000000004,
    "108": 285.00145833333335,
    "109": 286.2414583333333,
    "110": 288.36749999999995,
    "111": 290.50145833333335,
    "112": 291.9214583333333,
    "113": 296.2214583333333,
    "114": 301.82145833333334,
    "115": 310.0096875,
    "116": 313.4296875,
    "117": 314.3096875,
    "118": 315.13104166666665,
    "119": 316.3464583333333,
    "120": 317.6896875,
    "121": 318.9864583333333,
    "122": 320.32968750000003,
    "123": 321.5264583333333,
    "124": 322.76968750000003,
    "125": 323.94645833333334,
    "126": 325.22766666666666,
    "127": 326.3958020833333,
    "128": 327.70363541666666,
    "129": 328.7551041666667,
    "130": 330.0896875,
    "131": 331.1064583333333,
    "132": 332.25151041666663,
    "133": 333.27160416666663,
    "134": 334.5496875,
    "135": 335.5464583333333,
    "136": 336.6764583333333,
    "137": 338.0896875,
    "138": 339.2003020833333,
    "139": 340.3664583333333,
    "140": 341.6564583333333,
    "141": 342.82968750000003,
    "142": 343.9713229166667,
    "143": 345.12645833333335,
    "144": 346.0864583333333,
    "145": 347.1064583333333,
    "146": 347.9864583333333,
    "147": 348.9864583333333,
    "148": 349.82645833333333,
    "149": 350.7864583333333,
    "150": 351.70645833333333,
    "151": 352.80375,
    "152": 353.80645833333335,
    "153": 354.6464583333333,
    "154": 355.6464583333333,
    "155": 356.4864583333333,
    "156": 357.45360416666665,
    "157": 358.1464583333333,
    "158": 359.0291666666667,
    "159": 359.80645833333335,
    "160": 360.5864583333333,
    "161": 361.4064583333333,
    "162": 362.20645833333333,
    "163": 363.1664583333333,
    "164": 364.1664583333333,
    "165": 364.5264583333333,
    "166": 365.24236458333337,
    "167": 366.06645833333334,
    "168": 366.88645833333334,
    "169": 367.5464583333333,
    "170": 368.5464583333333,
    "171": 369.5464583333333,
    "172": 371.0491666666667,
    "173": 371.9864583333333,
    "174": 372.8664583333333,
    "175": 373.70781250000005,
    "176": 374.6078125,
    "177": 375.44645833333334,
    "178": 376.3664583333333,
    "179": 377.4664583333333,
    "180": 378.4501145833333,
    "181": 379.3464583333333,
    "182": 380.20645833333333,
    "183": 381.0105208333333,
    "184": 381.8691666666667,
    "185": 382.76645833333333,
    "186": 383.5891666666667,
    "187": 384.5264583333333,
    "188": 385.291875,
    "189": 386.12236458333336,
    "190": 386.8570625,
    "191": 387.4442916666667,
    "192": 388.1064583333333,
    "193": 388.9264583333333,
    "194": 389.62645833333335,
    "195": 390.28781250000003,
    "196": 391.0291666666667,
    "197": 391.70645833333333,
    "198": 392.44916666666666,
    "199": 393.15011458333333,
    "200": 393.8580416666666,
    "201": 394.56645833333334,
    "202": 395.30645833333335,
    "203": 396.02781250000004,
    "204": 396.7901145833333,
    "205": 397.68645833333335,
    "206": 398.191875,
    "207": 398.93262500000003,
    "208": 399.6179270833333,
    "209": 400.5264583333334,
    "210": 401.0264583333334,
    "211": 401.75011458333336,
    "212": 402.48241666666667,
    "213": 403.2301145833334,
    "214": 403.9701145833334,
    "215": 404.7678125,
    "216": 405.57322916666664,
    "217": 406.33011458333334,
    "218": 407.10821875000005,
    "219": 407.88645833333334,
    "220": 408.57458333333335,
    "221": 409.4664583333334,
    "222": 410.20236458333335,
    "223": 411.04645833333336,
    "224": 411.81348958333336,
    "225": 412.76645833333333,
    "226": 413.5301145833334,
    "227": 415.1339583333334,
    "228": 416.44645833333334,
    "229": 417.22645833333337,
    "230": 418.212625,
    "231": 419.01729166666667,
    "232": 419.8078125,
    "233": 420.56645833333334,
    "234": 421.30759375,
    "235": 421.8578125,
    "236": 422.9064583333334,
    "237": 423.7181041666667,
    "238": 424.5360729166667,
    "239": 425.4664583333334,
    "240": 426.231875,
    "241": 426.88988541666663,
    "242": 427.5337708333334,
    "243": 428.1701145833334,
    "244": 429.3682291666667,
    "245": 430.0082291666667,
    "246": 431.82968750000003,
    "247": 438.08484375000006,
    "248": 438.74052083333333,
    "249": 439.41334375,
    "250": 440.06092708333335,
    "251": 440.65353125,
    "252": 441.2605208333333,
    "253": 441.83014583333335,
    "254": 442.48539583333337,
    "255": 443.1696875,
    "256": 443.7496875,
    "257": 444.4096875,
    "258": 445.00322916666664,
    "259": 445.94968750000004,
    "260": 446.7296875,
    "261": 447.4778125,
    "262": 448.20841666666666,
    "263": 448.94968750000004,
    "264": 449.6696875,
    "265": 450.38968750000004,
    "266": 451.26968750000003,
    "267": 452.0496875,
    "268": 452.76968750000003,
    "269": 453.5696875,
    "270": 454.2923958333334,
    "271": 454.98052083333334,
    "272": 455.7496875,
    "273": 456.6096875,
    "274": 457.34942708333335,
    "275": 458.1896875,
    "276": 458.92040625,
    "277": 459.8496875,
    "278": 460.49916666666667,
    "279": 461.44968750000004,
    "280": 462.1637708333334,
    "281": 463.1096875,
    "282": 463.85645833333336,