{
    "1": 0.020000000000001572,
    "2": 1.544000000000001,
    "3": 3.83,
    "4": 5.1,
    "5": 8.745,
    "6": 10.025,
    "7": 12.02175,
    "8": 13.094999999999999,
    "9": 14.594999999999999,
    "10": 15.834999999999999,
    "11": 16.835,
    "12": 17.872500000000002,
    "13": 21.372500000000002,
    "14": 24.924999999999997,
    "15": 25.985,
    "16": 26.985,
    "17": 28.104999999999997,
    "18": 29.355,
    "19": 30.355,
    "20": 32.15475,
    "21": 32.805,
    "22": 33.885,
    "23": 35.57,
    "24": 36.585,
    "25": 42.86593750000001,
    "26": 44.827291666666675,
    "27": 46.985937500000006,
    "28": 48.50156250000004,
    "29": 49.90593750000001,
    "30": 51.552291666666676,
    "31": 56.338750000000005,
    "32": 58.01229166666667,
    "33": 59.783437500000005,
    "34": 61.05729166666667,
    "35": 61.35371875,
    "36": 62.30729166666667,
    "37": 65.58645833333335,
    "38": 71.08729166666667,
    "39": 72.83729166666667,
    "40": 74.89729166666667,
    "41": 77.47729166666667,
    "42": 78.89229166666667,
    "43": 81.43458333333335,
    "44": 83.03132291666667,
    "45": 84.43729166666667,
    "46": 85.69229166666668,
    "47": 87.68729166666668,
    "48": 89.6434375,
    "49": 91.03864583333333,
    "50": 92.20248958333333,
    "51": 93.12072916666668,
    "52": 94.12072916666668,
    "53": 95.22072916666667,
    "54": 98.04072916666668,
    "55": 99.04072916666668,
    "56": 100.44072916666667,
    "57": 101.92072916666667,
    "58": 103.23145833333334,
    "59": 104.33145833333333,
    "60": 105.37145833333334,
    "61": 106.41145833333334,
    "62": 110.43833333333333,
    "63": 111.70895833333333,
    "64": 113.55895833333334,
    "65": 114.83447916666667,
    "66": 119.58875,
    "67": 120.99395833333332,
    "68": 125.83395833333333,
    "69": 127.0959375,
    "70": 128.73395833333333,
    "71": 131.31395833333335,
    "72": 133.62395833333332,
    "73": 134.64395833333333,
    "74": 136.15593750000002,
    "75": 139.49593750000003,
    "76": 141.6907291666667,
    "77": 144.5559375,
    "78": 146.38395833333334,
    "79": 149.04781250000002,
    "80": 152.1759375,
    "81": 153.2759375,
    "82": 155.13395833333334,
    "83": 156.3375,
    "84": 158.77395833333333,
    "85": 161.71145833333333,
    "86": 162.67145833333333,
    "87": 163.87145833333335,
    "88": 164.91145833333334,
    "89": 166.08145833333336,
    "90": 167.08145833333336,
    "91": 167.90145833333335,
    "92": 168.90145833333335,
    "93": 169.72916666666666,
    "94": 169.97634375,
    "95": 171.506875,
    "96": 172.02281250000001,
    "97": 174.07572916666666,
    "98": 175.56947916666664,
    "99": 176.81572916666667,
    "100": 178.99572916666665,
    "101": 180.22145833333332,
    "102": 181.48145833333334,
    "103": 182.63666666666663,
    "104": 184.57572916666666,
    "105": 185.78145833333332,
    "106": 186.78145833333332,
    "107": 188.04145833333334,
    "108": 189.04145833333334,
    "109": 190.02145833333333,
    "110": 191.00145833333332,
    "111": 192.00145833333332,
    "112": 193.48145833333334,
    "113": 195.58145833333333,
    "114": 197.08145833333333,
    "115": 199.3496875,
    "116": 200.25888541666666,
    "117": 201.0896875,
    "118": 202.0896875,
    "119": 203.76645833333333,
    "120": 205.45614583333332,
    "121": 211.82645833333333,
    "122": 213.71010416666664,
    "123": 217.5875,
    "124": 219.8696875,
    "125": 221.32645833333333,
    "126": 222.88968749999998,
    "127": 229.53291666666667,
    "128": 232.78968749999999,
    "129": 234.34645833333335,
    "130": 235.6896875,
    "131": 237.01521874999997,
    "132": 237.4896875,
    "133": 238.46645833333332,
    "134": 239.36322916666666,
    "135": 240.40903125,
    "136": 241.65645833333332,
    "137": 242.9096875,
    "138": 244.11645833333333,
    "139": 245.211875,
    "140": 246.15645833333332,
    "141": 248.0073958333333,
    "142": 249.27645833333332,
    "143": 250.0901875,
    "144": 250.55264583333334,
    "145": 251.48645833333333,
    "146": 252.56645833333334,
    "147": 253.56645833333334,
    "148": 254.60645833333334,
    "149": 255.56645833333334,
    "150": 256.27187499999997,
    "151": 256.9264583333333,
    "152": 257.9264583333333,
    "153": 258.88645833333334,
    "154": 259.78359374999997,
    "155": 260.1664583333333,
    "156": 261.131875,
    "157": 262.18645833333335,
    "158": 263.2264583333333,
    "159": 264.3664583333333,
    "160": 264.85172916666664,
    "161": 265.04859374999995,
    "162": 265.6464583333333,
    "163": 266.6664583333333,
    "164": 267.62645833333335,
    "165": 268.62645833333335,
    "166": 269.62645833333335,
    "167": 270.62645833333335,
    "168": 271.6064583333333,
    "169": 272.50645833333334,
    "170": 273.4264583333333,
    "171": 274.4264583333333,
    "172": 276.24375,
    "173": 277.94645833333334,
    "174": 278.94645833333334,
    "175": 279.94645833333334,
    "176": 281.6064583333333,
    "177": 282.6064583333333,
    "178": 283.56582291666666,
    "179": 284.5464583333333,
    "180": 285.18645833333335,
    "181": 286.0264583333333,
    "182": 287.30645833333335,
    "183": 289.82645833333333,
    "184": 291.06645833333334,
    "185": 292.1464583333333,
    "186": 295.6064583333333,
    "187": 296.8664583333333,
    "188": 297.8664583333333,
    "189": 298.8664583333333,
    "190": 299.8664583333333,
    "191": 300.8664583333333,
    "192": 301.8664583333333,
    "193": 302.9864583333333,
    "194": 303.88645833333334,
    "195": 304.88645833333334,
    "196": 305.9064583333333,
    "197": 306.8664583333333,
    "198": 308.00645833333334,
    "199": 309.00645833333334,
    "200": 309.9064583333333,
    "201": 310.88916666666665,
    "202": 311.88645833333334,
    "203": 312.88645833333334,
    "204": 313.88645833333334,
    "205": 315.14375,
    "206": 316.44645833333334,
    "207": 317.44645833333334,
    "208": 318.44645833333334,
    "209": 320.28645833333337,
    "210": 321.54645833333336,
    "211": 322.54645833333336,
    "212": 323.7064583333334,
    "213": 324.7064583333334,
    "214": 326.12645833333335,
    "215": 327.12645833333335,
    "216": 328.12645833333335,
    "217": 329.50645833333334,
    "218": 330.76645833333333,
    "219": 331.77187499999997,
    "220": 332.68645833333335,
    "221": 333.68645833333335,
    "222": 334.53851041666667,
    "223": 335.5264583333334,
    "224": 336.32645833333333,
    "225": 337.151875,
    "226": 337.94645833333334,
    "227": 338.83951041666666,
    "228": 338.8850729166667,
    "229": 339.24645833333335,
    "230": 340.24645833333335,
    "231": 341.22645833333337,
    "232": 342.18149999999997,
    "233": 343.0864583333334,
    "234": 344.0864583333334,
    "235": 345.0864583333334,
    "236": 346.10645833333336,
    "237": 347.12645833333335,
    "238": 348.12645833333335,
    "239": 349.12645833333335,
    "240": 350.12645833333335,
    "241": 351.12645833333335,
    "242": 352.12645833333335,
    "243": 353.00645833333334,
    "244": 354.04822916666666,
    "245": 355.04822916666666,
    "246": 356.2896875,
    "247": 357.2896875,
    "248": 358.27671875000004,
    "249": 359.45666666666676,
    "250": 361.0269791666667,
    "251": 362.0296875,
    "252": 363.3696875,
    "253": 366.44968750000004,
    "254": 368.615625,
    "255": 370.31822916666675,
    "256": 372.6696875,
    "257": 374.0826041666667,
    "258": 375.1296875,
    "259": 376.6069791666667,
    "260": 377.6269791666667,
    "261": 378.9096875,
    "262": 381.0696875,
    "263": 383.0096875,
    "264": 384.0096875,
    "265": 385.1496875,
    "266": 385.97578125,
    "267": 386.3096875,
    "268": 388.1723958333334,
    "269": 390.44968750000004,
    "270": 391.88968750000004,
    "271": 393.1896875,
    "272": 394.6014583333335,
    "273": 396.1496875,
    "274": 397.6496875,
    "275": 398.82968750000003,
    "276": 400.0096875,
    "277": 401.13072916666675,
    "278": 402.5496875,
    "279": 403.8096875,
    "280": 404.8702083333334,