{
    "1": 6.559999999999998,
    "2": 10.027999999999999,
    "3": 15.23,
    "4": 18.12,
    "5": 23.45,
    "6": 26.360000000000003,
    "7": 31.555000000000003,
    "8": 35.015,
    "9": 44.235,
    "10": 46.49,
    "11": 49.434999999999995,
    "12": 52.042500000000004,
    "13": 53.8925,
    "14": 56.25,
    "15": 58.214999999999996,
    "16": 60.26,
    "17": 62.285,
    "18": 64.245,
    "19": 65.735,
    "20": 68.635,
    "21": 70.355,
    "22": 72.555,
    "23": 74.545,
    "24": 76.605,
    "25": 87.62031250000001,
    "26": 90.11604166666667,
    "27": 93.10593750000001,
    "28": 95.14343750000002,
    "29": 96.79468750000001,
    "30": 99.59229166666667,
    "31": 101.65229166666667,
    "32": 103.05229166666668,
    "33": 105.2834375,
    "34": 107.35729166666667,
    "35": 109.03729166666668,
    "36": 110.95312500000001,
    "37": 112.87729166666666,
    "38": 114.54729166666668,
    "39": 116.13437499999999,
    "40": 117.67729166666668,
    "41": 119.95729166666668,
    "42": 121.59500000000003,
    "43": 123.36729166666667,
    "44": 124.74229166666667,
    "45": 126.62875000000001,
    "46": 128.24333333333334,
    "47": 129.93458333333334,
    "48": 131.76552083333337,
    "49": 133.78447916666667,
    "50": 136.47864583333333,
    "51": 138.05302083333333,
    "52": 139.40072916666665,
    "53": 141.20145833333333,
    "54": 142.98072916666666,
    "55": 144.32072916666667,
    "56": 145.516875,
    "57": 146.8453125,
    "58": 149.31375,
    "59": 150.33145833333333,
    "60": 152.04291666666668,
    "61": 153.49145833333333,
    "62": 160.03729166666665,
    "63": 161.92895833333333,
    "64": 166.3775,
    "65": 168.23447916666666,
    "66": 173.44395833333334,
    "67": 176.12875,
    "68": 180.83395833333333,
    "69": 186.75593750000002,
    "70": 188.97395833333334,
    "71": 191.3575,
    "72": 193.40395833333332,
    "73": 195.08708333333337,
    "74": 198.6359375,
    "75": 200.4159375,
    "76": 202.0903125,
    "77": 203.63739583333336,
    "78": 206.28395833333335,
    "79": 209.42385416666667,
    "80": 212.52947916666668,
    "81": 214.9559375,
    "82": 218.11395833333333,
    "83": 219.43395833333335,
    "84": 220.49395833333332,
    "85": 229.31104166666668,
    "86": 231.73604166666667,
    "87": 234.5675,
    "88": 236.15375,
    "89": 238.74145833333336,
    "90": 240.25041666666667,
    "91": 242.86145833333336,
    "92": 244.6629166666667,
    "93": 246.83041666666668,
    "94": 248.8897916666667,
    "95": 252.93666666666667,
    "96": 255.59145833333335,
    "97": 259.57572916666663,
    "98": 261.31572916666664,
    "99": 263.0357291666666,
    "100": 264.99572916666665,
    "101": 267.4660416666666,
    "102": 269.1014583333333,
    "103": 270.804375,
    "104": 274.70947916666665,
    "105": 277.7814583333333,
    "106": 280.06604166666665,
    "107": 284.2814583333333,
    "108": 287.9814583333333,
    "109": 290.29812499999997,
    "110": 292.8197916666667,
    "111": 295.48604166666667,
    "112": 298.12145833333335,
    "113": 304.36749999999995,
    "114": 306.50145833333335,
    "115": 317.12093749999997,
    "116": 318.4096875,
    "117": 319.4296875,
    "118": 320.3778125,
    "119": 321.7864583333333,
    "120": 323.26968750000003,
    "121": 324.5545833333333,
    "122": 325.97144791666665,
    "123": 327.235125,
    "124": 328.5496875,
    "125": 329.70645833333333,
    "126": 331.0536041666667,
    "127": 332.192625,
    "128": 333.4378125,
    "129": 334.6664583333333,
    "130": 335.94634375000004,
    "131": 337.08821875,
    "132": 338.32968750000003,
    "133": 339.3464583333333,
    "134": 340.5496875,
    "135": 341.62645833333335,
    "136": 342.75645833333334,
    "137": 344.6696875,
    "138": 345.8764583333333,
    "139": 347.1464583333333,
    "140": 348.3564583333333,
    "141": 349.6096875,
    "142": 350.7164583333333,
    "143": 351.9064583333333,
    "144": 352.9064583333333,
    "145": 353.7864583333333,
    "146": 354.80645833333335,
    "147": 355.79291666666666,
    "148": 356.8183333333333,
    "149": 357.74645833333335,
    "150": 358.80104166666666,
    "151": 359.7864583333333,
    "152": 360.68645833333335,
    "153": 361.5864583333333,
    "154": 362.55176041666664,
    "155": 363.3464583333333,
    "156": 364.31446875,
    "157": 365.1064583333333,
    "158": 366.0372916666667,
    "159": 366.8664583333333,
    "160": 367.75810416666667,
    "161": 368.5464583333333,
    "162": 369.4178125,
    "163": 370.2264583333333,
    "164": 371.0491666666667,
    "165": 371.8464583333333,
    "166": 372.57769791666664,
    "167": 373.4064583333333,
    "168": 374.1664583333333,
    "169": 374.9091666666667,
    "170": 375.82916666666665,
    "171": 376.94645833333334,
    "172": 379.47291666666666,
    "173": 381.45020833333336,
    "174": 383.00645833333334,
    "175": 384.24645833333335,
    "176": 385.2264583333333,
    "177": 386.00916666666666,
    "178": 386.690375,
    "179": 387.62645833333335,
    "180": 388.4264583333333,
    "181": 389.1464583333333,
    "182": 389.8345833333333,
    "183": 390.571875,
    "184": 391.30645833333335,
    "185": 392.03011458333333,
    "186": 392.8664583333333,
    "187": 393.8664583333333,
    "188": 394.5581041666667,
    "189": 395.28063541666666,
    "190": 395.95446875,
    "191": 396.82645833333333,
    "192": 397.2981041666667,
    "193": 398.02781250000004,
    "194": 398.6659375,
    "195": 399.4745833333333,
    "196": 400.30645833333335,
    "197": 401.06645833333334,
    "198": 401.80645833333335,
    "199": 402.4529583333333,
    "200": 403.15458333333333,
    "201": 403.9264583333333,
    "202": 404.5745833333333,
    "203": 405.431875,
    "204": 406.2864583333333,
    "205": 406.91377083333333,
    "206": 407.7770625,
    "207": 408.43879166666665,
    "208": 409.12864583333334,
    "209": 409.89011458333334,
    "210": 410.7086458333333,
    "211": 411.32645833333333,
    "212": 412.22645833333337,
    "213": 412.98645833333336,
    "214": 413.71553125,
    "215": 414.60645833333336,
    "216": 415.3129583333333,
    "217": 416.11255208333336,
    "218": 416.71348958333334,
    "219": 417.4664583333334,
    "220": 418.24645833333335,
    "221": 419.13458333333335,
    "222": 420.00645833333334,
    "223": 420.92645833333336,
    "224": 421.78645833333337,
    "225": 422.68916666666667,
    "226": 423.68645833333335,
    "227": 424.9664583333334,
    "228": 426.38645833333334,
    "229": 427.60645833333336,
    "230": 428.68645833333335,
    "231": 429.68645833333335,
    "232": 430.5770625,
    "233": 431.30375000000004,
    "234": 432.1068020833333,
    "235": 433.0291666666667,
    "236": 434.0864583333334,
    "237": 434.89510416666667,
    "238": 435.74645833333335,
    "239": 436.5468020833333,
    "240": 437.27810416666665,
    "241": 437.91769791666667,
    "242": 438.8010416666667,
    "243": 439.60645833333336,
    "244": 441.54822916666666,
    "245": 444.2082291666667,
    "246": 445.7296875,
    "247": 449.0036354166667,
    "248": 449.72484375000005,
    "249": 450.6696875,
    "250": 451.7896875,
    "251": 452.41507291666665,
    "252": 453.1896875,
    "253": 453.80052083333334,
    "254": 454.53645833333337,
    "255": 455.5761458333334,
    "256": 456.70968750000003,
    "257": 457.8514479166667,
    "258": 458.9296875,
    "259": 460.05614583333335,
    "260": 461.32968750000003,
    "261": 462.3096875,
    "262": 463.12386458333333,
    "263": 464.0496875,
    "264": 464.7896875,
    "265": 465.51239583333336,
    "266": 466.3654791666667,
    "267": 467.1296875,
    "268": 467.97456250000005,
    "269": 468.69251041666666,
    "270": 469.4696875,
    "271": 470.1910416666667,
    "272": 470.9096875,
    "273": 471.6551041666667,
    "274": 472.5096875,
    "275": 473.1295104166666,
    "276": 473.89671875000005,
    "277": 474.7723958333334,
    "278": 475.6351041666667,
    "279": 476.37916666666666,
    "280": 477.26968750000003,
    "281": 478.1096875,
    "282": 479.0096875,