{
    "1": 9.00000000000001,
    "2": 11.868000000000007,
    "3": 16.17,
    "4": 18.56,
    "5": 24.314999999999998,
    "6": 25.745,
    "7": 33.725,
    "8": 35.375,
    "9": 46.849999999999994,
    "10": 49.735,
    "11": 52.82,
    "12": 54.825,
    "13": 56.1725,
    "14": 58.01,
    "15": 60.15,
    "16": 61.675,
    "17": 63.025,
    "18": 64.275,
    "19": 65.74499999999999,
    "20": 67.815,
    "21": 69.087,
    "22": 70.33,
    "23": 71.52499999999999,
    "24": 73.005,
    "25": 83.31781250000002,
    "26": 85.35604166666668,
    "27": 87.96593750000001,
    "28": 89.91072916666673,
    "29": 92.62322916666668,
    "30": 95.1152083333334,
    "31": 97.81229166666667,
    "32": 100.05166666666668,
    "33": 103.07989583333334,
    "34": 107.09729166666668,
    "35": 108.09729166666668,
    "36": 111.04875000000001,
    "37": 112.67729166666668,
    "38": 114.18729166666668,
    "39": 116.03729166666668,
    "40": 117.48864583333334,
    "41": 119.07729166666667,
    "42": 120.90458333333335,
    "43": 122.79020833333334,
    "44": 124.59166666666667,
    "45": 126.53729166666668,
    "46": 128.20333333333335,
    "47": 130.14875,
    "48": 132.12697916666667,
    "49": 133.55437500000002,
    "50": 136.69864583333333,
    "51": 137.96072916666665,
    "52": 139.46145833333335,
    "53": 141.12072916666665,
    "54": 142.86072916666666,
    "55": 144.74072916666665,
    "56": 147.38177083333335,
    "57": 150.40072916666665,
    "58": 152.85145833333334,
    "59": 154.05145833333333,
    "60": 155.05833333333334,
    "61": 158.6275,
    "62": 167.31604166666665,
    "63": 168.90895833333335,
    "64": 173.616875,
    "65": 175.27447916666668,
    "66": 179.18625,
    "67": 180.63395833333334,
    "68": 182.57395833333334,
    "69": 183.7359375,
    "70": 185.17395833333333,
    "71": 187.55395833333333,
    "72": 189.12395833333332,
    "73": 190.34395833333332,
    "74": 192.1959375,
    "75": 193.73833333333334,
    "76": 194.8359375,
    "77": 196.2503125,
    "78": 197.92395833333333,
    "79": 200.02625,
    "80": 202.43593750000002,
    "81": 204.0559375,
    "82": 205.37395833333335,
    "83": 206.49395833333332,
    "84": 208.16875,
    "85": 213.65604166666665,
    "86": 215.61145833333333,
    "87": 216.88583333333335,
    "88": 218.17145833333333,
    "89": 219.64145833333336,
    "90": 220.66145833333334,
    "91": 222.12145833333335,
    "92": 223.042125,
    "93": 224.19145833333334,
    "94": 225.33145833333333,
    "95": 227.11145833333333,
    "96": 228.13145833333334,
    "97": 230.39572916666665,
    "98": 231.63572916666666,
    "99": 232.45572916666666,
    "100": 233.53572916666667,
    "101": 235.02145833333333,
    "102": 236.02145833333333,
    "103": 237.02145833333333,
    "104": 238.99572916666665,
    "105": 240.20145833333333,
    "106": 241.176875,
    "107": 242.6014583333333,
    "108": 243.72145833333332,
    "109": 246.20145833333333,
    "110": 248.76145833333334,
    "111": 249.85979166666664,
    "112": 251.66145833333331,
    "113": 254.86145833333333,
    "114": 259.3752083333333,
    "115": 264.8496875,
    "116": 265.81510416666663,
    "117": 266.7280729166667,
    "118": 267.6096875,
    "119": 268.8664583333333,
    "120": 270.18807291666667,
    "121": 271.4064583333333,
    "122": 272.69671874999995,
    "123": 273.991875,
    "124": 275.3496875,
    "125": 276.61822916666665,
    "126": 278.0096875,
    "127": 279.18645833333335,
    "128": 280.6896875,
    "129": 281.9691666666667,
    "130": 283.24547916666666,
    "131": 284.5464583333333,
    "132": 285.6323958333333,
    "133": 286.7953333333333,
    "134": 288.1696875,
    "135": 289.3464583333333,
    "136": 290.3764583333333,
    "137": 292.1696875,
    "138": 293.3964583333333,
    "139": 294.7864583333333,
    "140": 296.07645833333333,
    "141": 297.44968750000004,
    "142": 298.6564583333333,
    "143": 300.03833333333336,
    "144": 301.06374999999997,
    "145": 302.1610416666667,
    "146": 303.2010416666667,
    "147": 304.22375,
    "148": 305.2264583333333,
    "149": 306.26645833333333,
    "150": 307.24645833333335,
    "151": 308.24645833333335,
    "152": 309.17112499999996,
    "153": 310.00645833333334,
    "154": 310.9664583333333,
    "155": 311.7864583333333,
    "156": 312.6345833333333,
    "157": 313.4145833333333,
    "158": 314.21553125,
    "159": 315.0678125,
    "160": 316.0864583333333,
    "161": 317.00645833333334,
    "162": 318.00645833333334,
    "163": 318.6672604166667,
    "164": 319.62645833333335,
    "165": 320.4664583333333,
    "166": 321.4664583333333,
    "167": 322.4664583333333,
    "168": 323.4264583333333,
    "169": 324.4264583333333,
    "170": 325.910625,
    "171": 327.0464583333333,
    "172": 328.5864583333333,
    "173": 329.76645833333333,
    "174": 330.76645833333333,
    "175": 331.7210416666667,
    "176": 332.88645833333334,
    "177": 334.00645833333334,
    "178": 335.0864583333333,
    "179": 336.1064583333333,
    "180": 337.0464583333333,
    "181": 338.0264583333333,
    "182": 339.00645833333334,
    "183": 340.06645833333334,
    "184": 341.0264583333333,
    "185": 341.94645833333334,
    "186": 342.94645833333334,
    "187": 345.0464583333333,
    "188": 346.18916666666667,
    "189": 347.0464583333333,
    "190": 347.8664583333333,
    "191": 348.835625,
    "192": 349.8464583333333,
    "193": 350.5464583333333,
    "194": 351.3464583333333,
    "195": 352.2864583333333,
    "196": 353.70645833333333,
    "197": 354.7010416666667,
    "198": 355.6464583333333,
    "199": 356.6064583333333,
    "200": 357.5864583333333,
    "201": 358.4864583333333,
    "202": 359.38645833333334,
    "203": 360.30375,
    "204": 361.26645833333333,
    "205": 362.1491666666667,
    "206": 363.06645833333334,
    "207": 363.88645833333334,
    "208": 364.81521875,
    "209": 365.6464583333334,
    "210": 366.48311458333336,
    "211": 367.41562500000003,
    "212": 368.3078125,
    "213": 369.16645833333337,
    "214": 369.9664583333334,
    "215": 370.82645833333333,
    "216": 371.62645833333335,
    "217": 372.43879166666665,
    "218": 373.2891666666667,
    "219": 374.24645833333335,
    "220": 375.26645833333333,
    "221": 376.1464583333334,
    "222": 376.9091666666667,
    "223": 377.81011458333336,
    "224": 378.60645833333336,
    "225": 379.44645833333334,
    "226": 380.18645833333335,
    "227": 381.4533333333335,
    "228": 382.66645833333337,
    "229": 383.74645833333335,
    "230": 384.74645833333335,
    "231": 385.9745833333334,
    "232": 386.7328229166667,
    "233": 387.48645833333336,
    "234": 388.22645833333337,
    "235": 389.2891666666667,
    "236": 390.4064583333334,
    "237": 391.3678125,
    "238": 392.24645833333335,
    "239": 393.1615,
    "240": 393.90781250000003,
    "241": 394.6917604166667,
    "242": 395.44645833333334,
    "243": 396.44645833333334,
    "244": 397.7482291666667,
    "245": 401.4282291666667,
    "246": 403.0896875,
    "247": 406.2496875,
    "248": 407.3096875,
    "249": 408.0496875,
    "250": 408.8496875,
    "251": 409.5323958333334,
    "252": 410.2896875,
    "253": 410.91375000000005,
    "254": 411.5896875,
    "255": 412.20968750000003,
    "256": 412.9195416666667,
    "257": 413.7469791666667,
    "258": 414.6496875,
    "259": 416.1096875,
    "260": 417.76968750000003,
    "261": 418.97833333333335,
    "262": 420.0896875,
    "263": 421.0896875,
    "264": 422.1896875,
    "265": 423.1896875,
    "266": 424.32968750000003,
    "267": 425.6296875,
    "268": 426.6096875,
    "269": 427.39671875000005,
    "270": 428.1723958333334,
    "271": 429.0323958333334,
    "272": 429.8696875,
    "273": 430.6436354166667,
    "274": 431.4751041666667,
    "275": 432.6696875,
    "276": 433.53104166666674,
    "277": 434.5096875,
    "278": 435.2496875,
    "279": 436.03334375000003,
    "280": 436.8351041666667,
    "281": 437.6096875,
    "282": 438.3323958333334,
    "283": 439.30156250000005,