{
    "1": 4.819999999999997,
    "2": 8.659999999999998,
    "3": 14.42,
    "4": 17.62,
    "5": 26.794999999999998,
    "6": 29.465000000000007,
    "7": 38.045,
    "8": 42.305,
    "9": 53.615,
    "10": 56.235,
    "11": 58.695,
    "12": 61.21,
    "13": 63.2725,
    "14": 66.21,
    "15": 68.44,
    "16": 70.945,
    "17": 73.225,
    "18": 75.25500000000001,
    "19": 76.915,
    "20": 79.88000000000001,
    "21": 82.295,
    "22": 84.615,
    "23": 86.225,
    "24": 88.545,
    "25": 102.77468750000001,
    "26": 106.65062500000003,
    "27": 110.88322916666667,
    "28": 113.2059375,
    "29": 114.59739583333334,
    "30": 117.55125000000005,
    "31": 119.93229166666667,
    "32": 122.27229166666667,
    "33": 124.76343750000001,
    "34": 127.09729166666668,
    "35": 129.27729166666666,
    "36": 131.5716666666667,
    "37": 133.79729166666667,
    "38": 135.54729166666667,
    "39": 136.794375,
    "40": 138.07372916666668,
    "41": 140.03729166666668,
    "42": 141.41229166666668,
    "43": 142.73020833333334,
    "44": 144.12229166666665,
    "45": 145.40875,
    "46": 146.72520833333334,
    "47": 148.12729166666668,
    "48": 149.5951041666667,
    "49": 152.29864583333332,
    "50": 154.76156250000003,
    "51": 156.52072916666665,
    "52": 158.076875,
    "53": 160.50072916666667,
    "54": 162.14072916666666,
    "55": 164.26072916666666,
    "56": 166.48531250000002,
    "57": 167.9053125,
    "58": 171.77437500000002,
    "59": 176.44062499999998,
    "60": 181.62979166666668,
    "61": 183.3475,
    "62": 193.91187499999998,
    "63": 197.12895833333334,
    "64": 205.42958333333334,
    "65": 209.01447916666666,
    "66": 216.44937500000003,
    "67": 220.575,
    "68": 228.02645833333332,
    "69": 234.5303125,
    "70": 237.05395833333333,
    "71": 239.59395833333335,
    "72": 241.6775,
    "73": 243.44395833333334,
    "74": 247.6759375,
    "75": 249.53593750000002,
    "76": 251.2975,
    "77": 253.93593750000002,
    "78": 255.81270833333335,
    "79": 259.1407291666667,
    "80": 262.5013541666667,
    "81": 264.81593749999996,
    "82": 270.0939583333333,
    "83": 271.58875,
    "84": 272.8739583333333,
    "85": 280.1927083333333,
    "86": 282.9160416666667,
    "87": 284.85270833333334,
    "88": 287.33145833333333,
    "89": 290.09333333333336,
    "90": 292.20145833333333,
    "91": 294.48604166666667,
    "92": 296.3860416666667,
    "93": 298.2422916666667,
    "94": 301.71500000000003,
    "95": 306.67145833333336,
    "96": 308.83145833333333,
    "97": 315.13572916666664,
    "98": 317.29572916666666,
    "99": 318.8357291666666,
    "100": 321.17572916666666,
    "101": 324.19062499999995,
    "102": 325.9152083333333,
    "103": 328.0352083333333,
    "104": 332.6003125,
    "105": 334.70145833333333,
    "106": 340.124375,
    "107": 344.76604166666664,
    "108": 350.7414583333333,
    "109": 353.7541666666665,
    "110": 356.9206249999999,
    "111": 361.58145833333333,
    "112": 364.4214583333333,
    "113": 373.1983333333333,
    "114": 378.24416666666644,
    "115": 386.1896875,
    "116": 392.94968750000004,
    "117": 393.69835416666666,
    "118": 394.4049583333333,
    "119": 395.62645833333335,
    "120": 396.8696875,
    "121": 397.99533333333335,
    "122": 399.20213541666664,
    "123": 400.13620833333334,
    "124": 401.3096875,
    "125": 402.0936354166667,
    "126": 403.21578125,
    "127": 404.4064583333333,
    "128": 405.5723958333333,
    "129": 406.5699166666667,
    "130": 407.6896875,
    "131": 408.5799895833333,
    "132": 409.75364583333334,
    "133": 410.74645833333335,
    "134": 411.950375,
    "135": 412.9864583333333,
    "136": 413.7964583333333,
    "137": 414.8383541666667,
    "138": 415.881875,
    "139": 416.97521875,
    "140": 418.07645833333333,
    "141": 419.1836354166666,
    "142": 420.1764583333333,
    "143": 421.40479166666665,
    "144": 422.1664583333333,
    "145": 423.0464583333333,
    "146": 423.98104166666667,
    "147": 424.8329166666667,
    "148": 425.76645833333333,
    "149": 426.74645833333335,
    "150": 427.62104166666666,
    "151": 428.4049583333333,
    "152": 429.2864583333333,
    "153": 430.18645833333335,
    "154": 431.17521875,
    "155": 432.0264583333333,
    "156": 432.89119791666667,
    "157": 433.7864583333333,
    "158": 434.77348958333334,
    "159": 435.5864583333333,
    "160": 436.4664583333333,
    "161": 437.4664583333333,
    "162": 438.20645833333333,
    "163": 439.06645833333334,
    "164": 439.9864583333333,
    "165": 440.7264583333333,
    "166": 440.86986458333337,
    "167": 440.931875,
    "168": 441.2864583333333,
    "169": 441.77902083333333,
    "170": 441.94645833333334,
    "171": 443.03291666666667,
    "172": 444.26645833333333,
    "173": 445.18645833333335,
    "174": 446.06645833333334,
    "175": 446.94645833333334,
    "176": 447.80645833333335,
    "177": 448.62645833333335,
    "178": 449.4264583333333,
    "179": 450.1901145833333,
    "180": 450.9864583333333,
    "181": 451.7864583333333,
    "182": 452.5464583333333,
    "183": 453.3664583333333,
    "184": 454.1064583333333,
    "185": 454.88645833333334,
    "186": 455.5705208333333,
    "187": 456.37078125,
    "188": 457.12645833333335,
    "189": 457.9064583333333,
    "190": 458.6464583333333,
    "191": 459.2578125,
    "192": 460.03011458333333,
    "193": 460.7864583333333,
    "194": 461.5264583333333,
    "195": 462.2725520833333,
    "196": 463.0478125,
    "197": 463.80645833333335,
    "198": 464.41295833333334,
    "199": 465.1091666666667,
    "200": 465.76645833333333,
    "201": 466.53446875000003,
    "202": 467.12645833333335,
    "203": 467.88645833333334,
    "204": 468.6664583333333,
    "205": 469.26645833333333,
    "206": 469.9951041666667,
    "207": 470.5864583333333,
    "208": 471.35780208333335,
    "209": 471.9664583333334,
    "210": 472.34853125,
    "211": 473.2891666666667,
    "212": 474.0264583333334,
    "213": 474.72645833333337,
    "214": 475.38322916666664,
    "215": 476.10645833333336,
    "216": 476.76198958333333,
    "217": 477.45026041666665,
    "218": 478.10420833333336,
    "219": 478.78645833333337,
    "220": 479.46052083333336,
    "221": 480.9064583333334,
    "222": 481.68645833333335,
    "223": 483.22375000000005,
    "224": 484.0864583333334,
    "225": 485.66645833333337,
    "226": 486.74645833333335,
    "227": 488.92520833333344,
    "228": 490.18645833333335,
    "229": 491.32645833333333,
    "230": 492.0864583333334,
    "231": 493.0264583333334,
    "232": 493.88645833333334,
    "233": 494.61833333333334,
    "234": 495.40278125,
    "235": 496.12040625000003,
    "236": 496.79151041666665,
    "237": 497.45295833333336,
    "238": 498.16236458333333,
    "239": 498.8570625,
    "240": 499.4972916666667,
    "241": 500.19469791666666,
    "242": 500.90052083333336,
    "243": 501.491875,
    "244": 502.4682291666667,
    "245": 505.5682291666667,
    "246": 506.82968750000003,
    "247": 509.5751041666667,
    "248": 510.16390625,
    "249": 511.0296875,
    "250": 512.1896875000001,
    "251": 512.8784895833334,
    "252": 513.4987604166666,
    "253": 514.2110416666667,
    "254": 515.1383333333333,
    "255": 516.5020833333334,
    "256": 517.6496875,
    "257": 518.4696875000001,
    "258": 519.5896875000001,
    "259": 521.3696875,
    "260": 522.3896875,
    "261": 523.1351041666667,
    "262": 523.8009270833334,
    "263": 524.5296875,
    "264": 525.3236354166667,
    "265": 526.0151041666667,
    "266": 526.6898854166667,
    "267": 527.4523958333334,
    "268": 528.1351041666667,
    "269": 528.8065729166667,
    "270": 529.5012708333334,
    "271": 530.2296875000001,
    "272": 530.9376979166667,
    "273": 531.571125,
    "274": 532.3195416666667,
    "275": 533.0096875,
    "276": 533.7351041666667,
    "277": 535.1770625,
    "278": 536.0896875000001,
    "279": 537.6496875,
    "280": 538.5696875000001,
    "281": 540.2496875,
    "282": 541.2696875,