{
    "1": 0,
    "2": 3.324,
    "3": 8.58,
    "4": 11.5,
    "5": 15.95,
    "6": 19.26,
    "7": 23.365000000000002,
    "8": 26.535,
    "9": 34.5,
    "10": 36.75,
    "11": 38.86,
    "12": 40.6725,
    "13": 42.462500000000006,
    "14": 44.795,
    "15": 46.925,
    "16": 48.73,
    "17": 50.504999999999995,
    "18": 52.64000000000001,
    "19": 54.269999999999996,
    "20": 56.675000000000004,
    "21": 58.39,
    "22": 60.29,
    "23": 62.44,
    "24": 64.185,
    "25": 75.2659375,
    "26": 77.36958333333338,
    "27": 79.96593750000001,
    "28": 81.40614583333334,
    "29": 83.19218750000002,
    "30": 85.45312500000004,
    "31": 87.35229166666667,
    "32": 88.79229166666667,
    "33": 90.5034375,
    "34": 92.87729166666666,
    "35": 94.53729166666668,
    "36": 96.65750000000001,
    "37": 98.59729166666668,
    "38": 100.22729166666667,
    "39": 101.714375,
    "40": 103.08973958333333,
    "41": 104.65729166666667,
    "42": 106.13229166666667,
    "43": 107.54729166666668,
    "44": 108.72229166666666,
    "45": 110.08020833333335,
    "46": 111.37875000000001,
    "47": 112.78729166666668,
    "48": 113.9634375,
    "49": 115.83864583333333,
    "50": 117.67864583333333,
    "51": 118.95302083333334,
    "52": 120.14072916666667,
    "53": 121.48072916666668,
    "54": 122.72072916666667,
    "55": 124.02072916666667,
    "56": 125.18651041666668,
    "57": 126.36072916666667,
    "58": 127.77375,
    "59": 129.11145833333333,
    "60": 130.09145833333335,
    "61": 131.81145833333335,
    "62": 137.25895833333334,
    "63": 139.50895833333334,
    "64": 143.73770833333333,
    "65": 145.67447916666666,
    "66": 150.67854166666675,
    "67": 153.23395833333333,
    "68": 157.24729166666665,
    "69": 160.31593750000002,
    "70": 161.97395833333334,
    "71": 164.21395833333332,
    "72": 165.80395833333333,
    "73": 167.3975,
    "74": 170.5759375,
    "75": 172.15593750000002,
    "76": 173.5759375,
    "77": 175.2334375,
    "78": 177.56395833333332,
    "79": 180.47593750000001,
    "80": 183.303125,
    "81": 184.83875,
    "82": 186.27395833333333,
    "83": 188.01916666666665,
    "84": 189.06875,
    "85": 194.99604166666666,
    "86": 197.05375,
    "87": 198.55666666666667,
    "88": 200.13145833333334,
    "89": 202.69208333333336,
    "90": 204.10145833333334,
    "91": 206.37375,
    "92": 208.26145833333334,
    "93": 210.32125000000002,
    "94": 212.07604166666667,
    "95": 215.89145833333333,
    "96": 217.85145833333334,
    "97": 222.49572916666665,
    "98": 223.99572916666665,
    "99": 225.85572916666666,
    "100": 227.87572916666664,
    "101": 230.28145833333332,
    "102": 231.54145833333334,
    "103": 233.38604166666664,
    "104": 236.93572916666665,
    "105": 239.68145833333332,
    "106": 241.48145833333334,
    "107": 244.30145833333333,
    "108": 247.32749999999996,
    "109": 248.64145833333333,
    "110": 251.07354166666664,
    "111": 253.84145833333332,
    "112": 254.94145833333332,
    "113": 259.9968749999998,
    "114": 262.6614583333333,
    "115": 269.40260416666666,
    "116": 271.63251041666666,
    "117": 272.1659375,
    "118": 272.81510416666663,
    "119": 273.71052083333336,
    "120": 274.4801145833333,
    "121": 275.4016145833333,
    "122": 276.18386458333333,
    "123": 276.8761875,
    "124": 277.84841666666665,
    "125": 278.81176041666663,
    "126": 279.373375,
    "127": 280.2864583333333,
    "128": 281.11225,
    "129": 281.68645833333335,
    "130": 282.7896875,
    "131": 283.55607291666666,
    "132": 284.28859374999996,
    "133": 285.1317604166666,
    "134": 286.1496875,
    "135": 286.9264583333333,
    "136": 287.3387499999999,
    "137": 289.1296875,
    "138": 290.32916666666665,
    "139": 291.5210416666667,
    "140": 292.69645833333334,
    "141": 293.9696875,
    "142": 295.07645833333333,
    "143": 296.30645833333335,
    "144": 297.2864583333333,
    "145": 298.20645833333333,
    "146": 299.1464583333333,
    "147": 300.0864583333333,
    "148": 301.06645833333334,
    "149": 301.94645833333334,
    "150": 302.82645833333333,
    "151": 303.80645833333335,
    "152": 304.6700520833333,
    "153": 305.44645833333334,
    "154": 306.34420833333337,
    "155": 307.24375,
    "156": 308.1064583333333,
    "157": 308.9064583333333,
    "158": 309.82645833333333,
    "159": 310.6464583333333,
    "160": 311.6464583333333,
    "161": 312.38645833333334,
    "162": 313.38645833333334,
    "163": 314.20645833333333,
    "164": 315.12645833333335,
    "165": 315.9264583333333,
    "166": 316.89187499999997,
    "167": 317.6464583333333,
    "168": 318.5464583333333,
    "169": 319.835,
    "170": 320.88645833333334,
    "171": 322.24645833333335,
    "172": 324.80645833333335,
    "173": 326.06645833333334,
    "174": 327.12645833333335,
    "175": 328.06645833333334,
    "176": 328.9864583333333,
    "177": 329.88645833333334,
    "178": 330.7678125,
    "179": 331.68645833333335,
    "180": 332.5264583333333,
    "181": 333.34781250000003,
    "182": 334.211875,
    "183": 335.04821875,
    "184": 335.88645833333334,
    "185": 336.70781250000005,
    "186": 337.5891666666667,
    "187": 338.4664583333333,
    "188": 339.24645833333335,
    "189": 339.98702083333336,
    "190": 340.84052083333336,
    "191": 341.6664583333333,
    "192": 342.4664583333333,
    "193": 343.215125,
    "194": 344.04322916666666,
    "195": 344.82645833333333,
    "196": 345.62645833333335,
    "197": 346.3578125,
    "198": 347.131875,
    "199": 347.8664583333333,
    "200": 348.611875,
    "201": 349.3464583333333,
    "202": 350.06645833333334,
    "203": 350.8464583333333,
    "204": 351.55957291666664,
    "205": 352.30645833333335,
    "206": 353.0264583333333,
    "207": 353.76916666666665,
    "208": 354.4826875,
    "209": 355.2064583333334,
    "210": 355.89363541666665,
    "211": 356.68645833333335,
    "212": 357.33591666666666,
    "213": 357.97769791666667,
    "214": 358.76916666666665,
    "215": 359.57446875000005,
    "216": 360.13634375,
    "217": 360.83458333333334,
    "218": 361.611875,
    "219": 362.48645833333336,
    "220": 363.19390625,
    "221": 364.00645833333334,
    "222": 364.68458333333336,
    "223": 365.78645833333337,
    "224": 366.0864583333334,
    "225": 366.92645833333336,
    "226": 367.62645833333335,
    "227": 368.68750000000006,
    "228": 369.50645833333334,
    "229": 370.2478125,
    "230": 370.93458333333336,
    "231": 371.69322916666664,
    "232": 372.41052083333335,
    "233": 373.0264583333334,
    "234": 373.851875,
    "235": 374.50309375,
    "236": 375.17151041666665,
    "237": 375.92691666666667,
    "238": 376.5264583333334,
    "239": 377.20891666666665,
    "240": 377.88645833333334,
    "241": 378.5805208333333,
    "242": 379.38311458333334,
    "243": 380.03151041666666,
    "244": 381.2682291666667,
    "245": 384.8082291666667,
    "246": 386.3069791666667,
    "247": 389.6096875,
    "248": 390.4106666666667,
    "249": 391.0951041666667,
    "250": 391.80052083333334,
    "251": 392.53375000000005,
    "252": 393.2923958333334,
    "253": 394.0110416666667,
    "254": 394.7323958333334,
    "255": 395.4751041666667,
    "256": 396.2296875,
    "257": 397.1496875,
    "258": 398.1096875,
    "259": 399.0751041666667,
    "260": 399.88968750000004,
    "261": 400.6265729166667,
    "262": 401.3795416666667,
    "263": 402.0496875,
    "264": 402.82968750000003,
    "265": 403.5578125,
    "266": 404.32363541666666,
    "267": 405.01415625,
    "268": 405.69239583333336,
    "269": 406.3951041666667,
    "270": 407.1213333333333,
    "271": 407.85375000000005,
    "272": 408.5696875,
    "273": 409.2587604166667,
    "274": 410.0296875,
    "275": 410.72379166666667,
    "276": 411.40118750000005,
    "277": 412.1696875,
    "278": 412.8751041666667,
    "279": 413.5696875,
    "280": 414.27375000000006,
    "281": 415.0696875,
    "282": 415.77078125,
    "283": 416.4696875,