{
    "1": 1.44,
    "2": 4.224,
    "3": 8.4,
    "4": 10.72,
    "5": 14.935,
    "6": 16.745000000000008,
    "7": 22.25,
    "8": 24.895,
    "9": 32.575,
    "10": 34.395,
    "11": 35.91,
    "12": 38.097500000000004,
    "13": 39.3175,
    "14": 41.015,
    "15": 42.63,
    "16": 44.64,
    "17": 45.964999999999996,
    "18": 47.31,
    "19": 48.475,
    "20": 51.050000000000004,
    "21": 52.095,
    "22": 53.285000000000004,
    "23": 54.725,
    "24": 56.165,
    "25": 63.985937500000006,
    "26": 67.21500000000005,
    "27": 70.18593750000001,
    "28": 72.87468750000001,
    "29": 73.8915625,
    "30": 75.75437500000002,
    "31": 77.92333333333335,
    "32": 79.77229166666667,
    "33": 81.41140625000001,
    "34": 83.33729166666667,
    "35": 84.88875,
    "36": 87.08729166666667,
    "37": 88.97729166666667,
    "38": 90.66729166666667,
    "39": 92.04291666666667,
    "40": 93.41437499999999,
    "41": 95.46583333333334,
    "42": 97.06083333333336,
    "43": 98.82875,
    "44": 100.04229166666667,
    "45": 101.33729166666667,
    "46": 102.59229166666667,
    "47": 104.16729166666667,
    "48": 105.53156250000002,
    "49": 107.35864583333333,
    "50": 110.27864583333333,
    "51": 111.72072916666667,
    "52": 113.02072916666667,
    "53": 114.20072916666668,
    "54": 116.04072916666668,
    "55": 117.38072916666667,
    "56": 120.6653125,
    "57": 121.92072916666667,
    "58": 123.57145833333334,
    "59": 124.57145833333334,
    "60": 125.51145833333334,
    "61": 127.79145833333334,
    "62": 132.87666666666667,
    "63": 134.38895833333333,
    "64": 138.65645833333332,
    "65": 140.87447916666667,
    "66": 145.02395833333333,
    "67": 146.741875,
    "68": 151.37833333333333,
    "69": 155.78770833333337,
    "70": 158.07395833333334,
    "71": 160.38875,
    "72": 161.69764583333333,
    "73": 162.72395833333334,
    "74": 165.09593750000002,
    "75": 166.9159375,
    "76": 167.76867708333333,
    "77": 168.53593750000002,
    "78": 170.15187500000002,
    "79": 172.28635416666665,
    "80": 173.9559375,
    "81": 175.3559375,
    "82": 178.05395833333333,
    "83": 178.97177083333332,
    "84": 179.80875,
    "85": 187.74125,
    "86": 190.155,
    "87": 192.17145833333333,
    "88": 193.21145833333333,
    "89": 194.99375,
    "90": 197.00145833333335,
    "91": 198.80145833333336,
    "92": 199.94145833333334,
    "93": 201.19145833333334,
    "94": 202.39145833333333,
    "95": 205.27145833333333,
    "96": 207.13145833333334,
    "97": 211.69374999999997,
    "98": 212.99572916666665,
    "99": 214.09572916666664,
    "100": 215.66614583333322,
    "101": 218.0152083333333,
    "102": 219.44145833333332,
    "103": 220.6058333333333,
    "104": 223.07572916666666,
    "105": 225.24145833333333,
    "106": 228.36249999999993,
    "107": 232.02291666666665,
    "108": 235.80145833333333,
    "109": 237.56145833333332,
    "110": 238.96124999999998,
    "111": 241.3814583333333,
    "112": 242.94145833333332,
    "113": 247.87812499999995,
    "114": 251.090625,
    "115": 264.2296875,
    "116": 268.0296875,
    "117": 268.88968750000004,
    "118": 269.73510416666664,
    "119": 270.7864583333333,
    "120": 272.0525104166667,
    "121": 273.17151041666665,
    "122": 274.34040625,
    "123": 275.43318750000003,
    "124": 276.5896875,
    "125": 277.8025104166666,
    "126": 278.74322916666665,
    "127": 279.70645833333333,
    "128": 280.92052083333334,
    "129": 282.06645833333334,
    "130": 283.04547916666667,
    "131": 284.1464583333333,
    "132": 285.1496875,
    "133": 286.20645833333333,
    "134": 287.70968750000003,
    "135": 288.9264583333333,
    "136": 290.1764583333333,
    "137": 291.22115625000004,
    "138": 292.2964583333333,
    "139": 293.4152604166667,
    "140": 294.4364583333333,
    "141": 295.4923958333333,
    "142": 296.5180625,
    "143": 297.4064583333333,
    "144": 298.18821875,
    "145": 298.9864583333333,
    "146": 299.7678125,
    "147": 300.5264583333333,
    "148": 301.2501145833333,
    "149": 302.06645833333334,
    "150": 302.76916666666665,
    "151": 303.7264583333333,
    "152": 304.7005208333333,
    "153": 305.5864583333333,
    "154": 306.5864583333333,
    "155": 307.32645833333333,
    "156": 308.3078125,
    "157": 308.9864583333333,
    "158": 309.81769791666665,
    "159": 310.50916666666666,
    "160": 311.3464583333333,
    "161": 312.3464583333333,
    "162": 312.94645833333334,
    "163": 313.82645833333333,
    "164": 314.54853125,
    "165": 314.8464583333333,
    "166": 315.56645833333334,
    "167": 316.1464583333333,
    "168": 316.8664583333333,
    "169": 317.4664583333333,
    "170": 318.1664583333333,
    "171": 318.88645833333334,
    "172": 319.87512499999997,
    "173": 320.63282291666667,
    "174": 321.3325520833333,
    "175": 322.0264583333333,
    "176": 322.7091666666667,
    "177": 323.3534895833333,
    "178": 323.92717708333333,
    "179": 324.5925520833334,
    "180": 325.26645833333333,
    "181": 325.8345833333333,
    "182": 326.45553125,
    "183": 327.13282291666667,
    "184": 327.77187499999997,
    "185": 328.41553125,
    "186": 329.071875,
    "187": 329.72853125,
    "188": 330.2864583333333,
    "189": 330.9534895833333,
    "190": 331.50853125,
    "191": 332.29052083333335,
    "192": 332.74645833333335,
    "193": 333.4264583333333,
    "194": 334.0864583333333,
    "195": 334.9091666666667,
    "196": 335.5545833333333,
    "197": 336.20645833333333,
    "198": 336.812625,
    "199": 337.4064583333333,
    "200": 337.9961979166667,
    "201": 338.62645833333335,
    "202": 339.24322916666665,
    "203": 339.9291666666667,
    "204": 340.50932291666663,
    "205": 341.1664583333333,
    "206": 341.84545833333334,
    "207": 342.3572916666667,
    "208": 342.95964583333335,
    "209": 343.5864583333334,
    "210": 344.250375,
    "211": 344.88322916666664,
    "212": 345.6091666666667,
    "213": 346.25631250000004,
    "214": 346.87709375000003,
    "215": 347.5291666666667,
    "216": 348.191875,
    "217": 348.8305208333333,
    "218": 349.47255208333337,
    "219": 350.1170625,
    "220": 350.73446875,
    "221": 351.3376979166666,
    "222": 352.01176041666673,
    "223": 352.66645833333337,
    "224": 353.24322916666665,
    "225": 353.89187499999997,
    "226": 354.5291666666667,
    "227": 356.2381250000002,
    "228": 357.50645833333334,
    "229": 358.26916666666665,
    "230": 359.06645833333334,
    "231": 359.711875,
    "232": 360.34063541666666,
    "233": 360.9010416666667,
    "234": 361.53432291666667,
    "235": 361.98717708333334,
    "236": 362.9206354166667,
    "237": 363.4846979166667,
    "238": 364.0286458333333,
    "239": 364.60593750000004,
    "240": 365.2064583333334,
    "241": 365.77890625000003,
    "242": 366.37792708333336,
    "243": 366.9201458333333,
    "244": 368.28822916666667,
    "245": 370.3682291666667,
    "246": 372.38968750000004,
    "247": 374.98322916666666,
    "248": 375.5659375,
    "249": 376.2296875,
    "250": 376.72593750000004,
    "251": 377.26484375,
    "252": 377.8205208333333,
    "253": 378.351125,
    "254": 378.95510416666673,
    "255": 379.6296875,
    "256": 380.37683333333337,
    "257": 381.1523958333334,
    "258": 382.0496875,
    "259": 383.0896875,
    "260": 383.8096875,
    "261": 384.3951041666667,
    "262": 384.99642708333334,
    "263": 385.6296875,
    "264": 386.2605208333333,
    "265": 386.89781250000004,
    "266": 387.59334375000003,
    "267": 388.4096875,
    "268": 389.03605208333335,
    "269": 389.65608333333336,
    "270": 390.27415625000003,
    "271": 390.87578125,
    "272": 391.5510416666667,
    "273": 392.1583541666667,
    "274": 392.7776979166667,
    "275": 393.4296875,
    "276": 393.9439791666667,
    "277": 394.6896875,
    "278": 395.18225,
    "279": 395.8272083333334,
    "280": 396.3839791666667,
    "281": 397.0896875,
    "282": 397.65781250000003,
    "283": 399.03614583333336,