{
    "1": 27.739999999999966,
    "2": 31.62799999999998,
    "3": 37.459999999999994,
    "4": 40.7,
    "5": 44.815000000000005,
    "6": 48.115,
    "7": 52.385,
    "8": 54.855000000000004,
    "9": 61.375,
    "10": 62.375,
    "11": 65.3,
    "12": 67.2525,
    "13": 68.9925,
    "14": 71.005,
    "15": 72.93499999999999,
    "16": 74.76,
    "17": 76.225,
    "18": 78.035,
    "19": 79.83500000000001,
    "20": 82.28999999999999,
    "21": 83.635,
    "22": 85.73,
    "23": 87.33999999999999,
    "24": 89.145,
    "25": 97.1259375,
    "26": 100.30375000000005,
    "27": 105.03739583333333,
    "28": 106.40593750000001,
    "29": 107.9259375,
    "30": 110.83708333333338,
    "31": 113.17229166666667,
    "32": 114.73229166666667,
    "33": 116.6834375,
    "34": 119.81729166666668,
    "35": 120.99729166666667,
    "36": 123.75166666666668,
    "37": 126.07729166666667,
    "38": 128.22729166666667,
    "39": 129.81729166666668,
    "40": 131.59729166666665,
    "41": 133.99458333333334,
    "42": 135.95229166666667,
    "43": 137.52729166666668,
    "44": 139.15520833333335,
    "45": 141.19729166666667,
    "46": 142.58520833333333,
    "47": 144.47232291666668,
    "48": 146.1715625,
    "49": 148.5303125,
    "50": 150.75864583333333,
    "51": 152.416875,
    "52": 154.08072916666666,
    "53": 155.76072916666666,
    "54": 157.42072916666666,
    "55": 159.00072916666667,
    "56": 161.00072916666667,
    "57": 162.58072916666666,
    "58": 164.65145833333332,
    "59": 166.05375,
    "60": 169.89833333333334,
    "61": 171.39375,
    "62": 177.05625,
    "63": 178.48895833333333,
    "64": 183.7175,
    "65": 185.43447916666668,
    "66": 190.78395833333335,
    "67": 193.50062499999999,
    "68": 196.88541666666666,
    "69": 198.75427083333335,
    "70": 200.90270833333332,
    "71": 202.73395833333333,
    "72": 204.38395833333334,
    "73": 205.85104166666667,
    "74": 208.47593750000001,
    "75": 209.97593750000001,
    "76": 211.2759375,
    "77": 212.79906250000002,
    "78": 215.10395833333334,
    "79": 216.81510416666669,
    "80": 219.47989583333333,
    "81": 221.25593750000002,
    "82": 224.29395833333334,
    "83": 225.60354166666664,
    "84": 226.96354166666666,
    "85": 233.30520833333335,
    "86": 235.9075,
    "87": 237.354375,
    "88": 239.13145833333334,
    "89": 241.66145833333334,
    "90": 243.24125,
    "91": 245.16145833333334,
    "92": 246.46604166666668,
    "93": 248.89833333333334,
    "94": 250.15375,
    "95": 253.81145833333335,
    "96": 255.69145833333334,
    "97": 258.7826041666666,
    "98": 260.19572916666664,
    "99": 261.6557291666666,
    "100": 263.49572916666665,
    "101": 265.4814583333333,
    "102": 266.7214583333333,
    "103": 268.044375,
    "104": 271.11572916666665,
    "105": 273.76145833333334,
    "106": 275.70145833333333,
    "107": 278.12145833333335,
    "108": 281.7408333333332,
    "109": 283.1014583333333,
    "110": 284.8983333333333,
    "111": 286.71666666666664,
    "112": 287.9014583333333,
    "113": 290.83375,
    "114": 292.8414583333333,
    "115": 298.9696875,
    "116": 300.0096875,
    "117": 300.69374999999997,
    "118": 301.52409375,
    "119": 302.56916666666666,
    "120": 303.72837499999997,
    "121": 304.82645833333333,
    "122": 305.9096875,
    "123": 306.8530520833333,
    "124": 307.97251041666664,
    "125": 308.8664583333333,
    "126": 310.05876041666664,
    "127": 311.10052083333335,
    "128": 312.11262500000004,
    "129": 312.9351875,
    "130": 314.0428229166667,
    "131": 315.07620833333334,
    "132": 315.94968750000004,
    "133": 316.78778124999997,
    "134": 317.64461458333335,
    "135": 318.5864583333333,
    "136": 319.45645833333333,
    "137": 320.7496875,
    "138": 321.86505208333335,
    "139": 322.94645833333334,
    "140": 324.13645833333334,
    "141": 325.32968750000003,
    "142": 326.2964583333333,
    "143": 327.4664583333333,
    "144": 328.3464583333333,
    "145": 329.2264583333333,
    "146": 330.18645833333335,
    "147": 331.1610416666667,
    "148": 332.1664583333333,
    "149": 332.9664583333333,
    "150": 333.8664583333333,
    "151": 334.82645833333333,
    "152": 335.82645833333333,
    "153": 336.82645833333333,
    "154": 337.82645833333333,
    "155": 338.7864583333333,
    "156": 339.7264583333333,
    "157": 340.68645833333335,
    "158": 341.62645833333335,
    "159": 342.5864583333333,
    "160": 343.5864583333333,
    "161": 344.56645833333334,
    "162": 345.4864583333333,
    "163": 346.38645833333334,
    "164": 347.32645833333333,
    "165": 348.17273958333334,
    "166": 348.19972916666666,
    "167": 348.68916666666667,
    "168": 348.82986458333335,
    "169": 348.9264583333333,
    "170": 349.70645833333333,
    "171": 350.61020833333333,
    "172": 352.0864583333333,
    "173": 353.49562499999996,
    "174": 354.6010416666667,
    "175": 355.66375,
    "176": 356.7264583333333,
    "177": 357.74645833333335,
    "178": 358.78375,
    "179": 359.8664583333333,
    "180": 360.9864583333333,
    "181": 362.06645833333334,
    "182": 363.18645833333335,
    "183": 364.26645833333333,
    "184": 365.34375,
    "185": 366.38374999999996,
    "186": 367.4064583333333,
    "187": 368.4864583333333,
    "188": 369.4264583333333,
    "189": 370.30916666666667,
    "190": 371.16052083333335,
    "191": 372.0431145833333,
    "192": 372.87176041666663,
    "193": 373.70645833333333,
    "194": 374.50322916666664,
    "195": 375.30821875,
    "196": 376.1161979166667,
    "197": 376.9264583333333,
    "198": 377.74645833333335,
    "199": 378.56645833333334,
    "200": 379.39187499999997,
    "201": 380.28853125,
    "202": 380.97446875,
    "203": 381.74645833333335,
    "204": 382.5931145833333,
    "205": 383.32645833333333,
    "206": 384.23176041666665,
    "207": 384.9864583333333,
    "208": 385.79352083333333,
    "209": 386.54645833333336,
    "210": 387.42495833333334,
    "211": 388.26645833333333,
    "212": 389.0864583333334,
    "213": 390.13458333333335,
    "214": 390.9328229166667,
    "215": 391.69191666666666,
    "216": 392.3369583333333,
    "217": 393.315125,
    "218": 394.07295833333336,
    "219": 394.8678125,
    "220": 395.5945833333334,
    "221": 396.54645833333336,
    "222": 397.2945833333334,
    "223": 398.30645833333335,
    "224": 399.03553125,
    "225": 400.0891666666667,
    "226": 400.88645833333334,
    "227": 402.00645833333334,
    "228": 403.0264583333334,
    "229": 404.0010416666667,
    "230": 405.00645833333334,
    "231": 405.94322916666664,
    "232": 406.8464583333334,
    "233": 407.62645833333335,
    "234": 408.58183333333335,
    "235": 409.28645833333337,
    "236": 410.2145833333334,
    "237": 411.08978125,
    "238": 411.8464583333334,
    "239": 412.62311458333335,
    "240": 413.4664583333334,
    "241": 414.24645833333335,
    "242": 415.00311458333334,
    "243": 415.88645833333334,
    "244": 417.4682291666667,
    "245": 423.3628125,
    "246": 425.5496875,
    "247": 426.42980208333336,
    "248": 427.1178125,
    "249": 427.8751041666667,
    "250": 428.6168333333334,
    "251": 429.30322916666665,
    "252": 430.0751041666667,
    "253": 430.82127083333336,
    "254": 431.5178125,
    "255": 432.35671875,
    "256": 433.11375000000004,
    "257": 433.9696875,
    "258": 434.92427083333337,
    "259": 435.9896875,
    "260": 436.94968750000004,
    "261": 437.82968750000003,
    "262": 438.6178125,
    "263": 439.5296875,
    "264": 440.2896875,
    "265": 441.1096875,
    "266": 442.0096875,
    "267": 442.7314479166667,
    "268": 443.5496875,
    "269": 444.33375000000007,
    "270": 445.19239583333336,
    "271": 446.00389583333333,
    "272": 446.82968750000003,
    "273": 447.6710416666667,
    "274": 448.49578125,
    "275": 449.3914479166667,
    "276": 450.16389583333336,
    "277": 451.1378125,
    "278": 451.89618750000005,
    "279": 452.8696875,
    "280": 453.70492708333336,
    "281": 454.88968750000004,