{
    "1": 0.0,
    "2": 1.5,
    "3": 3.75,
    "4": 5.0,
    "5": 7.375,
    "6": 8.625,
    "7": 10.625,
    "8": 11.875,
    "9": 13.375,
    "10": 14.375,
    "11": 15.375,
    "12": 16.4125,
    "13": 17.4125,
    "14": 18.625,
    "15": 19.625,
    "16": 20.625,
    "17": 21.625,
    "18": 22.875,
    "19": 23.875,
    "20": 25.375,
    "21": 26.375,
    "22": 27.625,
    "23": 28.625,
    "24": 29.625,
    "25": 33.08593750000001,
    "26": 34.30729166666667,
    "27": 35.58593750000001,
    "28": 36.58593750000001,
    "29": 37.58593750000001,
    "30": 38.93229166666667,
    "31": 39.93229166666667,
    "32": 40.93229166666667,
    "33": 42.2234375,
    "34": 43.55729166666667,
    "35": 44.55729166666667,
    "36": 46.30729166666667,
    "37": 48.05729166666667,
    "38": 49.80729166666667,
    "39": 51.55729166666667,
    "40": 53.55729166666667,
    "41": 55.55729166666667,
    "42": 56.93229166666667,
    "43": 58.30729166666667,
    "44": 59.68229166666667,
    "45": 61.05729166666667,
    "46": 62.43229166666667,
    "47": 63.80729166666667,
    "48": 65.2234375,
    "49": 66.57864583333333,
    "50": 67.57864583333333,
    "51": 68.58072916666667,
    "52": 69.58072916666667,
    "53": 70.58072916666667,
    "54": 71.58072916666667,
    "55": 72.58072916666667,
    "56": 73.58072916666667,
    "57": 74.58072916666667,
    "58": 75.81145833333333,
    "59": 76.81145833333333,
    "60": 77.81145833333333,
    "61": 78.81145833333333,
    "62": 82.49895833333333,
    "63": 83.74895833333333,
    "64": 85.99895833333333,
    "65": 87.27447916666667,
    "66": 89.62395833333333,
    "67": 90.87395833333333,
    "68": 92.87395833333333,
    "69": 94.1359375,
    "70": 95.37395833333333,
    "71": 96.37395833333333,
    "72": 97.62395833333333,
    "73": 98.62395833333333,
    "74": 100.1359375,
    "75": 101.1359375,
    "76": 102.1359375,
    "77": 103.1359375,
    "78": 104.62395833333333,
    "79": 106.1359375,
    "80": 108.1359375,
    "81": 109.1359375,
    "82": 110.37395833333333,
    "83": 111.37395833333333,
    "84": 112.37395833333333,
    "85": 115.31145833333333,
    "86": 116.31145833333333,
    "87": 117.31145833333333,
    "88": 118.31145833333333,
    "89": 119.56145833333333,
    "90": 120.56145833333333,
    "91": 121.56145833333333,
    "92": 122.56145833333333,
    "93": 123.81145833333333,
    "94": 124.81145833333333,
    "95": 126.81145833333333,
    "96": 127.81145833333333,
    "97": 129.85572916666666,
    "98": 130.85572916666666,
    "99": 131.85572916666666,
    "100": 132.85572916666666,
    "101": 134.06145833333332,
    "102": 135.06145833333332,
    "103": 136.06145833333332,
    "104": 137.85572916666666,
    "105": 139.06145833333332,
    "106": 140.06145833333332,
    "107": 142.06145833333332,
    "108": 143.06145833333332,
    "109": 144.06145833333332,
    "110": 145.06145833333332,
    "111": 146.06145833333332,
    "112": 147.06145833333332,
    "113": 149.06145833333332,
    "114": 150.06145833333332,
    "115": 152.22968749999998,
    "116": 153.22968749999998,
    "117": 154.22968749999998,
    "118": 155.22968749999998,
    "119": 156.68645833333332,
    "120": 158.22968749999998,
    "121": 159.68645833333332,
    "122": 161.22968749999998,
    "123": 162.68645833333332,
    "124": 164.22968749999998,
    "125": 165.68645833333332,
    "126": 167.22968749999998,
    "127": 168.68645833333332,
    "128": 170.22968749999998,
    "129": 171.68645833333332,
    "130": 173.22968749999998,
    "131": 174.68645833333332,
    "132": 176.22968749999998,
    "133": 177.68645833333332,
    "134": 179.22968749999998,
    "135": 180.68645833333332,
    "136": 181.93645833333332,
    "137": 183.22968749999998,
    "138": 184.43645833333332,
    "139": 185.68645833333332,
    "140": 186.93645833333332,
    "141": 188.22968749999998,
    "142": 189.43645833333332,
    "143": 190.68645833333332,
    "144": 191.68645833333332,
    "145": 192.68645833333332,
    "146": 193.68645833333332,
    "147": 194.68645833333332,
    "148": 195.68645833333332,
    "149": 196.68645833333332,
    "150": 197.68645833333332,
    "151": 198.68645833333332,
    "152": 199.68645833333332,
    "153": 200.68645833333332,
    "154": 201.68645833333332,
    "155": 202.68645833333332,
    "156": 203.68645833333332,
    "157": 204.68645833333332,
    "158": 205.68645833333332,
    "159": 206.68645833333332,
    "160": 207.68645833333332,
    "161": 208.68645833333332,
    "162": 209.68645833333332,
    "163": 210.68645833333332,
    "164": 211.68645833333332,
    "165": 212.68645833333332,
    "166": 213.68645833333332,
    "167": 214.68645833333332,
    "168": 215.68645833333332,
    "169": 216.68645833333332,
    "170": 217.68645833333332,
    "171": 218.68645833333332,
    "172": 219.68645833333332,
    "173": 220.68645833333332,
    "174": 221.68645833333332,
    "175": 222.68645833333332,
    "176": 223.68645833333332,
    "177": 224.68645833333332,
    "178": 225.68645833333332,
    "179": 226.68645833333332,
    "180": 227.68645833333332,
    "181": 228.68645833333332,
    "182": 229.68645833333332,
    "183": 230.68645833333332,
    "184": 231.68645833333332,
    "185": 232.68645833333332,
    "186": 233.68645833333332,
    "187": 234.68645833333332,
    "188": 235.68645833333332,
    "189": 236.68645833333332,
    "190": 237.68645833333332,
    "191": 238.68645833333332,
    "192": 239.68645833333332,
    "193": 240.68645833333332,
    "194": 241.68645833333332,
    "195": 242.68645833333332,
    "196": 243.68645833333332,
    "197": 244.68645833333332,
    "198": 245.68645833333332,
    "199": 246.68645833333332,
    "200": 247.68645833333332,
    "201": 248.68645833333332,
    "202": 249.68645833333332,
    "203": 250.68645833333332,
    "204": 251.68645833333332,
    "205": 252.68645833333332,
    "206": 253.68645833333332,
    "207": 254.68645833333332,
    "208": 255.68645833333332,
    "209": 256.68645833333335,
    "210": 257.68645833333335,
    "211": 258.68645833333335,
    "212": 259.68645833333335,
    "213": 260.68645833333335,
    "214": 261.68645833333335,
    "215": 262.68645833333335,
    "216": 263.68645833333335,
    "217": 264.68645833333335,
    "218": 265.68645833333335,
    "219": 266.68645833333335,
    "220": 267.68645833333335,
    "221": 268.68645833333335,
    "222": 269.68645833333335,
    "223": 270.68645833333335,
    "224": 271.68645833333335,
    "225": 272.68645833333335,
    "226": 273.68645833333335,
    "227": 274.68645833333335,
    "228": 275.68645833333335,
    "229": 276.68645833333335,
    "230": 277.68645833333335,
    "231": 278.68645833333335,
    "232": 279.68645833333335,
    "233": 280.68645833333335,
    "234": 281.68645833333335,
    "235": 282.68645833333335,
    "236": 283.68645833333335,
    "237": 284.68645833333335,
    "238": 285.68645833333335,
    "239": 286.68645833333335,
    "240": 287.68645833333335,
    "241": 288.68645833333335,
    "242": 289.68645833333335,
    "243": 290.68645833333335,
    "244": 291.9682291666667,
    "245": 292.9682291666667,
    "246": 294.2296875,
    "247": 295.2296875,
    "248": 296.2296875,
    "249": 297.2296875,
    "250": 298.2296875,
    "251": 299.2296875,
    "252": 300.2296875,
    "253": 301.2296875,
    "254": 302.2296875,
    "255": 303.2296875,
    "256": 304.2296875,
    "257": 305.2296875,
    "258": 306.2296875,
    "259": 307.2296875,
    "260": 308.2296875,
    "261": 309.2296875,
    "262": 310.2296875,
    "263": 311.2296875,
    "264": 312.2296875,
    "265": 313.2296875,
    "266": 314.2296875,
    "267": 315.2296875,
    "268": 316.2296875,
    "269": 317.2296875,
    "270": 318.2296875,
    "271": 319.2296875,
    "272": 320.2296875,
    "273": 321.2296875,
    "274": 322.2296875,
    "275": 323.2296875,
    "276": 324.2296875,
    "277": 325.2296875,
    "278": 326.2296875,
    "279": 327.2296875,
    "280": 328.2296875,
    "281": 329.2296875,
    "282": 330.2296875,
    "283": 331.2296875,