{
    "1": 0.44399999999999884,
    "2": 1.6223999999999992,
    "3": 3.3899999999999997,
    "4": 4.372,
    "5": 6.555,
    "6": 7.305000000000001,
    "7": 9.285,
    "8": 10.327,
    "9": 11.695,
    "10": 12.695,
    "11": 13.295,
    "12": 14.16075,
    "13": 14.5765,
    "14": 15.004999999999999,
    "15": 15.964999999999998,
    "16": 16.945,
    "17": 17.945,
    "18": 19.195,
    "19": 20.155,
    "20": 21.615000000000002,
    "21": 22.655,
    "22": 23.904999999999998,
    "23": 24.485,
    "24": 25.3285,
    "25": 27.244718749999997,
    "26": 27.487291666666675,
    "27": 28.123572916666667,
    "28": 28.129572916666667,
    "29": 28.136572916666665,
    "30": 28.872291666666673,
    "31": 29.872291666666673,
    "32": 30.283,
    "33": 30.288822916666668,
    "34": 30.294572916666667,
    "35": 30.299,
    "36": 31.05232291666667,
    "37": 32.01017708333334,
    "38": 33.72729166666667,
    "39": 35.26291666666667,
    "40": 36.526583333333335,
    "41": 37.51375,
    "42": 38.052291666666676,
    "43": 38.44198958333334,
    "44": 38.782291666666666,
    "45": 39.0604375,
    "46": 39.632291666666674,
    "47": 40.64291666666667,
    "48": 41.48575,
    "49": 42.458645833333335,
    "50": 42.6934375,
    "51": 42.78961458333333,
    "52": 42.843614583333334,
    "53": 42.88458333333333,
    "54": 43.294583333333335,
    "55": 44.28072916666667,
    "56": 45.16072916666667,
    "57": 46.12072916666667,
    "58": 46.781114583333334,
    "59": 46.790114583333335,
    "60": 46.799114583333335,
    "61": 46.80711458333334,
    "62": 47.539375,
    "63": 47.676489583333336,
    "64": 49.479166666666664,
    "65": 49.633489583333336,
    "66": 50.548239583333334,
    "67": 50.57453125,
    "68": 50.8290625,
    "69": 50.924604166666676,
    "70": 51.34385416666667,
    "71": 51.93395833333333,
    "72": 52.63817708333334,
    "73": 53.12395833333334,
    "74": 55.077500000000015,
    "75": 56.60947916666668,
    "76": 57.79114583333334,
    "77": 58.99593750000001,
    "78": 61.06395833333334,
    "79": 63.23593750000001,
    "80": 65.23426041666667,
    "81": 66.18970833333334,
    "82": 67.25395833333333,
    "83": 68.25395833333333,
    "84": 71.47124999999996,
    "85": 75.15145833333334,
    "86": 76.15145833333334,
    "87": 77.1503125,
    "88": 78.03145833333333,
    "89": 78.82145833333334,
    "90": 79.36984375,
    "91": 79.48721875,
    "92": 80.03014583333334,
    "93": 80.95145833333333,
    "94": 81.79145833333334,
    "95": 83.81145833333333,
    "96": 84.21122916666667,
    "97": 84.644,
    "98": 84.65511458333333,
    "99": 84.80934375,
    "100": 85.124,
    "101": 85.14522916666667,
    "102": 85.20284375,
    "103": 85.6605625,
    "104": 86.50911458333333,
    "105": 86.74145833333333,
    "106": 87.20061458333333,
    "107": 87.22284375000001,
    "108": 87.40684375000001,
    "109": 87.56245833333332,
    "110": 87.78916666666666,
    "111": 88.56723958333332,
    "112": 89.56145833333332,
    "113": 91.52145833333333,
    "114": 92.42028125,
    "115": 94.3496875,
    "116": 94.93510416666666,
    "117": 95.9296875,
    "118": 96.87694791666667,
    "119": 97.91011458333334,
    "120": 98.63718750000001,
    "121": 99.65792708333333,
    "122": 100.7031875,
    "123": 101.72916666666666,
    "124": 102.32939583333334,
    "125": 103.54645833333333,
    "126": 104.09510416666666,
    "127": 105.1951875,
    "128": 105.41954166666666,
    "129": 106.52311458333334,
    "130": 106.80945833333334,
    "131": 107.72645833333333,
    "132": 108.6296875,
    "133": 109.295125,
    "134": 109.653375,
    "135": 110.99781250000001,
    "136": 111.51645833333332,
    "137": 112.36092708333334,
    "138": 113.20764583333333,
    "139": 113.68645833333333,
    "140": 114.85645833333331,
    "141": 115.57176041666666,
    "142": 116.39679166666666,
    "143": 117.18645833333333,
    "144": 117.70645833333333,
    "145": 118.26645833333333,
    "146": 118.85404166666666,
    "147": 119.64645833333333,
    "148": 120.12972916666666,
    "149": 120.85291666666666,
    "150": 121.76645833333333,
    "151": 123.14687499999998,
    "152": 124.20645833333333,
    "153": 125.34645833333333,
    "154": 126.34645833333333,
    "155": 127.34645833333333,
    "156": 128.34645833333335,
    "157": 129.34645833333335,
    "158": 130.34645833333335,
    "159": 131.34645833333335,
    "160": 132.34645833333335,
    "161": 133.20645833333333,
    "162": 133.88745833333334,
    "163": 134.58374999999998,
    "164": 135.5449583333333,
    "165": 136.27458333333334,
    "166": 137.05437500000002,
    "167": 137.92645833333333,
    "168": 138.84645833333335,
    "169": 139.72645833333334,
    "170": 140.94645833333334,
    "171": 141.94645833333334,
    "172": 142.9006354166667,
    "173": 143.05631250000002,
    "174": 143.44496875,
    "175": 144.12445833333334,
    "176": 144.80645833333332,
    "177": 145.76645833333333,
    "178": 146.68645833333332,
    "179": 147.72645833333334,
    "180": 148.77262499999998,
    "181": 149.61247916666667,
    "182": 150.46374999999998,
    "183": 151.19064583333335,
    "184": 151.67119791666667,
    "185": 152.32645833333333,
    "186": 153.46645833333332,
    "187": 154.60645833333334,
    "188": 155.82645833333333,
    "189": 157.08645833333333,
    "190": 157.93291666666667,
    "191": 158.63879166666666,
    "192": 159.43176041666666,
    "193": 160.00645833333334,
    "194": 160.75178125,
    "195": 161.52645833333332,
    "196": 162.52645833333332,
    "197": 163.52645833333332,
    "198": 164.70645833333333,
    "199": 166.40645833333332,
    "200": 167.36645833333333,
    "201": 168.46645833333332,
    "202": 169.65937499999998,
    "203": 171.06645833333334,
    "204": 171.74645833333332,
    "205": 172.60645833333334,
    "206": 173.70645833333333,
    "207": 174.52390625,
    "208": 175.88375,
    "209": 177.36750000000006,
    "210": 178.38645833333337,
    "211": 179.42645833333336,
    "212": 180.62645833333335,
    "213": 182.08645833333335,
    "214": 183.56645833333337,
    "215": 184.97553125,
    "216": 185.82821875000002,
    "217": 186.56645833333337,
    "218": 187.58645833333335,
    "219": 188.86645833333336,
    "220": 189.96645833333335,
    "221": 190.96645833333335,
    "222": 191.92645833333336,
    "223": 193.20645833333336,
    "224": 195.12645833333335,
    "225": 196.78645833333337,
    "226": 198.60645833333336,
    "227": 199.83125000000007,
    "228": 200.82916666666668,
    "229": 201.72645833333337,
    "230": 202.74645833333335,
    "231": 203.76645833333336,
    "232": 204.4851875,
    "233": 205.21348958333334,
    "234": 205.67072916666666,
    "235": 206.0010416666667,
    "236": 207.00645833333337,
    "237": 208.28645833333337,
    "238": 209.40645833333335,
    "239": 210.4410416666667,
    "240": 211.42645833333336,
    "241": 212.44645833333337,
    "242": 213.64645833333336,
    "243": 215.20479166666672,
    "244": 216.7882291666667,
    "245": 218.5682291666667,
    "246": 220.44968750000004,
    "247": 221.44968750000004,
    "248": 222.76968750000003,
    "249": 223.72968750000004,
    "250": 224.60668750000002,
    "251": 225.54968750000003,
    "252": 226.58968750000005,
    "253": 228.40968750000005,
    "254": 231.28968750000004,
    "255": 232.38968750000004,
    "256": 233.72968750000004,
    "257": 235.14968750000003,
    "258": 235.99239583333335,
    "259": 237.22260416666674,
    "260": 238.24968750000005,
    "261": 239.24968750000005,
    "262": 240.24968750000005,
    "263": 242.08968750000005,
    "264": 243.14968750000003,
    "265": 244.1842708333334,
    "266": 245.97552083333346,
    "267": 247.56156250000004,
    "268": 248.56968750000004,
    "269": 250.36968750000003,
    "270": 251.31671875000004,
    "271": 252.44968750000004,
    "272": 253.08968750000005,
    "273": 253.84322916666667,
    "274": 254.53521875,
    "275": 255.17523958333334,
    "276": 255.92893750000002,
    "277": 256.4951041666667,
    "278": 257.0896875,