{
    "1": 22.200000000000003,
    "2": 26.28,
    "3": 32.4,
    "4": 35.8,
    "5": 44.655,
    "6": 47.305,
    "7": 50.945,
    "8": 54.335,
    "9": 61.435,
    "10": 63.65,
    "11": 65.695,
    "12": 68.17750000000001,
    "13": 69.8875,
    "14": 72.385,
    "15": 73.985,
    "16": 75.825,
    "17": 77.38499999999999,
    "18": 79.395,
    "19": 80.655,
    "20": 83.05499999999999,
    "21": 84.65,
    "22": 86.345,
    "23": 87.905,
    "24": 89.065,
    "25": 95.94614583333335,
    "26": 100.12729166666668,
    "27": 103.63739583333334,
    "28": 105.01739583333334,
    "29": 106.43468750000001,
    "30": 108.43312500000003,
    "31": 110.09875000000001,
    "32": 111.73229166666667,
    "33": 113.9634375,
    "34": 116.43729166666667,
    "35": 118.80583333333334,
    "36": 120.76729166666668,
    "37": 122.47729166666667,
    "38": 124.22729166666667,
    "39": 125.67729166666668,
    "40": 127.25729166666667,
    "41": 129.47729166666667,
    "42": 131.2722916666667,
    "43": 133.01166666666668,
    "44": 134.40229166666666,
    "45": 136.33729166666666,
    "46": 137.95041666666668,
    "47": 139.76875,
    "48": 141.47635416666665,
    "49": 144.05864583333334,
    "50": 146.59864583333334,
    "51": 148.28604166666668,
    "52": 150.14072916666666,
    "53": 151.72072916666667,
    "54": 153.62072916666665,
    "55": 155.40072916666665,
    "56": 157.2453125,
    "57": 159.10072916666667,
    "58": 161.35145833333334,
    "59": 162.59145833333335,
    "60": 163.63145833333334,
    "61": 165.89375,
    "62": 172.87833333333333,
    "63": 174.64895833333333,
    "64": 178.21854166666668,
    "65": 179.89447916666666,
    "66": 183.83333333333337,
    "67": 186.13395833333334,
    "68": 189.41395833333334,
    "69": 193.26385416666668,
    "70": 195.9375,
    "71": 198.22104166666665,
    "72": 199.90875,
    "73": 201.351875,
    "74": 204.4159375,
    "75": 206.34468750000002,
    "76": 207.71593750000002,
    "77": 209.3959375,
    "78": 211.10395833333334,
    "79": 213.81510416666669,
    "80": 216.53989583333333,
    "81": 218.76843750000003,
    "82": 221.45395833333333,
    "83": 222.79833333333335,
    "84": 224.01395833333333,
    "85": 232.61666666666667,
    "86": 234.85000000000002,
    "87": 237.06520833333335,
    "88": 238.79145833333334,
    "89": 240.88145833333334,
    "90": 242.60145833333334,
    "91": 244.310625,
    "92": 245.94145833333334,
    "93": 247.79500000000002,
    "94": 250.83145833333333,
    "95": 254.37833333333336,
    "96": 256.51145833333334,
    "97": 260.20687499999997,
    "98": 262.01572916666663,
    "99": 263.81572916666664,
    "100": 265.7757291666666,
    "101": 267.35375,
    "102": 269.2099999999999,
    "103": 270.68145833333335,
    "104": 274.43572916666665,
    "105": 277.2814583333333,
    "106": 279.26416666666665,
    "107": 282.26145833333334,
    "108": 285.8614583333333,
    "109": 287.2214583333333,
    "110": 288.364375,
    "111": 289.9814583333333,
    "112": 291.50145833333335,
    "113": 294.62604166666665,
    "114": 298.2374999999999,
    "115": 305.5544791666667,
    "116": 307.46409375,
    "117": 308.07374999999996,
    "118": 308.87375,
    "119": 309.94853125,
    "120": 310.98052083333334,
    "121": 312.171875,
    "122": 313.29671874999997,
    "123": 314.26645833333333,
    "124": 315.53578125,
    "125": 316.68645833333335,
    "126": 317.9925104166667,
    "127": 318.9864583333333,
    "128": 320.06861458333333,
    "129": 321.1762395833333,
    "130": 322.5696875,
    "131": 323.6064583333333,
    "132": 324.7496875,
    "133": 325.9745833333333,
    "134": 327.0205208333333,
    "135": 328.00645833333334,
    "136": 329.0364583333333,
    "137": 330.2496875,
    "138": 331.4164583333333,
    "139": 332.5464583333333,
    "140": 333.76479166666667,
    "141": 334.88968750000004,
    "142": 336.04726041666663,
    "143": 337.295625,
    "144": 338.1664583333333,
    "145": 339.14375,
    "146": 340.1010416666667,
    "147": 341.05833333333334,
    "148": 341.9264583333333,
    "149": 342.92375,
    "150": 343.8464583333333,
    "151": 344.82645833333333,
    "152": 345.752625,
    "153": 346.6464583333333,
    "154": 347.60755208333336,
    "155": 348.4664583333333,
    "156": 349.4534895833333,
    "157": 350.32645833333333,
    "158": 351.2264583333333,
    "159": 352.0864583333333,
    "160": 353.0264583333333,
    "161": 353.94645833333334,
    "162": 354.74645833333335,
    "163": 355.6464583333333,
    "164": 356.512625,
    "165": 357.2605208333333,
    "166": 357.933375,
    "167": 358.88645833333334,
    "168": 359.74645833333335,
    "169": 360.6064583333333,
    "170": 361.6664583333333,
    "171": 362.81291666666664,
    "172": 364.76645833333333,
    "173": 366.00645833333334,
    "174": 367.00645833333334,
    "175": 368.00645833333334,
    "176": 368.9264583333333,
    "177": 369.8464583333333,
    "178": 370.77781250000004,
    "179": 371.9264583333333,
    "180": 372.9064583333333,
    "181": 373.8664583333333,
    "182": 374.74645833333335,
    "183": 375.68645833333335,
    "184": 376.5478125,
    "185": 377.44645833333334,
    "186": 378.32645833333333,
    "187": 379.38645833333334,
    "188": 380.3178125,
    "189": 381.20645833333333,
    "190": 382.03781250000003,
    "191": 383.0783333333334,
    "192": 384.0864583333333,
    "193": 384.94645833333334,
    "194": 385.79521875,
    "195": 386.711875,
    "196": 387.56645833333334,
    "197": 388.4091666666667,
    "198": 389.2545833333333,
    "199": 390.0864583333333,
    "200": 390.9664583333333,
    "201": 391.7864583333333,
    "202": 392.62645833333335,
    "203": 393.4691666666667,
    "204": 394.38645833333334,
    "205": 395.1101145833333,
    "206": 395.99255208333335,
    "207": 396.76311458333333,
    "208": 397.6664583333333,
    "209": 398.42645833333336,
    "210": 399.22645833333337,
    "211": 400.16645833333337,
    "212": 400.931875,
    "213": 401.80853125,
    "214": 402.631875,
    "215": 403.3925520833333,
    "216": 404.2301145833334,
    "217": 405.10645833333336,
    "218": 405.85255208333336,
    "219": 406.61553125,
    "220": 407.52781250000004,
    "221": 408.56916666666666,
    "222": 409.39781250000004,
    "223": 410.36052083333334,
    "224": 411.06645833333334,
    "225": 412.00916666666666,
    "226": 412.82645833333333,
    "227": 414.38583333333344,
    "228": 415.79562500000003,
    "229": 416.9064583333334,
    "230": 418.0264583333334,
    "231": 419.0264583333334,
    "232": 419.9278125,
    "233": 420.82645833333333,
    "234": 421.7064583333334,
    "235": 422.60645833333336,
    "236": 423.6178125,
    "237": 424.54495833333334,
    "238": 425.26916666666665,
    "239": 426.18645833333335,
    "240": 427.03521875,
    "241": 427.8905208333333,
    "242": 428.71052083333336,
    "243": 429.5301145833334,
    "244": 430.7082291666667,
    "245": 431.5879166666667,
    "246": 436.5096875,
    "247": 440.0296875,
    "248": 440.78115625000004,
    "249": 441.5896875,
    "250": 442.3096875,
    "251": 442.94484375,
    "252": 443.621875,
    "253": 444.2665729166667,
    "254": 444.9636354166667,
    "255": 445.7323958333334,
    "256": 446.4942395833333,
    "257": 447.23942708333334,
    "258": 448.0296875,
    "259": 449.0496875,
    "260": 450.1096875,
    "261": 450.9323958333334,
    "262": 451.7351041666667,
    "263": 452.5296875,
    "264": 453.4296875,
    "265": 454.24092708333336,
    "266": 455.20968750000003,
    "267": 456.1714479166667,
    "268": 456.8696875,
    "269": 457.7074375,
    "270": 458.44968750000004,
    "271": 459.1740208333334,
    "272": 460.0496875,
    "273": 460.8517604166667,
    "274": 461.65375000000006,
    "275": 462.40390625000003,
    "276": 463.2328541666667,
    "277": 464.1378125,
    "278": 464.9296875,
    "279": 466.1096875,
    "280": 466.59375000000006,
    "281": 467.51239583333336,
    "282": 468.3496875,
    "283": 469.5496875,
    "284": 470.49942708333333,
    "285": 471.3096875,