{
    "1": 13.979999999999992,
    "2": 17.375999999999994,
    "3": 22.47,
    "4": 25.3,
    "5": 29.175,
    "6": 32.765,
    "7": 37.065000000000005,
    "8": 39.795,
    "9": 47.65,
    "10": 50.004999999999995,
    "11": 52.32,
    "12": 54.8575,
    "13": 56.7325,
    "14": 59.275,
    "15": 61.16499999999999,
    "16": 63.705,
    "17": 65.505,
    "18": 67.99000000000001,
    "19": 69.735,
    "20": 72.785,
    "21": 74.875,
    "22": 76.86999999999999,
    "23": 78.905,
    "24": 80.105,
    "25": 87.44593750000001,
    "26": 90.76562500000007,
    "27": 93.18593750000001,
    "28": 95.32593750000001,
    "29": 96.7659375,
    "30": 99.07229166666667,
    "31": 101.43229166666667,
    "32": 103.01229166666667,
    "33": 104.7834375,
    "34": 108.21729166666667,
    "35": 109.35729166666667,
    "36": 111.76729166666668,
    "37": 113.73729166666668,
    "38": 115.50729166666667,
    "39": 117.00291666666666,
    "40": 118.38583333333334,
    "41": 120.55458333333334,
    "42": 122.09229166666667,
    "43": 123.64729166666667,
    "44": 125.06229166666667,
    "45": 126.41729166666667,
    "46": 127.91229166666668,
    "47": 129.3672916666667,
    "48": 131.03739583333336,
    "49": 133.05864583333334,
    "50": 134.43864583333334,
    "51": 135.80072916666666,
    "52": 137.17302083333334,
    "53": 138.68072916666665,
    "54": 140.04072916666667,
    "55": 141.34072916666668,
    "56": 142.66072916666667,
    "57": 144.10072916666667,
    "58": 145.57145833333334,
    "59": 146.57145833333334,
    "60": 148.43604166666665,
    "61": 149.55145833333333,
    "62": 155.19729166666664,
    "63": 156.88895833333333,
    "64": 160.83875,
    "65": 162.61447916666665,
    "66": 166.83833333333334,
    "67": 168.81395833333335,
    "68": 172.37666666666667,
    "69": 176.16302083333335,
    "70": 178.1375,
    "71": 179.75395833333334,
    "72": 181.30395833333333,
    "73": 182.44395833333334,
    "74": 185.0559375,
    "75": 186.79510416666668,
    "76": 187.87114583333334,
    "77": 189.4559375,
    "78": 191.80875,
    "79": 193.9703125,
    "80": 196.68552083333333,
    "81": 198.15593750000002,
    "82": 200.46434374999998,
    "83": 201.33395833333333,
    "84": 202.21395833333332,
    "85": 208.92291666666668,
    "86": 210.73145833333334,
    "87": 212.38750000000002,
    "88": 213.83145833333333,
    "89": 216.04270833333334,
    "90": 217.46270833333335,
    "91": 219.37979166666668,
    "92": 221.00145833333335,
    "93": 222.800625,
    "94": 223.99375,
    "95": 227.19145833333334,
    "96": 228.83145833333333,
    "97": 232.62718749999996,
    "98": 234.2980208333333,
    "99": 236.01572916666666,
    "100": 237.55572916666665,
    "101": 239.6014583333333,
    "102": 240.97062499999998,
    "103": 242.49833333333333,
    "104": 245.42031249999997,
    "105": 247.8814583333333,
    "106": 249.44604166666664,
    "107": 252.80145833333333,
    "108": 254.62145833333332,
    "109": 255.8814583333333,
    "110": 257.14145833333333,
    "111": 259.13062499999995,
    "112": 260.6014583333333,
    "113": 263.7747916666666,
    "114": 265.26145833333334,
    "115": 273.9096875,
    "116": 274.9096875,
    "117": 275.5896875,
    "118": 276.4096875,
    "119": 277.36755208333335,
    "120": 278.60386458333335,
    "121": 279.56680208333336,
    "122": 280.6828229166667,
    "123": 281.71651041666667,
    "124": 282.6415625,
    "125": 283.78876041666666,
    "126": 284.82127083333336,
    "127": 285.8464583333333,
    "128": 286.88968750000004,
    "129": 287.86755208333335,
    "130": 289.0276979166667,
    "131": 289.9664583333333,
    "132": 290.76968750000003,
    "133": 291.76916666666665,
    "134": 292.99706249999997,
    "135": 293.8464583333333,
    "136": 294.6764583333333,
    "137": 295.7896875,
    "138": 296.7964583333333,
    "139": 297.82645833333333,
    "140": 298.86187499999994,
    "141": 299.87446875,
    "142": 300.91171875,
    "143": 302.00645833333334,
    "144": 302.70645833333333,
    "145": 303.56645833333334,
    "146": 304.2945833333333,
    "147": 305.18645833333335,
    "148": 306.031875,
    "149": 306.94645833333334,
    "150": 307.74645833333335,
    "151": 308.6064583333333,
    "152": 309.5831145833333,
    "153": 310.32916666666665,
    "154": 311.18645833333335,
    "155": 312.06645833333334,
    "156": 313.05089583333336,
    "157": 313.9264583333333,
    "158": 314.7674583333333,
    "159": 315.4864583333333,
    "160": 316.311875,
    "161": 317.0864583333333,
    "162": 318.0864583333333,
    "163": 318.74645833333335,
    "164": 319.6064583333333,
    "165": 320.32645833333333,
    "166": 321.0131875,
    "167": 321.9064583333333,
    "168": 322.70645833333333,
    "169": 323.5264583333333,
    "170": 324.5464583333333,
    "171": 325.5464583333333,
    "172": 326.9864583333333,
    "173": 328.18104166666666,
    "174": 329.20645833333333,
    "175": 330.20645833333333,
    "176": 331.1464583333333,
    "177": 332.1064583333333,
    "178": 332.9778125,
    "179": 333.78821875,
    "180": 334.6691666666667,
    "181": 335.50916666666666,
    "182": 336.42951041666663,
    "183": 337.1878125,
    "184": 337.971875,
    "185": 338.832625,
    "186": 339.51064583333334,
    "187": 340.38645833333334,
    "188": 341.0701145833333,
    "189": 341.88420833333333,
    "190": 342.62916666666666,
    "191": 343.32645833333333,
    "192": 344.12052083333333,
    "193": 344.8545833333333,
    "194": 345.61176041666664,
    "195": 346.3678125,
    "196": 347.12645833333335,
    "197": 347.9064583333333,
    "198": 348.6664583333333,
    "199": 349.3878125,
    "200": 350.1464583333333,
    "201": 350.8545833333333,
    "202": 351.6491666666667,
    "203": 352.3664583333333,
    "204": 353.0864583333333,
    "205": 353.8464583333333,
    "206": 354.6745833333333,
    "207": 355.371875,
    "208": 356.0910625,
    "209": 356.86645833333336,
    "210": 357.53112500000003,
    "211": 358.38645833333334,
    "212": 359.1091666666667,
    "213": 359.9091666666667,
    "214": 360.6124791666667,
    "215": 361.42645833333336,
    "216": 362.1091666666667,
    "217": 362.9101145833334,
    "218": 363.633375,
    "219": 364.38645833333334,
    "220": 365.1779270833334,
    "221": 366.0264583333334,
    "222": 366.74311458333335,
    "223": 367.60645833333336,
    "224": 368.32645833333333,
    "225": 369.10645833333336,
    "226": 369.9064583333334,
    "227": 371.5177083333334,
    "228": 372.72645833333337,
    "229": 373.83291666666673,
    "230": 374.8464583333334,
    "231": 375.76916666666665,
    "232": 376.6464583333334,
    "233": 377.495625,
    "234": 378.29432291666666,
    "235": 379.03781250000003,
    "236": 379.90495833333335,
    "237": 380.65664583333336,
    "238": 381.42645833333336,
    "239": 382.2145833333334,
    "240": 382.9761979166667,
    "241": 383.77187499999997,
    "242": 384.62645833333335,
    "243": 385.29322916666666,
    "244": 386.8282291666667,
    "245": 387.64475000000004,
    "246": 388.88968750000004,
    "247": 391.0096875,
    "248": 394.1896875,
    "249": 397.26968750000003,
    "250": 398.44127083333336,
    "251": 399.11848958333337,
    "252": 399.83781250000004,
    "253": 400.50322916666664,
    "254": 401.2514479166667,
    "255": 401.89380208333336,
    "256": 402.57890625,
    "257": 403.38968750000004,
    "258": 404.38536458333334,
    "259": 405.3696875,
    "260": 406.26968750000003,
    "261": 407.01848958333335,
    "262": 407.80308333333335,
    "263": 408.5951041666667,
    "264": 409.4296875,
    "265": 410.1351041666667,
    "266": 410.9514479166667,
    "267": 411.8496875,
    "268": 412.4696875,
    "269": 413.22052083333335,
    "270": 414.0151041666667,
    "271": 414.77454166666666,
    "272": 415.4896875,
    "273": 416.1662083333334,
    "274": 416.97578125,
    "275": 417.68052083333333,
    "276": 418.4351041666667,
    "277": 419.2236354166667,
    "278": 419.95239583333336,
    "279": 420.70968750000003,
    "280": 421.39239583333335,