{
    "1": 0.23999999999999932,
    "2": 4.319999999999999,
    "3": 10.44,
    "4": 13.84,
    "5": 18.235,
    "6": 21.445000000000004,
    "7": 25.665,
    "8": 29.654999999999998,
    "9": 36.215,
    "10": 39.175000000000004,
    "11": 42.235,
    "12": 44.7475,
    "13": 46.7075,
    "14": 49.489999999999995,
    "15": 51.865,
    "16": 54.105,
    "17": 55.765,
    "18": 58.63,
    "19": 60.375,
    "20": 63.52,
    "21": 65.535,
    "22": 68.0,
    "23": 69.965,
    "24": 71.145,
    "25": 80.5059375,
    "26": 83.60729166666667,
    "27": 87.2659375,
    "28": 89.90593750000001,
    "29": 91.5690625,
    "30": 94.29875000000001,
    "31": 96.99312500000003,
    "32": 99.05229166666668,
    "33": 101.8034375,
    "34": 103.18020833333334,
    "35": 105.29729166666667,
    "36": 107.76729166666668,
    "37": 109.25817708333334,
    "38": 110.66729166666667,
    "39": 111.96291666666667,
    "40": 113.38692708333333,
    "41": 115.21729166666667,
    "42": 117.19229166666668,
    "43": 118.84729166666668,
    "44": 120.26229166666667,
    "45": 122.09729166666668,
    "46": 123.71229166666667,
    "47": 125.41166666666669,
    "48": 127.53364583333337,
    "49": 130.4019791666667,
    "50": 132.634375,
    "51": 134.46072916666665,
    "52": 136.12916666666666,
    "53": 137.97302083333335,
    "54": 140.16072916666667,
    "55": 142.14072916666666,
    "56": 143.94072916666667,
    "57": 145.40072916666665,
    "58": 146.926875,
    "59": 147.72630208333334,
    "60": 148.69375000000002,
    "61": 150.09833333333336,
    "62": 155.55166666666668,
    "63": 156.98895833333333,
    "64": 163.19187499999998,
    "65": 165.41447916666667,
    "66": 170.22395833333334,
    "67": 173.67395833333333,
    "68": 178.23395833333333,
    "69": 182.1959375,
    "70": 183.95395833333333,
    "71": 186.82791666666665,
    "72": 188.74875,
    "73": 190.10791666666668,
    "74": 193.26947916666668,
    "75": 195.3959375,
    "76": 196.7759375,
    "77": 198.43177083333336,
    "78": 201.143125,
    "79": 204.0159375,
    "80": 207.20072916666666,
    "81": 209.31593750000002,
    "82": 210.97395833333334,
    "83": 214.05395833333333,
    "84": 215.21395833333332,
    "85": 222.18979166666668,
    "86": 224.30270833333336,
    "87": 227.37208333333334,
    "88": 229.07145833333334,
    "89": 232.26145833333334,
    "90": 234.62604166666668,
    "91": 237.06145833333335,
    "92": 239.21520833333335,
    "93": 240.57812500000003,
    "94": 244.19145833333334,
    "95": 247.81833333333336,
    "96": 249.71145833333333,
    "97": 254.60031249999997,
    "98": 256.8357291666666,
    "99": 258.61572916666665,
    "100": 260.73572916666666,
    "101": 263.80749999999995,
    "102": 265.64145833333333,
    "103": 267.49666666666667,
    "104": 271.546875,
    "105": 274.170625,
    "106": 276.684375,
    "107": 280.38145833333334,
    "108": 284.18145833333335,
    "109": 285.20145833333333,
    "110": 287.1952083333333,
    "111": 288.32145833333334,
    "112": 290.9614583333333,
    "113": 295.1014583333333,
    "114": 298.2333333333333,
    "115": 303.70968750000003,
    "116": 312.6896875,
    "117": 313.49469791666667,
    "118": 314.13013541666663,
    "119": 315.0291666666667,
    "120": 316.1096875,
    "121": 317.12645833333335,
    "122": 318.2368333333333,
    "123": 319.38645833333334,
    "124": 320.18052083333333,
    "125": 321.13146875,
    "126": 322.1923958333333,
    "127": 323.02876041666667,
    "128": 323.9686145833333,
    "129": 324.7989166666667,
    "130": 325.85502083333336,
    "131": 326.7911875,
    "132": 327.3381875,
    "133": 328.7264583333333,
    "134": 329.4896458333333,
    "135": 330.26645833333333,
    "136": 331.0564583333333,
    "137": 332.7107291666667,
    "138": 334.01645833333333,
    "139": 335.40375,
    "140": 336.69645833333334,
    "141": 338.0696875,
    "142": 339.2964583333333,
    "143": 340.68645833333335,
    "144": 341.8464583333333,
    "145": 342.9010416666667,
    "146": 343.94645833333334,
    "147": 345.0864583333333,
    "148": 346.23833333333334,
    "149": 347.3183333333333,
    "150": 348.34375,
    "151": 349.74645833333335,
    "152": 350.7264583333333,
    "153": 351.6664583333333,
    "154": 352.5864583333333,
    "155": 353.56645833333334,
    "156": 354.38645833333334,
    "157": 355.26645833333333,
    "158": 356.1664583333333,
    "159": 357.0464583333333,
    "160": 357.76645833333333,
    "161": 358.76645833333333,
    "162": 359.6464583333333,
    "163": 360.4864583333333,
    "164": 361.3664583333333,
    "165": 362.3664583333333,
    "166": 362.9264583333333,
    "167": 363.8464583333333,
    "168": 364.6464583333333,
    "169": 365.56645833333334,
    "170": 366.5264583333333,
    "171": 367.4264583333333,
    "172": 368.88916666666665,
    "173": 369.88645833333334,
    "174": 370.76645833333333,
    "175": 371.5678125,
    "176": 372.4101145833333,
    "177": 373.26645833333333,
    "178": 374.0578125,
    "179": 374.90052083333336,
    "180": 375.7864583333333,
    "181": 376.62645833333335,
    "182": 377.4264583333333,
    "183": 378.2864583333333,
    "184": 379.06645833333334,
    "185": 379.9064583333333,
    "186": 380.7378125,
    "187": 381.8464583333333,
    "188": 382.74645833333335,
    "189": 383.50645833333334,
    "190": 384.212625,
    "191": 384.8491666666667,
    "192": 385.55521875,
    "193": 386.24916666666667,
    "194": 386.8979270833333,
    "195": 387.57352083333336,
    "196": 388.2545833333333,
    "197": 388.94645833333334,
    "198": 389.5745833333333,
    "199": 390.24645833333335,
    "200": 390.8501145833333,
    "201": 391.50645833333334,
    "202": 392.18645833333335,
    "203": 392.9064583333333,
    "204": 393.59781250000003,
    "205": 394.18645833333335,
    "206": 394.95469791666665,
    "207": 395.4901145833333,
    "208": 396.20645833333333,
    "209": 396.80645833333335,
    "210": 397.50645833333334,
    "211": 398.30916666666667,
    "212": 399.04322916666666,
    "213": 399.7291666666667,
    "214": 400.39187499999997,
    "215": 401.06645833333334,
    "216": 401.75458333333336,
    "217": 402.43255208333335,
    "218": 403.111875,
    "219": 403.8464583333334,
    "220": 404.54645833333336,
    "221": 405.36645833333336,
    "222": 406.01469791666665,
    "223": 406.94645833333334,
    "224": 407.62645833333335,
    "225": 408.4664583333334,
    "226": 409.171875,
    "227": 410.3820833333334,
    "228": 411.24645833333335,
    "229": 412.0264583333334,
    "230": 412.78645833333337,
    "231": 413.45458333333335,
    "232": 414.10322916666667,
    "233": 414.80645833333335,
    "234": 415.4950520833333,
    "235": 416.22375000000005,
    "236": 417.03264583333333,
    "237": 417.7224166666667,
    "238": 418.54755208333336,
    "239": 419.15593750000005,
    "240": 419.99458333333337,
    "241": 420.66645833333337,
    "242": 421.6464583333334,
    "243": 423.94645833333334,
    "244": 426.5973958333334,
    "245": 428.8082291666667,
    "246": 430.94968750000004,
    "247": 431.7106666666667,
    "248": 432.3205208333333,
    "249": 433.1496875,
    "250": 433.91014583333333,
    "251": 434.5447291666667,
    "252": 435.1561979166667,
    "253": 435.7995416666667,
    "254": 436.41578125,
    "255": 437.3096875,
    "256": 438.08942708333336,
    "257": 438.9296875,
    "258": 439.70968750000003,
    "259": 440.6896875,
    "260": 441.5523958333334,
    "261": 442.4096875,
    "262": 443.1284166666667,
    "263": 443.9696875,
    "264": 444.7123958333334,
    "265": 445.5296875,
    "266": 446.38968750000004,
    "267": 447.2869791666667,
    "268": 448.07916666666665,
    "269": 448.9123958333334,
    "270": 449.61334375,
    "271": 450.39942708333336,
    "272": 451.13239583333336,
    "273": 451.95334375000004,
    "274": 452.6294270833333,
    "275": 453.37239583333337,
    "276": 454.03014583333334,
    "277": 454.9096875,
    "278": 455.60536458333337,
    "279": 456.4696875,
    "280": 457.10939583333334,