{
    "1": 0.23999999999999488,
    "2": 3.7559999999999967,
    "3": 9.03,
    "4": 11.96,
    "5": 17.07,
    "6": 20.405000000000005,
    "7": 25.085,
    "8": 27.775,
    "9": 35.895,
    "10": 40.795,
    "11": 42.059999999999995,
    "12": 44.4825,
    "13": 46.29750000000001,
    "14": 48.79,
    "15": 50.584999999999994,
    "16": 53.089999999999996,
    "17": 55.065,
    "18": 57.29500000000001,
    "19": 59.035000000000004,
    "20": 61.785000000000004,
    "21": 63.575,
    "22": 65.52,
    "23": 67.645,
    "24": 68.645,
    "25": 76.04322916666668,
    "26": 79.82729166666667,
    "27": 82.40593750000001,
    "28": 85.19739583333333,
    "29": 86.66593750000001,
    "30": 89.21562500000002,
    "31": 90.98520833333333,
    "32": 93.25875,
    "33": 95.2834375,
    "34": 97.60333333333334,
    "35": 99.28895833333334,
    "36": 101.46729166666667,
    "37": 103.3215625,
    "38": 104.86729166666667,
    "39": 106.15444791666667,
    "40": 107.48630208333334,
    "41": 109.08875,
    "42": 110.50520833333333,
    "43": 111.86729166666667,
    "44": 113.34229166666667,
    "45": 114.56020833333335,
    "46": 115.95812500000001,
    "47": 117.48729166666668,
    "48": 118.98343750000001,
    "49": 120.71010416666667,
    "50": 123.97864583333333,
    "51": 125.74072916666667,
    "52": 127.28916666666666,
    "53": 129.18072916666665,
    "54": 130.96072916666665,
    "55": 132.76072916666666,
    "56": 134.34072916666668,
    "57": 136.04072916666667,
    "58": 138.59145833333335,
    "59": 139.71145833333333,
    "60": 141.15145833333332,
    "61": 142.39375,
    "62": 148.25729166666665,
    "63": 149.96895833333332,
    "64": 155.07895833333333,
    "65": 156.91447916666667,
    "66": 161.95562500000005,
    "67": 164.633125,
    "68": 169.34625,
    "69": 173.19510416666668,
    "70": 175.05395833333333,
    "71": 177.67395833333333,
    "72": 179.72395833333334,
    "73": 181.26395833333333,
    "74": 184.37593750000002,
    "75": 186.6959375,
    "76": 188.25593750000002,
    "77": 189.88052083333335,
    "78": 192.34312500000001,
    "79": 195.1503125,
    "80": 197.63510416666668,
    "81": 198.93593750000002,
    "82": 202.63395833333334,
    "83": 203.89395833333333,
    "84": 204.91395833333334,
    "85": 211.70604166666672,
    "86": 215.620625,
    "87": 218.17604166666666,
    "88": 219.63145833333334,
    "89": 221.62145833333335,
    "90": 224.28145833333335,
    "91": 226.15833333333333,
    "92": 227.70437500000003,
    "93": 229.23145833333334,
    "94": 231.30979166666668,
    "95": 234.93145833333332,
    "96": 236.75145833333335,
    "97": 241.5180208333333,
    "98": 243.25572916666667,
    "99": 244.85572916666666,
    "100": 246.40802083333307,
    "101": 248.87374999999997,
    "102": 250.52145833333333,
    "103": 251.8704166666666,
    "104": 254.71802083333333,
    "105": 257.3614583333333,
    "106": 258.9214583333333,
    "107": 261.88145833333334,
    "108": 265.91624999999993,
    "109": 267.38145833333334,
    "110": 269.0381249999999,
    "111": 271.63791666666657,
    "112": 273.12145833333335,
    "113": 278.670625,
    "114": 281.64604166666663,
    "115": 289.4096875,
    "116": 292.6896875,
    "117": 293.5496875,
    "118": 294.4923958333333,
    "119": 295.8464583333333,
    "120": 297.3096875,
    "121": 298.571875,
    "122": 299.9653645833333,
    "123": 301.23553125,
    "124": 302.4348333333333,
    "125": 303.5787916666667,
    "126": 304.74052083333333,
    "127": 305.79295833333333,
    "128": 306.90729166666665,
    "129": 307.9264583333333,
    "130": 309.2296875,
    "131": 310.11322916666666,
    "132": 311.0715104166666,
    "133": 311.991875,
    "134": 313.0296875,
    "135": 313.94645833333334,
    "136": 314.6564583333333,
    "137": 316.1096875,
    "138": 317.19645833333334,
    "139": 318.2864583333333,
    "140": 319.4364583333333,
    "141": 320.5296875,
    "142": 321.606625,
    "143": 322.8410416666667,
    "144": 323.72821875,
    "145": 324.6464583333333,
    "146": 325.56645833333334,
    "147": 326.4664583333333,
    "148": 327.38645833333334,
    "149": 328.2864583333333,
    "150": 329.20645833333333,
    "151": 330.32104166666664,
    "152": 331.3178125,
    "153": 332.2264583333333,
    "154": 333.1806354166667,
    "155": 334.00645833333334,
    "156": 334.9215,
    "157": 335.6464583333333,
    "158": 336.4945833333333,
    "159": 337.26645833333333,
    "160": 338.1464583333333,
    "161": 338.871875,
    "162": 339.7264583333333,
    "163": 340.4664583333333,
    "164": 341.20645833333333,
    "165": 341.8491666666667,
    "166": 342.6064583333333,
    "167": 343.30645833333335,
    "168": 343.9264583333333,
    "169": 344.6064583333333,
    "170": 345.6664583333333,
    "171": 346.50645833333334,
    "172": 348.5264583333333,
    "173": 350.00645833333334,
    "174": 351.2264583333333,
    "175": 352.3664583333333,
    "176": 353.4064583333333,
    "177": 354.4264583333333,
    "178": 355.5264583333333,
    "179": 356.76645833333333,
    "180": 357.6259375,
    "181": 358.47052083333335,
    "182": 359.2505208333333,
    "183": 360.03052083333336,
    "184": 360.7909270833333,
    "185": 361.5831145833333,
    "186": 362.3878125,
    "187": 363.40052083333336,
    "188": 364.12645833333335,
    "189": 364.82420833333333,
    "190": 365.53792708333333,
    "191": 366.1464583333333,
    "192": 366.941875,
    "193": 367.62916666666666,
    "194": 368.3205208333333,
    "195": 369.26645833333333,
    "196": 370.0464583333333,
    "197": 370.7478125,
    "198": 371.4891666666667,
    "199": 372.2152604166667,
    "200": 372.9664583333333,
    "201": 373.6464583333333,
    "202": 374.44645833333334,
    "203": 375.1145833333333,
    "204": 375.8491666666667,
    "205": 376.551875,
    "206": 377.2864583333333,
    "207": 378.00645833333334,
    "208": 378.7091666666667,
    "209": 379.44645833333334,
    "210": 380.0945833333334,
    "211": 380.90781250000003,
    "212": 381.6378125,
    "213": 382.41348958333333,
    "214": 383.1378125,
    "215": 383.8691666666667,
    "216": 384.56417708333333,
    "217": 385.33187499999997,
    "218": 386.07792708333335,
    "219": 386.7891666666667,
    "220": 387.5264583333334,
    "221": 388.42755208333335,
    "222": 389.13521875000004,
    "223": 390.1464583333334,
    "224": 390.9064583333334,
    "225": 391.9664583333334,
    "226": 392.751875,
    "227": 394.1312500000001,
    "228": 395.48645833333336,
    "229": 396.48375000000004,
    "230": 397.4664583333334,
    "231": 398.2891666666667,
    "232": 399.051875,
    "233": 399.72645833333337,
    "234": 400.55521875000005,
    "235": 401.32040625,
    "236": 402.291125,
    "237": 403.114375,
    "238": 403.8464583333334,
    "239": 404.58063541666667,
    "240": 405.31792708333336,
    "241": 405.96781250000004,
    "242": 406.6150520833333,
    "243": 407.2505208333333,
    "244": 408.3128229166666,
    "245": 409.0882291666667,
    "246": 410.4069791666667,
    "247": 415.0096875,
    "248": 415.9896875,
    "249": 416.8988541666667,
    "250": 417.7038645833333,
    "251": 418.18634375,
    "252": 418.7632291666667,
    "253": 419.3323020833334,
    "254": 419.9696875,
    "255": 420.8787604166667,
    "256": 421.57645833333333,
    "257": 422.39415625000004,
    "258": 423.30484375000003,
    "259": 424.0096875,
    "260": 424.9896875,
    "261": 425.82968750000003,
    "262": 426.6778125,
    "263": 427.5096875,
    "264": 428.38968750000004,
    "265": 429.2496875,
    "266": 430.2496875,
    "267": 431.21671875000004,
    "268": 431.9795416666667,
    "269": 432.6768333333334,
    "270": 433.45510416666673,
    "271": 434.1710416666667,
    "272": 434.84397916666666,
    "273": 435.5778125,
    "274": 436.31375,
    "275": 437.0696875,
    "276": 437.7951041666667,
    "277": 438.68980208333335,
    "278": 439.3751041666667,
    "279": 440.2896875,
    "280": 441.0923958333334,
    "281": 442.0323958333334,
    "282": 442.89239583333335,