{
    "1": 0.9800000000000026,
    "2": 4.208000000000002,
    "3": 9.05,
    "4": 11.74,
    "5": 15.855,
    "6": 18.565,
    "7": 22.385,
    "8": 24.995,
    "9": 32.535000000000004,
    "10": 33.775,
    "11": 36.955,
    "12": 38.5325,
    "13": 39.7325,
    "14": 41.654999999999994,
    "15": 43.105,
    "16": 44.79,
    "17": 46.125,
    "18": 47.655,
    "19": 48.955,
    "20": 50.99,
    "21": 52.115,
    "22": 53.585,
    "23": 55.305,
    "24": 56.585,
    "25": 65.6459375,
    "26": 68.86729166666667,
    "27": 70.6259375,
    "28": 72.1259375,
    "29": 73.20885416666667,
    "30": 74.82520833333334,
    "31": 76.55104166666668,
    "32": 78.07229166666667,
    "33": 79.5434375,
    "34": 81.28895833333334,
    "35": 83.27729166666667,
    "36": 84.96729166666667,
    "37": 86.71729166666667,
    "38": 88.36729166666667,
    "39": 89.88984375000001,
    "40": 91.33729166666667,
    "41": 93.39166666666667,
    "42": 95.47166666666668,
    "43": 97.14729166666667,
    "44": 98.50229166666666,
    "45": 99.67729166666668,
    "46": 100.91229166666668,
    "47": 102.66729166666667,
    "48": 104.02216666666668,
    "49": 106.3619791666667,
    "50": 108.05864583333333,
    "51": 109.36072916666667,
    "52": 110.72072916666667,
    "53": 112.02072916666667,
    "54": 113.68072916666668,
    "55": 115.29447916666668,
    "56": 117.86072916666667,
    "57": 121.16072916666667,
    "58": 123.64916666666667,
    "59": 124.61145833333333,
    "60": 125.49145833333334,
    "61": 126.540625,
    "62": 132.778125,
    "63": 134.62895833333334,
    "64": 138.23770833333333,
    "65": 140.09447916666667,
    "66": 144.411875,
    "67": 146.68020833333333,
    "68": 149.88875,
    "69": 153.56614583333337,
    "70": 155.87395833333335,
    "71": 157.99395833333332,
    "72": 159.42395833333333,
    "73": 160.443125,
    "74": 162.6759375,
    "75": 163.97593750000001,
    "76": 165.15593750000002,
    "77": 166.25177083333335,
    "78": 168.04395833333334,
    "79": 170.59114583333334,
    "80": 173.2478125,
    "81": 175.2359375,
    "82": 178.13395833333334,
    "83": 179.09916666666666,
    "84": 180.11395833333333,
    "85": 189.97833333333335,
    "86": 192.21666666666667,
    "87": 193.920625,
    "88": 195.03145833333335,
    "89": 196.7566666666667,
    "90": 198.12145833333335,
    "91": 199.98145833333334,
    "92": 202.06145833333335,
    "93": 203.31145833333335,
    "94": 206.15895833333335,
    "95": 210.28291666666667,
    "96": 212.79145833333334,
    "97": 216.45572916666666,
    "98": 217.59572916666664,
    "99": 218.61572916666665,
    "100": 220.12031249999998,
    "101": 222.20145833333333,
    "102": 223.66145833333331,
    "103": 225.53520833333332,
    "104": 229.35572916666666,
    "105": 232.34145833333332,
    "106": 235.23645833333327,
    "107": 237.72145833333332,
    "108": 242.94291666666666,
    "109": 244.04145833333334,
    "110": 246.15666666666664,
    "111": 248.67208333333332,
    "112": 250.14145833333333,
    "113": 255.64145833333333,
    "114": 259.3614583333333,
    "115": 270.1148958333333,
    "116": 276.80052083333334,
    "117": 277.653375,
    "118": 278.33415625000004,
    "119": 279.42052083333334,
    "120": 280.64409375,
    "121": 281.70645833333333,
    "122": 282.75671874999995,
    "123": 283.62889583333333,
    "124": 284.76968750000003,
    "125": 285.8310625,
    "126": 286.8530520833333,
    "127": 287.99864583333334,
    "128": 288.90409375,
    "129": 289.775375,
    "130": 291.20968750000003,
    "131": 291.83620833333333,
    "132": 292.65239583333334,
    "133": 293.62916666666666,
    "134": 294.6978125,
    "135": 295.5864583333333,
    "136": 296.6164583333333,
    "137": 298.0910416666667,
    "138": 299.2128125,
    "139": 300.2891666666667,
    "140": 301.3164583333333,
    "141": 302.27239583333335,
    "142": 303.21933333333334,
    "143": 304.20375,
    "144": 304.99769791666665,
    "145": 305.7264583333333,
    "146": 306.4864583333333,
    "147": 307.20645833333333,
    "148": 307.8945833333333,
    "149": 308.6464583333333,
    "150": 309.3691666666667,
    "151": 310.0264583333333,
    "152": 310.7264583333333,
    "153": 311.5464583333333,
    "154": 312.5464583333333,
    "155": 315.1664583333333,
    "156": 316.44645833333334,
    "157": 317.53291666666667,
    "158": 318.72479166666665,
    "159": 319.8464583333333,
    "160": 320.8464583333333,
    "161": 321.9864583333333,
    "162": 322.5864583333333,
    "163": 323.67291666666665,
    "164": 324.50645833333334,
    "165": 325.50645833333334,
    "166": 327.0264583333333,
    "167": 328.6875,
    "168": 329.72375,
    "169": 330.9264583333333,
    "170": 331.5864583333333,
    "171": 332.26645833333333,
    "172": 332.80645833333335,
    "173": 333.5291666666667,
    "174": 334.2478125,
    "175": 335.06645833333334,
    "176": 337.12645833333335,
    "177": 338.74645833333335,
    "178": 341.6064583333333,
    "179": 342.8089166666667,
    "180": 343.2613125,
    "181": 343.9264583333333,
    "182": 346.20645833333333,
    "183": 347.68645833333335,
    "184": 350.1464583333333,
    "185": 351.44645833333334,
    "186": 352.82645833333333,
    "187": 354.1464583333333,
    "188": 354.8191875,
    "189": 356.88645833333334,
    "190": 357.70507291666667,
    "191": 358.5891666666667,
    "192": 359.5864583333333,
    "193": 360.50691666666665,
    "194": 361.3664583333333,
    "195": 362.4864583333333,
    "196": 363.4864583333333,
    "197": 364.65781250000003,
    "198": 365.5701145833333,
    "199": 367.0464583333333,
    "200": 368.32645833333333,
    "201": 370.5864583333333,
    "202": 372.0464583333333,
    "203": 373.88645833333334,
    "204": 374.8464583333333,
    "205": 375.9064583333333,
    "206": 377.0264583333333,
    "207": 378.1464583333333,
    "208": 380.2264583333333,
    "209": 381.36645833333336,
    "210": 382.46375000000006,
    "211": 384.1464583333334,
    "212": 385.2064583333334,
    "213": 386.16645833333337,
    "214": 387.1464583333334,
    "215": 388.18645833333335,
    "216": 390.54645833333336,
    "217": 391.5864583333334,
    "218": 394.32645833333333,
    "219": 395.66645833333337,
    "220": 396.651875,
    "221": 397.48645833333336,
    "222": 398.6464583333334,
    "223": 399.86645833333336,
    "224": 401.16645833333337,
    "225": 402.18645833333335,
    "226": 402.80645833333335,
    "227": 403.80645833333335,
    "228": 404.92645833333336,
    "229": 406.3587500000001,
    "230": 407.48645833333336,
    "231": 408.60645833333336,
    "232": 410.72645833333337,
    "233": 411.72645833333337,
    "234": 412.78645833333337,
    "235": 413.78645833333337,
    "236": 414.6464583333334,
    "237": 417.92645833333336,
    "238": 418.76645833333333,
    "239": 419.76645833333333,
    "240": 421.32645833333333,
    "241": 422.68645833333335,
    "242": 423.78645833333337,
    "243": 424.6464583333334,
    "244": 425.5882291666667,
    "245": 427.50302083333344,
    "246": 429.1496875,
    "247": 430.4263541666668,
    "248": 432.4096875,
    "249": 437.4096875,
    "250": 438.4896875,
    "251": 439.76968750000003,
    "252": 441.0096875,
    "253": 442.1296875,
    "254": 443.98364583333347,
    "255": 446.61281250000013,
    "256": 448.5896875,
    "257": 452.1440625000002,
    "258": 453.5161458333334,
    "259": 455.4042708333334,
    "260": 457.6296875,
    "261": 458.6496875,
    "262": 462.4102083333334,
    "263": 464.5030208333335,
    "264": 466.6496875,
    "265": 467.88968750000004,
    "266": 469.32968750000003,
    "267": 470.38968750000004,
    "268": 471.51343750000007,
    "269": 474.1896875,
    "270": 475.5296875,
    "271": 477.31385416666683,
    "272": 480.84385416666703,
    "273": 482.1096875,
    "274": 483.33343750000006,
    "275": 485.91614583333336,
    "276": 487.0496875,
    "277": 487.9696875,
    "278": 488.9096875,
    "279": 489.7296875,
    "280": 490.70968750000003,
    "281": 491.5296875,
    "282": 492.45510416666673,