{
    "1": 1.7799999999999998,
    "2": 4.96,
    "3": 9.73,
    "4": 12.38,
    "5": 17.005,
    "6": 20.665,
    "7": 25.235,
    "8": 29.075,
    "9": 34.675000000000004,
    "10": 37.535000000000004,
    "11": 39.255,
    "12": 41.1525,
    "13": 42.5925,
    "14": 44.605,
    "15": 46.06999999999999,
    "16": 48.045,
    "17": 49.165,
    "18": 50.76,
    "19": 51.915,
    "20": 54.07,
    "21": 55.475,
    "22": 57.074999999999996,
    "23": 58.195,
    "24": 59.405,
    "25": 68.0059375,
    "26": 71.07541666666673,
    "27": 74.90593750000001,
    "28": 76.41468750000001,
    "29": 77.54593750000001,
    "30": 79.17229166666667,
    "31": 80.97229166666668,
    "32": 82.47166666666668,
    "33": 84.2834375,
    "34": 86.19729166666667,
    "35": 87.83729166666667,
    "36": 89.48583333333335,
    "37": 90.96369791666667,
    "38": 92.78729166666668,
    "39": 94.28944791666666,
    "40": 95.56291666666667,
    "41": 97.59729166666668,
    "42": 99.28395833333335,
    "43": 100.99312500000002,
    "44": 102.44229166666666,
    "45": 104.07166666666667,
    "46": 105.65104166666667,
    "47": 107.21458333333335,
    "48": 109.07864583333334,
    "49": 111.07010416666667,
    "50": 113.65864583333334,
    "51": 115.06916666666666,
    "52": 116.556875,
    "53": 118.06072916666668,
    "54": 119.78072916666667,
    "55": 121.20072916666668,
    "56": 122.64916666666667,
    "57": 124.16072916666667,
    "58": 126.45375,
    "59": 127.58062500000001,
    "60": 129.51604166666667,
    "61": 130.97604166666667,
    "62": 137.278125,
    "63": 139.64895833333333,
    "64": 144.213125,
    "65": 146.75447916666667,
    "66": 152.09812500000004,
    "67": 154.65229166666666,
    "68": 159.15395833333335,
    "69": 163.1982291666667,
    "70": 165.33395833333333,
    "71": 166.83395833333333,
    "72": 168.40395833333332,
    "73": 169.78395833333335,
    "74": 172.5159375,
    "75": 173.93593750000002,
    "76": 175.03593750000002,
    "77": 176.26947916666668,
    "78": 178.50395833333334,
    "79": 180.3359375,
    "80": 182.3959375,
    "81": 183.71593750000002,
    "82": 186.21395833333332,
    "83": 187.33395833333333,
    "84": 188.31395833333335,
    "85": 194.85145833333334,
    "86": 196.39145833333333,
    "87": 198.35375000000002,
    "88": 199.49145833333333,
    "89": 201.38145833333334,
    "90": 203.06145833333335,
    "91": 204.82145833333334,
    "92": 206.14145833333336,
    "93": 208.19145833333334,
    "94": 209.53145833333335,
    "95": 212.67833333333334,
    "96": 214.17145833333333,
    "97": 218.43572916666665,
    "98": 219.57572916666666,
    "99": 220.75572916666667,
    "100": 222.21572916666665,
    "101": 224.210625,
    "102": 225.8814583333333,
    "103": 227.12749999999997,
    "104": 230.25572916666667,
    "105": 232.68145833333332,
    "106": 236.15041666666662,
    "107": 238.36604166666663,
    "108": 240.25645833333328,
    "109": 241.94145833333332,
    "110": 243.6520833333333,
    "111": 245.1089583333333,
    "112": 246.28145833333332,
    "113": 250.75354166666665,
    "114": 254.33708333333317,
    "115": 260.3696875,
    "116": 262.05510416666664,
    "117": 262.88968750000004,
    "118": 263.70634375000003,
    "119": 264.691875,
    "120": 265.96052083333336,
    "121": 267.06645833333334,
    "122": 268.292125,
    "123": 269.2849583333333,
    "124": 270.53510416666666,
    "125": 271.7264583333333,
    "126": 272.8696875,
    "127": 273.99079166666667,
    "128": 275.16138541666663,
    "129": 276.4264583333333,
    "130": 277.35239583333333,
    "131": 278.5464583333333,
    "132": 279.5115104166666,
    "133": 280.71176041666666,
    "134": 281.8496875,
    "135": 282.9864583333333,
    "136": 283.90375,
    "137": 285.6896875,
    "138": 286.6913020833333,
    "139": 287.711875,
    "140": 288.7764583333333,
    "141": 289.7323958333333,
    "142": 290.7945833333333,
    "143": 291.99125000000004,
    "144": 292.65092708333333,
    "145": 293.4664583333333,
    "146": 294.251875,
    "147": 295.0864583333333,
    "148": 295.931875,
    "149": 296.76645833333333,
    "150": 297.56645833333334,
    "151": 298.26645833333333,
    "152": 299.22322916666667,
    "153": 299.9891666666667,
    "154": 300.70645833333333,
    "155": 301.6664583333333,
    "156": 302.5464583333333,
    "157": 303.28755208333337,
    "158": 304.20645833333333,
    "159": 304.9664583333333,
    "160": 305.8464583333333,
    "161": 306.5864583333333,
    "162": 307.4264583333333,
    "163": 308.26645833333333,
    "164": 309.1064583333333,
    "165": 309.77003125,
    "166": 310.4891666666667,
    "167": 311.32645833333333,
    "168": 312.12645833333335,
    "169": 312.8664583333333,
    "170": 313.8664583333333,
    "171": 314.91833333333335,
    "172": 316.4864583333333,
    "173": 317.56645833333334,
    "174": 318.4745833333333,
    "175": 319.27781250000004,
    "176": 320.0264583333333,
    "177": 320.7934895833333,
    "178": 321.5695104166667,
    "179": 322.332625,
    "180": 323.03011458333333,
    "181": 323.8370625,
    "182": 324.5631145833333,
    "183": 325.3078125,
    "184": 326.0864583333333,
    "185": 326.8464583333333,
    "186": 327.6321041666667,
    "187": 328.38645833333334,
    "188": 329.1091666666667,
    "189": 329.82645833333333,
    "190": 330.60507291666664,
    "191": 331.4064583333333,
    "192": 332.06645833333334,
    "193": 332.7864583333333,
    "194": 333.7864583333333,
    "195": 334.7264583333333,
    "196": 335.595125,
    "197": 336.24645833333335,
    "198": 336.91553125,
    "199": 337.7264583333333,
    "200": 338.5259375,
    "201": 339.20645833333333,
    "202": 339.8945833333333,
    "203": 340.7264583333333,
    "204": 341.4760729166667,
    "205": 342.26645833333333,
    "206": 343.3464583333333,
    "207": 343.8134895833333,
    "208": 344.51620833333334,
    "209": 345.25348958333336,
    "210": 346.0831145833334,
    "211": 347.1091666666667,
    "212": 347.9335,
    "213": 348.6464583333334,
    "214": 349.32645833333333,
    "215": 349.9961979166667,
    "216": 350.65512500000006,
    "217": 351.4064583333334,
    "218": 352.0864583333334,
    "219": 352.7632291666667,
    "220": 353.50916666666666,
    "221": 354.36645833333336,
    "222": 355.09469791666663,
    "223": 355.96821875,
    "224": 356.7136354166667,
    "225": 357.6464583333334,
    "226": 358.54645833333336,
    "227": 360.68041666666676,
    "228": 361.98645833333336,
    "229": 362.86645833333336,
    "230": 363.7451458333333,
    "231": 364.54645833333336,
    "232": 365.2705208333333,
    "233": 365.92645833333336,
    "234": 366.9664583333334,
    "235": 367.40146875000005,
    "236": 368.1689166666667,
    "237": 368.83187499999997,
    "238": 369.1966145833333,
    "239": 370.18645833333335,
    "240": 370.80916666666667,
    "241": 371.53879166666667,
    "242": 372.251125,
    "243": 372.88645833333334,
    "244": 374.2682291666667,
    "245": 377.4082291666667,
    "246": 378.70968750000003,
    "247": 381.8496875,
    "248": 382.48755208333336,
    "249": 383.5269791666667,
    "250": 384.44968750000004,
    "251": 384.9778125,
    "252": 385.58127083333335,
    "253": 386.2128541666667,
    "254": 386.80484375000003,
    "255": 387.4274375,
    "256": 388.02092708333333,
    "257": 388.7378125,
    "258": 389.4696875,
    "259": 390.3496875,
    "260": 391.0751041666667,
    "261": 391.76115625,
    "262": 392.4449583333333,
    "263": 392.9696875,
    "264": 393.7578125,
    "265": 394.44968750000004,
    "266": 395.2496875,
    "267": 396.2496875,
    "268": 396.8919895833334,
    "269": 397.60213541666667,
    "270": 398.3323958333334,
    "271": 399.0896875,
    "272": 399.88968750000004,
    "273": 400.4866875,
    "274": 401.19239583333336,
    "275": 402.00795833333336,
    "276": 402.66311458333337,
    "277": 403.42052083333334,
    "278": 404.13371875,
    "279": 405.0696875,
    "280": 405.78389583333336,
    "281": 406.62980208333335,
    "282": 407.4378125,