{
    "1": 7.9799999999999915,
    "2": 11.375999999999994,
    "3": 16.47,
    "4": 19.3,
    "5": 23.84,
    "6": 27.205000000000002,
    "7": 32.17,
    "8": 35.895,
    "9": 44.115,
    "10": 46.475,
    "11": 48.655,
    "12": 50.652499999999996,
    "13": 52.652499999999996,
    "14": 55.01,
    "15": 57.17,
    "16": 59.324999999999996,
    "17": 60.925,
    "18": 62.85000000000001,
    "19": 64.675,
    "20": 67.13000000000001,
    "21": 68.875,
    "22": 71.02,
    "23": 73.52499999999999,
    "24": 74.925,
    "25": 83.3459375,
    "26": 87.35458333333335,
    "27": 89.5659375,
    "28": 91.61197916666669,
    "29": 92.9859375,
    "30": 95.22083333333337,
    "31": 96.95687500000001,
    "32": 98.59229166666667,
    "33": 100.5234375,
    "34": 103.05729166666667,
    "35": 105.13729166666667,
    "36": 106.76875000000001,
    "37": 108.59729166666668,
    "38": 110.32729166666667,
    "39": 111.61095833333334,
    "40": 112.97729166666667,
    "41": 115.06020833333335,
    "42": 116.63229166666667,
    "43": 118.10875,
    "44": 119.38229166666667,
    "45": 120.91166666666668,
    "46": 122.338125,
    "47": 123.86729166666667,
    "48": 125.39989583333335,
    "49": 127.91052083333336,
    "50": 130.11864583333332,
    "51": 131.36072916666666,
    "52": 132.56072916666668,
    "53": 133.82072916666667,
    "54": 135.28072916666667,
    "55": 136.50072916666667,
    "56": 137.59302083333336,
    "57": 138.70072916666666,
    "58": 141.21145833333333,
    "59": 142.43145833333332,
    "60": 143.71145833333333,
    "61": 145.17375,
    "62": 150.81895833333334,
    "63": 152.24895833333332,
    "64": 156.83895833333332,
    "65": 158.59447916666667,
    "66": 164.82875,
    "67": 167.3133333333333,
    "68": 172.95395833333333,
    "69": 178.31593750000002,
    "70": 180.85395833333334,
    "71": 182.53395833333335,
    "72": 184.56395833333332,
    "73": 186.11666666666667,
    "74": 189.2959375,
    "75": 191.53593750000002,
    "76": 192.72229166666668,
    "77": 194.22281250000003,
    "78": 196.87979166666668,
    "79": 199.5903125,
    "80": 202.68072916666665,
    "81": 204.5559375,
    "82": 206.63395833333334,
    "83": 208.11395833333333,
    "84": 208.95916666666665,
    "85": 216.39375,
    "86": 218.07270833333337,
    "87": 220.09375,
    "88": 221.61145833333333,
    "89": 223.80145833333336,
    "90": 225.52145833333336,
    "91": 227.78145833333335,
    "92": 229.444375,
    "93": 230.79145833333334,
    "94": 233.39145833333333,
    "95": 236.83145833333333,
    "96": 239.11145833333333,
    "97": 243.29604166666664,
    "98": 244.99802083333333,
    "99": 246.73572916666666,
    "100": 248.50739583333313,
    "101": 250.80604166666666,
    "102": 252.58145833333333,
    "103": 254.17354166666664,
    "104": 257.55572916666665,
    "105": 260.82291666666663,
    "106": 262.2889583333333,
    "107": 265.3414583333333,
    "108": 268.5214583333333,
    "109": 270.38145833333334,
    "110": 272.14145833333333,
    "111": 274.5214583333333,
    "112": 276.06145833333335,
    "113": 280.83645833333327,
    "114": 283.2414583333333,
    "115": 298.35468749999995,
    "116": 299.5896875,
    "117": 300.37104166666666,
    "118": 301.15876041666667,
    "119": 302.1664583333333,
    "120": 303.2579270833333,
    "121": 304.26951041666666,
    "122": 305.3590208333333,
    "123": 306.29390625,
    "124": 307.392125,
    "125": 308.44645833333334,
    "126": 309.48052083333334,
    "127": 310.49322916666665,
    "128": 311.4968645833333,
    "129": 312.455375,
    "130": 313.6096875,
    "131": 314.56645833333334,
    "132": 315.5096875,
    "133": 316.45446875,
    "134": 317.4896875,
    "135": 318.3664583333333,
    "136": 319.3364583333333,
    "137": 320.60893749999997,
    "138": 321.46916666666664,
    "139": 322.44916666666666,
    "140": 323.4313020833333,
    "141": 324.2832291666667,
    "142": 325.2364583333333,
    "143": 326.24104166666666,
    "144": 326.9664583333333,
    "145": 327.7264583333333,
    "146": 328.50645833333334,
    "147": 329.2864583333333,
    "148": 330.0864583333333,
    "149": 330.86375,
    "150": 331.6064583333333,
    "151": 332.38916666666665,
    "152": 333.21469791666664,
    "153": 333.9264583333333,
    "154": 334.74805208333333,
    "155": 335.5264583333333,
    "156": 336.3279166666667,
    "157": 336.9864583333333,
    "158": 337.758375,
    "159": 338.56645833333334,
    "160": 339.4264583333333,
    "161": 340.3178125,
    "162": 340.8551041666667,
    "163": 341.5864583333333,
    "164": 342.3546979166667,
    "165": 343.06645833333334,
    "166": 343.6341770833333,
    "167": 344.5464583333333,
    "168": 345.32916666666665,
    "169": 345.9664583333333,
    "170": 346.70645833333333,
    "171": 347.6902083333334,
    "172": 349.0464583333333,
    "173": 350.20645833333333,
    "174": 351.1031145833333,
    "175": 351.94645833333334,
    "176": 352.711875,
    "177": 353.5205208333333,
    "178": 354.31322916666664,
    "179": 355.2864583333333,
    "180": 356.16052083333335,
    "181": 356.911875,
    "182": 357.68645833333335,
    "183": 358.6464583333333,
    "184": 359.5464583333333,
    "185": 360.6064583333333,
    "186": 361.6064583333333,
    "187": 363.12645833333335,
    "188": 363.9449583333333,
    "189": 364.671875,
    "190": 365.3805208333333,
    "191": 366.0245833333333,
    "192": 366.7606354166667,
    "193": 367.4664583333333,
    "194": 368.09879166666667,
    "195": 368.8464583333333,
    "196": 369.471875,
    "197": 370.132625,
    "198": 370.7725520833333,
    "199": 371.43533333333335,
    "200": 372.0891666666667,
    "201": 372.7264583333333,
    "202": 373.3145833333333,
    "203": 374.2264583333333,
    "204": 374.9759375,
    "205": 375.6464583333333,
    "206": 376.4815,
    "207": 377.091875,
    "208": 377.77634374999997,
    "209": 378.4664583333334,
    "210": 379.3015,
    "211": 379.9664583333334,
    "212": 380.6591666666667,
    "213": 381.33458333333334,
    "214": 382.07255208333333,
    "215": 382.82645833333333,
    "216": 383.54645833333336,
    "217": 384.17521875000006,
    "218": 384.8545833333334,
    "219": 385.60645833333336,
    "220": 386.28495833333335,
    "221": 387.211875,
    "222": 387.93262500000003,
    "223": 388.86645833333336,
    "224": 389.62645833333335,
    "225": 390.43458333333336,
    "226": 391.24645833333335,
    "227": 392.61770833333344,
    "228": 393.66645833333337,
    "229": 394.6464583333334,
    "230": 395.42645833333336,
    "231": 396.211875,
    "232": 396.88149999999996,
    "233": 397.4664583333334,
    "234": 398.16859375,
    "235": 398.75026041666666,
    "236": 399.4912395833333,
    "237": 400.18978125,
    "238": 400.7970625,
    "239": 401.4724791666667,
    "240": 402.13348958333336,
    "241": 402.75011458333336,
    "242": 403.60645833333336,
    "243": 406.1441666666668,
    "244": 407.9082291666667,
    "245": 410.01010416666674,
    "246": 411.86634375,
    "247": 412.45371875,
    "248": 413.0501458333333,
    "249": 413.7110416666667,
    "250": 414.27112500000004,
    "251": 414.90127083333334,
    "252": 415.5296875,
    "253": 416.04397916666665,
    "254": 416.63415625,
    "255": 417.29375000000005,
    "256": 417.96905208333334,
    "257": 418.70968750000003,
    "258": 419.5696875,
    "259": 420.5896875,
    "260": 421.5096875,
    "261": 422.1978125,
    "262": 422.91014583333333,
    "263": 423.6496875,
    "264": 424.26968750000003,
    "265": 424.8778125,
    "266": 425.70968750000003,
    "267": 426.45441666666665,
    "268": 427.0496875,
    "269": 427.6564583333334,
    "270": 428.33078125000003,
    "271": 428.9461979166667,
    "272": 429.6576979166667,
    "273": 430.31835416666667,
    "274": 431.0151041666667,
    "275": 431.7896875,
    "276": 432.36052083333334,
    "277": 433.22052083333335,
    "278": 433.92311458333336,
    "279": 434.79578125,
    "280": 435.5325104166667,
    "281": 436.30052083333334,
    "282": 437.12536458333335,