{
    "1": 2.989166666666669,
    "2": 3.525000000000002,
    "3": 9.955,
    "4": 16.384999999999998,
    "5": 22.35,
    "6": 30.174999999999997,
    "7": 35.695,
    "8": 41.515,
    "9": 49.2975,
    "10": 56.23250000000001,
    "11": 63.45,
    "12": 70.275,
    "13": 75.9375,
    "14": 84.635,
    "15": 89.58500000000001,
    "16": 95.3775,
    "17": 103.375,
    "18": 110.545,
    "19": 118.02499999999999,
    "20": 125.005,
    "21": 131.485,
    "22": 138.505,
    "23": 144.60500000000002,
    "24": 150.38500000000002,
    "25": 160.16250000000002,
    "26": 166.9925,
    "27": 173.75750000000002,
    "28": 179.52,
    "29": 186.6925,
    "30": 193.4725,
    "31": 201.28500000000003,
    "32": 207.0575,
    "33": 212.1525,
    "34": 219.23749999999998,
    "35": 229.2925,
    "36": 234.1325
}