{
    "1": 10.260000000000007,
    "2": 10.875000000000007,
    "3": 18.255000000000003,
    "4": 25.634999999999998,
    "5": 33.3,
    "6": 42.435,
    "7": 49.989999999999995,
    "8": 57.375,
    "9": 67.8375,
    "10": 76.9975,
    "11": 84.2975,
    "12": 92.58,
    "13": 99.135,
    "14": 109.9675,
    "15": 116.7675,
    "16": 122.4175,
    "17": 134.885,
    "18": 142.585,
    "19": 150.415,
    "20": 157.2,
    "21": 164.13,
    "22": 172.685,
    "23": 181.125,
    "24": 188.94500000000002,
    "25": 200.025,
    "26": 207.07500000000002,
    "27": 214.805,
    "28": 222.515,
    "29": 232.1925,
    "30": 240.5225,
    "31": 247.565,
    "32": 253.9125,
    "33": 260.3925,
    "34": 273.625,
    "35": 285.29249999999996,
    "36": 291.0125
}