{
    "1": 9.651250000000001,
    "2": 10.170000000000002,
    "3": 16.395,
    "4": 22.619999999999997,
    "5": 28.93,
    "6": 35.595,
    "7": 41.83,
    "8": 47.394999999999996,
    "9": 56.1775,
    "10": 63.3175,
    "11": 71.9175,
    "12": 77.9975,
    "13": 84.2325,
    "14": 94.9775,
    "15": 99.72500000000001,
    "16": 105.6975,
    "17": 115.445,
    "18": 122.465,
    "19": 131.60500000000002,
    "20": 136.945,
    "21": 144.01999999999998,
    "22": 151.76500000000001,
    "23": 158.26500000000001,
    "24": 165.11,
    "25": 175.17249999999999,
    "26": 181.8525,
    "27": 189.38250000000002,
    "28": 196.235,
    "29": 205.4,
    "30": 213.38250000000002,
    "31": 220.5725,
    "32": 225.5825,
    "33": 230.7925,
    "34": 239.15,
    "35": 248.7925,
    "36": 253.4125
}