{
    "1": 2.0545833333333317,
    "2": 2.5799999999999983,
    "3": 8.885,
    "4": 15.190000000000001,
    "5": 20.93,
    "6": 28.02,
    "7": 34.215,
    "8": 41.175,
    "9": 47.917500000000004,
    "10": 54.895,
    "11": 60.8375,
    "12": 67.625,
    "13": 73.2375,
    "14": 81.1025,
    "15": 87.3625,
    "16": 93.9175,
    "17": 101.89999999999999,
    "18": 109.285,
    "19": 114.91999999999999,
    "20": 121.23499999999999,
    "21": 127.325,
    "22": 134.065,
    "23": 140.965,
    "24": 147.525,
    "25": 155.83249999999998,
    "26": 162.2925,
    "27": 169.0775,
    "28": 175.17249999999999,
    "29": 182.0225,
    "30": 189.375,
    "31": 196.365,
    "32": 202.575,
    "33": 211.2325,
    "34": 219.6425,
    "35": 232.52,
    "36": 238.17249999999999
}