{
    "1": 5.409166666666668,
    "2": 6.015000000000001,
    "3": 13.285,
    "4": 20.555,
    "5": 27.119999999999997,
    "6": 35.725,
    "7": 41.55,
    "8": 48.675,
    "9": 57.1575,
    "10": 65.39750000000001,
    "11": 73.5975,
    "12": 81.07249999999999,
    "13": 88.045,
    "14": 100.9775,
    "15": 104.43249999999999,
    "16": 111.92,
    "17": 121.41999999999999,
    "18": 129.505,
    "19": 137.32500000000002,
    "20": 145.025,
    "21": 151.725,
    "22": 159.395,
    "23": 167.60500000000002,
    "24": 175.485,
    "25": 185.06750000000002,
    "26": 192.4525,
    "27": 199.29500000000002,
    "28": 205.6525,
    "29": 213.6775,
    "30": 220.605,
    "31": 226.7475,
    "32": 232.145,
    "33": 239.9725,
    "34": 250.4075,
    "35": 262.7325,
    "36": 267.63250000000005
}