{
    "1": 4.0024999999999995,
    "2": 4.555,
    "3": 11.184999999999999,
    "4": 17.814999999999998,
    "5": 24.18,
    "6": 32.375,
    "7": 38.675,
    "8": 45.625,
    "9": 54.682500000000005,
    "10": 62.057500000000005,
    "11": 68.3375,
    "12": 75.61,
    "13": 81.1775,
    "14": 90.5175,
    "15": 96.3725,
    "16": 102.9775,
    "17": 112.54499999999999,
    "18": 119.285,
    "19": 126.985,
    "20": 133.805,
    "21": 139.905,
    "22": 147.53,
    "23": 154.565,
    "24": 160.96,
    "25": 170.05249999999998,
    "26": 176.6925,
    "27": 182.9525,
    "28": 190.51000000000002,
    "29": 198.9525,
    "30": 205.9525,
    "31": 212.2375,
    "32": 218.0925,
    "33": 225.05249999999998,
    "34": 237.095,
    "35": 252.205,
    "36": 259.0925
}