{
    "1": 5.487083333333332,
    "2": 6.059999999999999,
    "3": 12.935,
    "4": 19.810000000000002,
    "5": 26.79,
    "6": 34.875,
    "7": 41.515,
    "8": 48.135000000000005,
    "9": 56.7775,
    "10": 64.7375,
    "11": 71.9575,
    "12": 79.8175,
    "13": 86.7175,
    "14": 97.3375,
    "15": 101.405,
    "16": 107.2375,
    "17": 116.425,
    "18": 123.985,
    "19": 131.005,
    "20": 138.305,
    "21": 145.115,
    "22": 152.685,
    "23": 159.615,
    "24": 166.60500000000002,
    "25": 176.3,
    "26": 183.33249999999998,
    "27": 190.305,
    "28": 196.7925,
    "29": 204.3975,
    "30": 211.2925,
    "31": 217.7275,
    "32": 223.6525,
    "33": 230.4725,
    "34": 239.94,
    "35": 254.6775,
    "36": 262.035
}