{
    "1": 3.0554166666666633,
    "2": 3.604999999999997,
    "3": 10.2,
    "4": 16.795,
    "5": 23.25,
    "6": 30.615000000000002,
    "7": 37.05,
    "8": 43.275,
    "9": 51.2575,
    "10": 58.792500000000004,
    "11": 65.1575,
    "12": 72.7625,
    "13": 78.84,
    "14": 86.8775,
    "15": 92.3125,
    "16": 98.605,
    "17": 107.35,
    "18": 114.565,
    "19": 122.02499999999999,
    "20": 129.125,
    "21": 135.285,
    "22": 141.41,
    "23": 147.53000000000003,
    "24": 154.175,
    "25": 164.5125,
    "26": 172.05249999999998,
    "27": 180.29500000000002,
    "28": 187.405,
    "29": 197.41750000000002,
    "30": 205.4325,
    "31": 212.10500000000002,
    "32": 217.05,
    "33": 223.05249999999998,
    "34": 233.68,
    "35": 252.3725,
    "36": 263.3325
}