{
    "1": 7.082499999999993,
    "2": 7.654999999999994,
    "3": 14.524999999999999,
    "4": 21.395000000000003,
    "5": 28.115000000000002,
    "6": 35.54,
    "7": 41.975,
    "8": 48.455,
    "9": 57.237500000000004,
    "10": 64.7775,
    "11": 71.71000000000001,
    "12": 79.31750000000001,
    "13": 85.3175,
    "14": 94.76750000000001,
    "15": 99.8375,
    "16": 105.8975,
    "17": 114.845,
    "18": 121.66499999999999,
    "19": 128.965,
    "20": 136.025,
    "21": 142.035,
    "22": 149.26500000000001,
    "23": 156.665,
    "24": 162.91,
    "25": 173.70250000000001,
    "26": 180.91750000000002,
    "27": 188.85750000000002,
    "28": 194.98000000000002,
    "29": 202.5125,
    "30": 211.2925,
    "31": 218.3,
    "32": 223.58,
    "33": 229.6925,
    "34": 240.9525,
    "35": 255.3525,
    "36": 260.9525
}