{
    "1": 2.9591666666666705,
    "2": 3.5350000000000037,
    "3": 10.445,
    "4": 17.354999999999997,
    "5": 23.93,
    "6": 31.955,
    "7": 38.53,
    "8": 45.015,
    "9": 54.65500000000001,
    "10": 62.1175,
    "11": 69.5375,
    "12": 76.8775,
    "13": 83.2575,
    "14": 92.4375,
    "15": 99.51249999999999,
    "16": 106.2725,
    "17": 116.21,
    "18": 123.89,
    "19": 131.665,
    "20": 138.885,
    "21": 146.705,
    "22": 154.0,
    "23": 162.05,
    "24": 169.72500000000002,
    "25": 180.3725,
    "26": 187.9925,
    "27": 196.2725,
    "28": 203.3025,
    "29": 213.5025,
    "30": 221.83249999999998,
    "31": 228.05249999999998,
    "32": 235.10000000000002,
    "33": 243.3525,
    "34": 252.9325,
    "35": 263.1525,
    "36": 266.925
}