{
    "1": 1.8150000000000006,
    "2": 2.0950000000000006,
    "3": 5.455,
    "4": 8.815,
    "5": 13.82,
    "6": 24.415,
    "7": 36.955,
    "8": 40.675,
    "9": 49.6775,
    "10": 54.220000000000006,
    "11": 62.417500000000004,
    "12": 70.034375,
    "13": 73.0175,
    "14": 83.6775,
    "15": 87.26750000000001,
    "16": 90.5975,
    "17": 124.455,
    "18": 130.805,
    "19": 135.11,
    "20": 137.905,
    "21": 141.985,
    "22": 160.025,
    "23": 166.505,
    "24": 171.305,
    "25": 180.89249999999998,
    "26": 185.3125,
    "27": 200.10750000000002,
    "28": 205.1325,
    "29": 219.6925,
    "30": 223.6525,
    "31": 231.78,
    "32": 238.17249999999999,
    "33": 242.5725,
    "34": 252.5325,
    "35": 261.0125,
    "36": 264.3925
}