{
    "1": 1.985833333333334,
    "2": 2.5150000000000006,
    "3": 8.865,
    "4": 15.215,
    "5": 21.18,
    "6": 28.494999999999997,
    "7": 34.42,
    "8": 40.735,
    "9": 47.9375,
    "10": 54.6775,
    "11": 61.32,
    "12": 67.4025,
    "13": 73.4775,
    "14": 82.0525,
    "15": 87.09750000000001,
    "16": 93.2175,
    "17": 101.145,
    "18": 108.005,
    "19": 113.865,
    "20": 120.205,
    "21": 126.39,
    "22": 132.845,
    "23": 139.10000000000002,
    "24": 145.495,
    "25": 154.8725,
    "26": 161.6925,
    "27": 168.79250000000002,
    "28": 176.24,
    "29": 184.2125,
    "30": 191.86,
    "31": 198.2525,
    "32": 203.53750000000002,
    "33": 209.3525,
    "34": 224.3425,
    "35": 237.3125,
    "36": 242.43750000000003
}