{
    "1": 2.8070833333333347,
    "2": 3.4400000000000013,
    "3": 11.035,
    "4": 18.63,
    "5": 25.69,
    "6": 33.644999999999996,
    "7": 40.815,
    "8": 47.295,
    "9": 56.0175,
    "10": 64.2975,
    "11": 71.9975,
    "12": 78.4375,
    "13": 84.7975,
    "14": 94.4775,
    "15": 100.3375,
    "16": 106.9,
    "17": 115.87499999999999,
    "18": 123.625,
    "19": 131.10999999999999,
    "20": 137.985,
    "21": 144.505,
    "22": 152.805,
    "23": 160.235,
    "24": 167.225,
    "25": 176.60750000000002,
    "26": 184.8575,
    "27": 193.1175,
    "28": 201.2,
    "29": 212.1475,
    "30": 219.3525,
    "31": 226.985,
    "32": 233.0175,
    "33": 240.6325,
    "34": 255.9575,
    "35": 273.675,
    "36": 278.175
}