{
    "1": 29.288333333333334,
    "2": 29.875,
    "3": 36.915,
    "4": 43.955,
    "5": 50.370000000000005,
    "6": 55.295,
    "7": 63.19,
    "8": 69.29499999999999,
    "9": 76.8175,
    "10": 83.0975,
    "11": 90.09500000000001,
    "12": 96.1725,
    "13": 102.1575,
    "14": 109.365,
    "15": 115.27000000000001,
    "16": 121.2375,
    "17": 129.21,
    "18": 135.745,
    "19": 141.965,
    "20": 148.145,
    "21": 154.345,
    "22": 159.905,
    "23": 166.54,
    "24": 172.82500000000002,
    "25": 181.0975,
    "26": 187.61249999999998,
    "27": 193.5025,
    "28": 199.56,
    "29": 205.92000000000002,
    "30": 212.19750000000002,
    "31": 218.18,
    "32": 223.9975,
    "33": 228.6525,
    "34": 237.755,
    "35": 248.61249999999998,
    "36": 254.2525
}