{
    "1": 5.444166666666666,
    "2": 6.074999999999999,
    "3": 13.645,
    "4": 21.215,
    "5": 28.15,
    "6": 37.775,
    "7": 45.0,
    "8": 52.035,
    "9": 61.0375,
    "10": 69.6975,
    "11": 77.0325,
    "12": 85.01,
    "13": 90.6575,
    "14": 101.0175,
    "15": 108.11,
    "16": 115.0775,
    "17": 125.195,
    "18": 134.015,
    "19": 142.0,
    "20": 149.255,
    "21": 155.705,
    "22": 165.025,
    "23": 173.225,
    "24": 180.665,
    "25": 191.1325,
    "26": 200.1325,
    "27": 209.8975,
    "28": 217.0325,
    "29": 226.57000000000002,
    "30": 235.0125,
    "31": 242.9925,
    "32": 248.39249999999998,
    "33": 256.03249999999997,
    "34": 264.85249999999996,
    "35": 275.3325,
    "36": 285.9925
}