{
    "1": 21.169999999999995,
    "2": 21.754999999999995,
    "3": 28.775,
    "4": 35.795,
    "5": 42.28,
    "6": 50.125,
    "7": 57.155,
    "8": 63.835,
    "9": 72.7975,
    "10": 80.22,
    "11": 88.1775,
    "12": 95.505,
    "13": 101.6975,
    "14": 108.7625,
    "15": 115.385,
    "16": 122.9575,
    "17": 132.595,
    "18": 139.93,
    "19": 148.22,
    "20": 155.25,
    "21": 161.085,
    "22": 167.51500000000001,
    "23": 174.63500000000002,
    "24": 182.73499999999999,
    "25": 193.3125,
    "26": 200.3525,
    "27": 208.5725,
    "28": 215.4725,
    "29": 224.2125,
    "30": 232.39249999999998,
    "31": 238.1325,
    "32": 243.3725,
    "33": 249.17249999999999,
    "34": 261.09499999999997,
    "35": 271.2725,
    "36": 280.195
}