{
    "1": 0.0,
    "2": 2.666666666666667,
    "3": 4.43,
    "4": 5.96,
    "5": 7.365666666666667,
    "6": 8.373333333333333,
    "7": 9.8,
    "8": 11.106666666666667,
    "9": 13.173333333333334,
    "10": 14.62,
    "11": 16.046666666666667,
    "12": 17.563333333333333,
    "13": 18.98,
    "14": 20.506666666666668,
    "15": 21.762666666666668,
    "16": 23.02,
    "17": 24.41,
    "18": 25.706666666666667,
    "19": 27.305,
    "20": 28.606666666666666,
    "21": 30.826666666666664,
    "22": 32.8,
    "23": 34.56666666666667,
    "24": 36.31999999999999,
    "25": 38.01,
    "26": 39.49999999999999,
    "27": 40.95333333333333,
    "28": 42.54,
    "29": 44.28,
    "30": 45.85333333333333,
    "31": 47.48,
    "32": 49.69333333333333,
    "33": 51.336666666666666,
    "34": 52.82,
    "35": 54.403333333333336,
    "36": 56.31333333333334,
    "37": 57.92,
    "38": 59.46666666666667,
    "39": 61.059999999999995,
    "40": 62.88,
    "41": 64.77333333333333,
    "42": 67.18666666666667,
    "43": 68.9,
    "44": 70.66666666666666,
    "45": 72.33,
    "46": 73.95,
    "47": 75.76333333333334,
    "48": 77.83999999999999,
    "49": 79.63,
    "50": 81.68,
    "51": 83.35333333333332,
    "52": 84.9,
    "53": 86.44666666666667,
    "54": 88.37333333333333,
    "55": 90.3,
    "56": 92.17333333333335,
    "57": 94.75333333333333,
    "58": 96.52,
    "59": 98.64666666666666,
    "60": 100.57333333333334,
    "61": 102.08,
    "62": 103.48333333333333,
    "63": 104.94999999999999,
    "64": 106.32,
    "65": 107.61233333333334,
    "66": 216.78,
    "67": 218.60666666666665,
    "68": 220.74666666666667,
    "69": 222.72,
    "70": 224.64000000000001,
    "71": 226.63333333333333,
    "72": 229.02,
    "73": 231.06666666666666,
    "74": 232.87333333333333,
    "75": 235.23,
    "76": 236.88666666666663,
    "77": 238.55333333333334,
    "78": 240.16,
    "79": 241.76666666666668,
    "80": 243.89333333333335,
    "81": 245.46,
    "82": 247.06,
    "83": 248.61333333333334,
    "84": 250.2,
    "85": 251.70666666666668,
    "86": 253.49333333333334,
    "87": 255.22,
    "88": 256.82666666666665,
    "89": 258.81,
    "90": 260.48,
    "91": 262.9033333333333,
    "92": 264.73333333333335,
    "93": 266.38,
    "94": 267.7266666666667,
    "95": 269.37333333333333,
    "96": 270.64,
    "97": 272.02666666666664,
    "98": 273.3066666666667,
    "99": 274.52,
    "100": 275.9866666666667,
    "101": 277.9286666666667,
    "102": 279.32,
    "103": 280.72666666666663,
    "104": 282.20666666666665,
    "105": 283.75,
    "106": 285.56666666666666,
    "107": 287.51,
    "108": 289.55,
    "109": 291.2966666666666,
    "110": 293.0133333333333,
    "111": 294.7,
    "112": 296.22,
    "113": 297.65333333333336,
    "114": 299.3,
    "115": 300.9266666666667,
    "116": 302.4866666666667,
    "117": 304.04,
    "118": 305.76666666666665,
    "119": 307.86499999999995,
    "120": 309.34,
    "121": 310.9633333333333,
    "122": 312.60999999999996,
    "123": 314.61,
    "124": 316.0433333333333,
    "125": 317.78666666666663,
    "126": 319.96,
    "127": 321.8866666666667,
    "128": 323.5866666666667,
    "129": 325.32,
    "130": 327.16,
    "131": 328.8733333333334,
    "132": 330.44,
    "133": 332.51333333333326,
    "134": 334.4733333333333,
    "135": 336.16,
    "136": 337.9866666666666,
    "137": 339.5843333333333,
    "138": 340.34499999999997,
    "139": 341.86333333333334,
    "140": 343.79499999999996,
    "141": 345.83666666666664,
    "142": 347.58333333333337,
    "143": 350.27,
    "144": 351.86999999999995,
    "145": 353.8633333333333,
    "146": 355.72999999999996,
    "147": 357.3383333333333,
    "148": 358.8633333333333,
    "149": 360.25,
    "150": 361.6991666666667,
    "151": 363.3233333333333,
    "152": 365.17,
    "153": 366.6766666666667,
    "154": 367.805,
    "155": 369.33,
    "156": 370.89666666666665,
    "157": 372.46333333333337,
    "158": 374.20000000000005,
    "159": 374.20000000000005,
    "160": 374.20000000000005,
    "161": 376.25666666666666,
    "162": 378.2233333333333,
    "163": 380.1949999999999,
    "164": 382.5566666666667,
    "165": 384.63166666666666,
    "166": 386.56000000000006,
    "167": 388.3566666666667,
    "168": 390.46333333333337,
    "169": 392.18,
    "170": 393.885,
    "171": 395.72,
    "172": 397.315,
    "173": 398.7966666666666,
    "174": 400.4291666666667,
    "175": 402.09000000000003,
    "176": 403.71666666666664,
    "177": 405.1583333333333,
    "178": 406.375,
    "179": 407.905,
    "180": 409.83166666666665,
    "181": 410.478,
    "182": 411.42999999999995,
    "183": 412.44,
    "184": 413.714,
    "185": 416.2266666666665,
    "186": 417.0425,
    "187": 417.0425,
    "188": 418.57166666666666,
    "189": 428.2366666666669,
    "190": 453.03,
    "191": 471.68999999999994,
    "192": 481.1433333333333,
    "193": 491.7699999999998,
    "194": 498.8733333333328,
    "195": 506.5516666666666,
    "196": 508.5700000000001,
    "197": 511.9966666666667,
    "198": 513.5633333333334,
    "199": 519.1099999999999,
    "200": 519.8933333333333,
    "201": 521.334
}