{
    "1": 0.0,
    "2": 5.178774402226142,
    "3": 10.631271212501272,
    "4": 13.4965656674321,
    "5": 17.0490722492362,
    "6": 20.332366065665475,
    "7": 22.48637333792332,
    "8": 26.24920672145962,
    "9": 29.8548288840957,
    "10": 32.8987977606917,
    "11": 34.457446326657134,
    "12": 37.29446770515083,
    "13": 38.3812889969448,
    "14": 41.82511962648996,
    "15": 44.79004934234118,
    "16": 48.429980620631575,
    "17": 51.67971674900575,
    "18": 51.792805013442724,
    "19": 51.90691491836057,
    "20": 53.11672700218148,
    "21": 53.74325222531477,
    "22": 56.362324970954,
    "23": 59.81510901214912,
    "24": 62.65114538061018,
    "25": 64.03236275814993,
    "26": 64.52209039163093,
    "27": 65.38878302637806,
    "28": 66.8238138936365,
    "29": 67.19188237353276,
    "30": 67.52789176319712,
    "31": 68.38409147819794,
    "32": 69.8609285828107,
    "33": 71.68589030985736,
    "34": 72.92564997541402,
    "35": 74.12059642608493,
    "36": 74.33550185711779,
    "37": 78.25867715807749,
    "38": 81.96588335472302,
    "39": 84.28734885322089,
    "40": 86.6036890110588,
    "41": 90.85918785029219,
    "42": 92.58030815654722,
    "43": 93.48852335162572,
    "44": 95.77202008673416,
    "45": 97.2732674598735,
    "46": 100.94653084983155,
    "47": 105.76024230524497,
    "48": 112.1972131976419,
    "49": 117.95098620752024,
    "50": 124.8798436894875,
    "51": 130.65744739847315,
    "52": 134.5824741813331,
    "53": 138.1176548645085,
    "54": 142.09717469398302,
    "55": 146.53691780909614,
    "56": 158.41992363703181,
    "57": 168.57712642111244,
    "58": 176.98580110880118,
    "59": 185.12228827895174,
    "60": 193.5975489495348,
    "61": 201.32515405409526,
    "62": 210.9092964497316,
    "63": 219.69061169565438,
    "64": 229.28679197768975,
    "65": 266.23726562499974
}