{
    "1": 0.0,
    "2": 11.05326570276977,
    "3": 19.381449718146218,
    "4": 28.8521165634572,
    "5": 36.37136537716769,
    "6": 43.99878501656698,
    "7": 54.6566263608589,
    "8": 63.09207616934529,
    "9": 69.90154998063599,
    "10": 78.10215628899695,
    "11": 89.0246180988855,
    "12": 96.55986316106545,
    "13": 104.25544558715953,
    "14": 111.57243211842162,
    "15": 118.28036920693663,
    "16": 127.92424652523776,
    "17": 130.72184915443867,
    "18": 134.78235918068765,
    "19": 137.14923095579923,
    "20": 140.4608197976966,
    "21": 144.809661952108,
    "22": 149.2357863108104,
    "23": 150.33483822692696,
    "24": 153.99634495083694,
    "25": 157.75156590214726,
    "26": 162.52208786952966,
    "27": 166.0341963939929,
    "28": 168.7122769114218,
    "29": 173.3741883949967,
    "30": 176.07381007166924,
    "31": 179.23927939414583,
    "32": 181.92217625644122,
    "33": 183.4759249041549,
    "34": 186.87467885707804,
    "35": 191.53975528663693,
    "36": 194.2343895498946,
    "37": 198.1521107976889,
    "38": 203.24521743486167,
    "39": 210.05845201346517,
    "40": 212.08075197168375,
    "41": 214.34715637108368,
    "42": 215.76385800602105,
    "43": 216.72846929406668,
    "44": 220.28228102543142,
    "45": 222.4332674598735,
    "46": 225.9403457768326,
    "47": 227.31749022894388,
    "48": 231.22493791407712,
    "49": 234.35852844356472,
    "50": 237.7198436894875,
    "51": 239.46528737893118,
    "52": 243.0491278338843,
    "53": 246.90378942725593,
    "54": 251.7188142472303,
    "55": 255.88641991910154,
    "56": 259.9277351650243,
    "57": 262.98905041094713,
    "58": 267.0103656568699,
    "59": 271.0278797858664,
    "60": 274.8571980342178,
    "61": 279.14482783521237,
    "62": 283.60929644973163,
    "63": 287.87061169565436,
    "64": 292.11192694157717,
    "65": 296.1932421875
}