{
    "1": 0.0,
    "2": 1.6681422689619085,
    "3": 3.960702948574285,
    "4": 4.3594772247716875,
    "5": 6.529072249236197,
    "6": 10.286576229614012,
    "7": 12.852933646026077,
    "8": 16.329206721459617,
    "9": 19.43157484522926,
    "10": 22.23183721330522,
    "11": 29.053152459228023,
    "12": 31.546663209079114,
    "13": 32.45967561162105,
    "14": 33.80303390851586,
    "15": 37.118413442919234,
    "16": 39.95873488532209,
    "17": 41.77704010499591,
    "18": 42.73284930504755,
    "19": 46.5292209804052,
    "20": 49.21370654114865,
    "21": 50.28620432435459,
    "22": 51.782601477613284,
    "23": 52.62880066144965,
    "24": 54.88726569559792,
    "25": 56.7167896014625,
    "26": 60.67288114807006,
    "27": 64.77419639399287,
    "28": 66.58966276677609,
    "29": 70.17777617684564,
    "30": 70.93136350045124,
    "31": 71.61169335425517,
    "32": 73.2389084816568,
    "33": 74.37550658544096,
    "34": 76.68593026959665,
    "35": 79.52370699546617,
    "36": 79.99775577629802,
    "37": 83.74143230864534,
    "38": 87.46610319522769,
    "39": 89.84069411285446,
    "40": 92.94979684214368,
    "41": 96.55195995146585,
    "42": 98.42030815654721,
    "43": 99.64192629261747,
    "44": 101.38665798512791,
    "45": 102.8932674598735,
    "46": 106.12003783565086,
    "47": 111.17399461906673,
    "48": 118.43862161645627,
    "49": 124.41181052709717,
    "50": 132.6913732656445,
    "51": 138.4534480174088,
    "52": 141.5224741813331,
    "53": 144.43562038085943,
    "54": 150.4383040557611,
    "55": 158.24641991910153,
    "56": 165.93747044124441,
    "57": 175.56160942654466,
    "58": 182.96495956756425,
    "59": 189.0464611482852,
    "60": 195.48010780772034,
    "61": 202.38226356644796,
    "62": 212.0489950802991,
    "63": 221.39864183450737,
    "64": 230.72389057474098,
    "65": 254.7873828124915
}