{
    "1": 0.0,
    "2": 47.3413152459228,
    "3": 59.10806015749387,
    "4": 67.78310232798313,
    "5": 75.0249236197771,
    "6": 82.26488941004345,
    "7": 89.7802347347132,
    "8": 97.996163075582,
    "9": 105.4347708593313,
    "10": 113.23133116743405,
    "11": 121.91156590214726,
    "12": 128.13443349541717,
    "13": 134.77578295107364,
    "14": 141.31094819054175,
    "15": 147.27841344291923,
    "16": 153.98030078746933,
    "17": 159.98826864322905,
    "18": 167.06235918068765,
    "19": 174.00332043703963,
    "20": 180.04058374435425,
    "21": 185.5209190878124,
    "22": 190.08525861698007,
    "23": 197.3943650759499,
    "24": 204.1653759843367,
    "25": 210.0868428073497,
    "26": 216.64866409914367,
    "27": 223.82145316063523,
    "28": 228.1057389966662,
    "29": 228.61172866539636,
    "30": 229.1270239927022,
    "31": 229.40054468014247,
    "32": 230.683667426276,
    "33": 231.70998928350483,
    "34": 233.0678488460374,
    "35": 234.59286806230904,
    "36": 235.07234930517123,
    "37": 236.52551891752697,
    "38": 237.9778841226711,
    "39": 239.0386499705954,
    "40": 240.0979650260887,
    "41": 240.25699246357894,
    "42": 241.36855050610347,
    "43": 242.04214710643998,
    "44": 244.1622810254314,
    "45": 245.75513087845326,
    "46": 250.5267935550988,
    "47": 251.56889425226885,
    "48": 252.5172131976419,
    "49": 255.3578264073065,
    "50": 258.52451087520626,
    "51": 262.6237985613071,
    "52": 265.9624741813331,
    "53": 268.7573400846127,
    "54": 271.3487982637806,
    "55": 273.25565339381336,
    "56": 276.5082253124778,
    "57": 280.52905041094715,
    "58": 284.2448739963447,
    "59": 287.9243100129362,
    "60": 290.7931518789804,
    "61": 294.2419755206765,
    "62": 297.2492964497316,
    "63": 299.65199070144524,
    "64": 302.0919269415772,
    "65": 304.58120383522726
}