{
    "1": 0.0,
    "2": 3.7013152459228023,
    "3": 9.517787960695582,
    "4": 12.409155038829917,
    "5": 14.859457064730528,
    "6": 17.664541431788518,
    "7": 19.523403052643083,
    "8": 20.202785646139276,
    "9": 21.443799103073363,
    "10": 22.203202928574502,
    "11": 25.832208786952968,
    "12": 29.46357416412066,
    "13": 33.35578295107363,
    "14": 37.89314105598348,
    "15": 43.158245621584406,
    "16": 46.069780050744775,
    "17": 47.64857416412066,
    "18": 50.01092538405267,
    "19": 50.623750821039785,
    "20": 51.02612428767651,
    "21": 51.35695774888561,
    "22": 54.810553810404926,
    "23": 61.1160153190757,
    "24": 65.99426617732756,
    "25": 68.55156590214726,
    "26": 72.34367442661043,
    "27": 74.42557640173845,
    "28": 75.85269910277574,
    "29": 76.1709091728299,
    "30": 77.93899682313574,
    "31": 80.18947164003595,
    "32": 82.27952494997635,
    "33": 83.21999532284242,
    "34": 85.42366428491451,
    "35": 87.84340311545249,
    "36": 90.90576807340302,
    "37": 94.10512774239753,
    "38": 97.2019647886942,
    "39": 100.22734885322089,
    "40": 101.40170910229621,
    "41": 102.44123569484562,
    "42": 103.3777023669087,
    "43": 104.83129459098932,
    "44": 107.29382823089689,
    "45": 109.69294967723916,
    "46": 110.9482538730502,
    "47": 111.35030218482838,
    "48": 114.5389079342646,
    "49": 119.27852844356471,
    "50": 124.70381065511685,
    "51": 128.80886985341184,
    "52": 131.71468124192867,
    "53": 134.96378942725593,
    "54": 140.18355035838823,
    "55": 144.50033516885046,
    "56": 149.8452819692369,
    "57": 158.65221613269355,
    "58": 164.95883284222882,
    "59": 171.5682460347503,
    "60": 178.0371980342178,
    "61": 185.4155366890653,
    "62": 194.42817870234757,
    "63": 204.3789011991379,
    "64": 214.53141087668487,
    "65": 237.25039062499178
}