{
    "0": 0.0,
    "1": 10.115,
    "2": 11.395,
    "3": 12.575,
    "4": 13.835,
    "5": 14.975,
    "6": 16.155,
    "7": 17.515,
    "8": 18.655,
    "9": 19.9,
    "10": 21.07,
    "11": 22.375,
    "12": 23.595,
    "13": 24.705,
    "14": 25.895000000000003,
    "15": 27.134999999999998,
    "16": 28.335,
    "17": 48.695,
    "18": 49.955,
    "19": 51.115,
    "20": 52.335,
    "21": 53.475,
    "22": 54.735,
    "23": 55.894999999999996,
    "24": 57.135,
    "25": 58.275,
    "26": 59.535,
    "27": 60.715,
    "28": 61.915,
    "29": 63.095,
    "30": 64.35499999999999,
    "31": 65.57499999999999,
    "32": 66.785,
    "33": 67.895,
    "34": 88.435,
    "35": 89.63499999999999,
    "36": 90.85499999999999,
    "37": 92.015,
    "38": 93.235,
    "39": 94.39500000000001,
    "40": 95.655,
    "41": 96.88499999999999,
    "42": 97.975,
    "43": 99.375,
    "44": 100.595,
    "45": 101.745,
    "46": 102.935,
    "47": 104.125,
    "48": 105.315,
    "49": 106.545,
    "50": 107.715,
    "51": 108.95500000000001,
    "52": 110.16499999999999,
    "53": 111.33500000000001,
    "54": 112.495,
    "55": 113.735,
    "56": 114.97,
    "57": 116.155,
    "58": 117.315,
    "59": 118.495,
    "60": 119.75999999999999,
    "61": 120.935,
    "62": 122.11500000000001,
    "63": 123.315,
    "64": 124.555,
    "65": 125.775,
    "66": 126.93,
    "67": 147.475,
    "68": 148.58499999999998,
    "69": 149.875,
    "70": 151.005,
    "71": 152.255,
    "72": 153.475,
    "73": 154.645,
    "74": 155.85500000000002,
    "75": 157.055,
    "76": 158.29500000000002,
    "77": 159.415,
    "78": 160.70499999999998,
    "79": 161.835,
    "80": 163.015,
    "81": 164.25,
    "82": 165.48,
    "83": 166.64,
    "84": 187.875
}