{
    "1": 4.0024999999999995,
    "2": 4.555,
    "3": 11.184999999999999,
    "4": 17.814999999999998,
    "5": 24.18,
    "6": 32.375,
    "7": 38.675,
    "8": 45.625,
    "9": 52.795,
    "10": 60.315,
    "11": 66.89500000000001,
    "12": 74.015,
    "13": 79.845,
    "14": 87.095,
    "15": 94.91499999999999,
    "16": 101.595,
    "17": 108.375,
    "18": 116.85499999999999,
    "19": 122.975,
    "20": 130.615,
    "21": 136.935,
    "22": 144.275,
    "23": 151.365,
    "24": 158.215,
    "25": 164.175,
    "26": 172.035,
    "27": 178.79500000000002,
    "28": 185.89499999999998,
    "29": 193.445,
    "30": 200.905,
    "31": 208.095,
    "32": 214.445,
    "33": 220.45499999999998,
    "34": 232.265,
    "35": 241.41000000000003,
    "36": 250.76999999999998
}