{
    "1": 11.709999999999997,
    "2": 12.354999999999997,
    "3": 20.095,
    "4": 27.835,
    "5": 35.5,
    "6": 44.215,
    "7": 51.425,
    "8": 58.295,
    "9": 67.5175,
    "10": 75.7225,
    "11": 84.10000000000001,
    "12": 92.21000000000001,
    "13": 98.6375,
    "14": 107.3975,
    "15": 113.095,
    "16": 120.3575,
    "17": 129.79999999999998,
    "18": 137.965,
    "19": 145.59,
    "20": 152.705,
    "21": 159.365,
    "22": 165.485,
    "23": 172.73000000000002,
    "24": 179.665,
    "25": 190.17249999999999,
    "26": 199.0725,
    "27": 207.6375,
    "28": 217.1375,
    "29": 226.3975,
    "30": 235.0125,
    "31": 242.7675,
    "32": 249.5125,
    "33": 255.3525,
    "34": 266.4275,
    "35": 281.8725,
    "36": 286.91249999999997
}