{
    "0": 0.0,
    "1": 3.455,
    "2": 9.955,
    "3": 16.384999999999998,
    "4": 22.35,
    "5": 30.174999999999997,
    "6": 35.695,
    "7": 41.515,
    "8": 47.215,
    "9": 54.655,
    "10": 61.875,
    "11": 68.735,
    "12": 74.755,
    "13": 81.45500000000001,
    "14": 88.65,
    "15": 94.33500000000001,
    "16": 99.975,
    "17": 107.305,
    "18": 114.875,
    "19": 121.685,
    "20": 128.375,
    "21": 135.355,
    "22": 141.98000000000002,
    "23": 147.79500000000002,
    "24": 153.865,
    "25": 162.475,
    "26": 169.17000000000002,
    "27": 175.79500000000002,
    "28": 181.575,
    "29": 189.03500000000003,
    "30": 196.075,
    "31": 203.45499999999998,
    "32": 209.47500000000002,
    "33": 215.61849999999998,
    "34": 222.14999999999998,
    "35": 228.37
}