{
    "1": 5.409166666666668,
    "2": 6.015000000000001,
    "3": 13.285,
    "4": 20.555,
    "5": 27.119999999999997,
    "6": 35.725,
    "7": 41.55,
    "8": 48.675,
    "9": 55.565,
    "10": 63.455,
    "11": 71.16499999999999,
    "12": 79.35499999999999,
    "13": 86.475,
    "14": 94.125,
    "15": 103.315,
    "16": 110.375,
    "17": 117.45,
    "18": 125.745,
    "19": 133.365,
    "20": 141.595,
    "21": 148.775,
    "22": 156.195,
    "23": 164.39,
    "24": 171.995,
    "25": 178.995,
    "26": 187.265,
    "27": 194.405,
    "28": 201.075,
    "29": 207.805,
    "30": 215.885,
    "31": 222.575,
    "32": 228.505,
    "33": 234.535,
    "34": 245.45499999999998,
    "35": 252.5,
    "36": 260.65
}