{
    "0": 0.0,
    "1": 11.835,
    "2": 20.095,
    "3": 27.835,
    "4": 35.5,
    "5": 44.215,
    "6": 51.425,
    "7": 58.295,
    "8": 65.775,
    "9": 74.11500000000001,
    "10": 82.39500000000001,
    "11": 90.785,
    "12": 97.425,
    "13": 104.815,
    "14": 111.965,
    "15": 118.475,
    "16": 125.505,
    "17": 134.18,
    "18": 142.035,
    "19": 149.315,
    "20": 156.155,
    "21": 163.315,
    "22": 170.115,
    "23": 176.39499999999998,
    "24": 183.745,
    "25": 193.655,
    "26": 201.845,
    "27": 210.70499999999998,
    "28": 220.60500000000002,
    "29": 229.155,
    "30": 237.415,
    "31": 245.075,
    "32": 251.695,
    "33": 262.115,
    "34": 268.73,
    "35": 277.29999999999995
}