{
    "1": 7.082499999999993,
    "2": 7.654999999999994,
    "3": 14.524999999999999,
    "4": 21.395000000000003,
    "5": 28.115000000000002,
    "6": 35.54,
    "7": 41.975,
    "8": 48.455,
    "9": 55.535,
    "10": 62.894999999999996,
    "11": 70.11500000000001,
    "12": 77.675,
    "13": 83.83500000000001,
    "14": 91.17500000000001,
    "15": 98.39500000000001,
    "16": 104.535,
    "17": 111.04499999999999,
    "18": 118.66,
    "19": 125.775,
    "20": 132.755,
    "21": 139.135,
    "22": 146.515,
    "23": 153.35500000000002,
    "24": 159.815,
    "25": 166.935,
    "26": 176.305,
    "27": 184.305,
    "28": 190.655,
    "29": 197.335,
    "30": 205.48,
    "31": 213.285,
    "32": 220.095,
    "33": 225.675,
    "34": 235.40249999999997,
    "35": 245.60000000000002,
    "36": 254.45
}