{
    "0": 0.0,
    "1": 7.405,
    "2": 14.524999999999999,
    "3": 21.395000000000003,
    "4": 28.115000000000002,
    "5": 35.54,
    "6": 41.975,
    "7": 48.455,
    "8": 55.535,
    "9": 62.894999999999996,
    "10": 70.11500000000001,
    "11": 77.675,
    "12": 83.83500000000001,
    "13": 91.17500000000001,
    "14": 98.39500000000001,
    "15": 104.535,
    "16": 111.04499999999999,
    "17": 118.66,
    "18": 125.775,
    "19": 132.755,
    "20": 139.135,
    "21": 146.515,
    "22": 153.35500000000002,
    "23": 159.815,
    "24": 166.935,
    "25": 176.305,
    "26": 184.305,
    "27": 190.655,
    "28": 197.335,
    "29": 205.48,
    "30": 213.285,
    "31": 220.095,
    "32": 225.675,
    "33": 235.40249999999997,
    "34": 245.60000000000002,
    "35": 254.45
}