{
    "0": 0.0,
    "1": 2.4349999999999996,
    "2": 8.885,
    "3": 15.190000000000001,
    "4": 20.93,
    "5": 28.02,
    "6": 34.215,
    "7": 41.175,
    "8": 46.44499999999999,
    "9": 53.095,
    "10": 59.995000000000005,
    "11": 65.83500000000001,
    "12": 72.275,
    "13": 78.695,
    "14": 86.315,
    "15": 93.015,
    "16": 98.625,
    "17": 105.275,
    "18": 112.08500000000001,
    "19": 117.95500000000001,
    "20": 124.67500000000001,
    "21": 130.965,
    "22": 138.255,
    "23": 144.845,
    "24": 150.925,
    "25": 158.065,
    "26": 164.54,
    "27": 170.525,
    "28": 177.535,
    "29": 184.585,
    "30": 191.82999999999998,
    "31": 198.255,
    "32": 205.35500000000002,
    "33": 215.565,
    "34": 221.63,
    "35": 229.70999999999998
}