{
    "1": 2.989166666666669,
    "2": 3.525000000000002,
    "3": 9.955,
    "4": 16.384999999999998,
    "5": 22.35,
    "6": 30.174999999999997,
    "7": 35.695,
    "8": 41.515,
    "9": 47.215,
    "10": 54.655,
    "11": 61.875,
    "12": 68.735,
    "13": 74.755,
    "14": 81.45500000000001,
    "15": 88.65,
    "16": 94.33500000000001,
    "17": 99.975,
    "18": 107.305,
    "19": 114.875,
    "20": 121.685,
    "21": 128.375,
    "22": 135.355,
    "23": 141.98000000000002,
    "24": 147.79500000000002,
    "25": 153.865,
    "26": 162.475,
    "27": 169.17000000000002,
    "28": 175.79500000000002,
    "29": 181.575,
    "30": 189.03500000000003,
    "31": 196.075,
    "32": 203.45499999999998,
    "33": 209.47500000000002,
    "34": 215.61849999999998,
    "35": 222.14999999999998,
    "36": 228.37
}