{
    "0": 0.0,
    "1": 10.815000000000001,
    "2": 18.255000000000003,
    "3": 25.634999999999998,
    "4": 33.3,
    "5": 42.435,
    "6": 49.989999999999995,
    "7": 57.375,
    "8": 65.35499999999999,
    "9": 74.83500000000001,
    "10": 82.705,
    "11": 91.215,
    "12": 97.535,
    "13": 106.07499999999999,
    "14": 114.545,
    "15": 121.83500000000001,
    "16": 129.775,
    "17": 139.345,
    "18": 146.845,
    "19": 154.475,
    "20": 160.70499999999998,
    "21": 169.35500000000002,
    "22": 177.665,
    "23": 184.79500000000002,
    "24": 192.82999999999998,
    "25": 201.95499999999998,
    "26": 209.115,
    "27": 217.175,
    "28": 226.305,
    "29": 233.155,
    "30": 242.85500000000002,
    "31": 249.85500000000002,
    "32": 256.375,
    "33": 266.95500000000004,
    "34": 278.15,
    "35": 283.91999999999996
}