{
    "0": 0.0,
    "1": 10.035,
    "2": 16.395,
    "3": 22.619999999999997,
    "4": 28.93,
    "5": 35.595,
    "6": 41.83,
    "7": 47.394999999999996,
    "8": 54.265,
    "9": 61.095,
    "10": 68.82,
    "11": 76.695,
    "12": 83.17500000000001,
    "13": 90.595,
    "14": 98.655,
    "15": 104.255,
    "16": 111.11500000000001,
    "17": 118.755,
    "18": 126.255,
    "19": 134.245,
    "20": 140.515,
    "21": 148.235,
    "22": 155.915,
    "23": 162.025,
    "24": 168.845,
    "25": 177.275,
    "26": 184.115,
    "27": 192.265,
    "28": 199.445,
    "29": 208.195,
    "30": 215.91500000000002,
    "31": 221.985,
    "32": 227.775,
    "33": 235.8875,
    "34": 240.82,
    "35": 246.76999999999998
}