{
    "1": 10.260000000000007,
    "2": 10.875000000000007,
    "3": 18.255000000000003,
    "4": 25.634999999999998,
    "5": 33.3,
    "6": 42.435,
    "7": 49.989999999999995,
    "8": 57.375,
    "9": 65.35499999999999,
    "10": 74.83500000000001,
    "11": 82.705,
    "12": 91.215,
    "13": 97.535,
    "14": 106.07499999999999,
    "15": 114.545,
    "16": 121.83500000000001,
    "17": 129.775,
    "18": 139.345,
    "19": 146.845,
    "20": 154.475,
    "21": 160.70499999999998,
    "22": 169.35500000000002,
    "23": 177.665,
    "24": 184.79500000000002,
    "25": 192.82999999999998,
    "26": 201.95499999999998,
    "27": 209.115,
    "28": 217.175,
    "29": 226.305,
    "30": 233.155,
    "31": 242.85500000000002,
    "32": 249.85500000000002,
    "33": 256.375,
    "34": 266.95500000000004,
    "35": 278.15,
    "36": 283.91999999999996
}