{
    "0": 0.0,
    "1": 7.145,
    "2": 14.575,
    "3": 20.715,
    "4": 27.34,
    "5": 34.435,
    "6": 40.705,
    "7": 46.855000000000004,
    "8": 53.084999999999994,
    "9": 60.754999999999995,
    "10": 67.595,
    "11": 74.79499999999999,
    "12": 81.57499999999999,
    "13": 89.07499999999999,
    "14": 96.295,
    "15": 103.055,
    "16": 109.775,
    "17": 117.83500000000001,
    "18": 124.695,
    "19": 131.45499999999998,
    "20": 138.57,
    "21": 146.035,
    "22": 153.515,
    "23": 159.89499999999998,
    "24": 166.345,
    "25": 174.925,
    "26": 183.195,
    "27": 188.89499999999998,
    "28": 195.72500000000002,
    "29": 202.445,
    "30": 208.35,
    "31": 213.95499999999998,
    "32": 219.39999999999998,
    "33": 228.495,
    "34": 239.70999999999998,
    "35": 245.3
}