{
    "1": 3.0554166666666633,
    "2": 3.604999999999997,
    "3": 10.2,
    "4": 16.795,
    "5": 23.25,
    "6": 30.615000000000002,
    "7": 37.05,
    "8": 43.275,
    "9": 49.614999999999995,
    "10": 56.675,
    "11": 64.035,
    "12": 70.95500000000001,
    "13": 77.315,
    "14": 84.375,
    "15": 91.185,
    "16": 97.095,
    "17": 103.57499999999999,
    "18": 110.965,
    "19": 118.275,
    "20": 126.215,
    "21": 132.505,
    "22": 138.775,
    "23": 145.055,
    "24": 151.055,
    "25": 157.755,
    "26": 166.475,
    "27": 174.695,
    "28": 182.655,
    "29": 191.075,
    "30": 199.605,
    "31": 206.995,
    "32": 213.945,
    "33": 219.685,
    "34": 228.90499999999997,
    "35": 236.55,
    "36": 247.55
}