{
    "1": 9.651250000000001,
    "2": 10.170000000000002,
    "3": 16.395,
    "4": 22.619999999999997,
    "5": 28.93,
    "6": 35.595,
    "7": 41.83,
    "8": 47.394999999999996,
    "9": 54.265,
    "10": 61.095,
    "11": 68.82,
    "12": 76.695,
    "13": 83.17500000000001,
    "14": 90.595,
    "15": 98.655,
    "16": 104.255,
    "17": 111.11500000000001,
    "18": 118.755,
    "19": 126.255,
    "20": 134.245,
    "21": 140.515,
    "22": 148.235,
    "23": 155.915,
    "24": 162.025,
    "25": 168.845,
    "26": 177.275,
    "27": 184.115,
    "28": 192.265,
    "29": 199.445,
    "30": 208.195,
    "31": 215.91500000000002,
    "32": 221.985,
    "33": 227.775,
    "34": 235.8875,
    "35": 240.82,
    "36": 246.76999999999998
}