{
    "0": 0.0,
    "1": 5.6850000000000005,
    "2": 13.285,
    "3": 20.555,
    "4": 27.119999999999997,
    "5": 35.725,
    "6": 41.55,
    "7": 48.675,
    "8": 55.565,
    "9": 63.455,
    "10": 71.16499999999999,
    "11": 79.35499999999999,
    "12": 86.475,
    "13": 94.125,
    "14": 103.315,
    "15": 110.375,
    "16": 117.45,
    "17": 125.745,
    "18": 133.365,
    "19": 141.595,
    "20": 148.775,
    "21": 156.195,
    "22": 164.39,
    "23": 171.995,
    "24": 178.995,
    "25": 187.265,
    "26": 194.405,
    "27": 201.075,
    "28": 207.805,
    "29": 215.885,
    "30": 222.575,
    "31": 228.505,
    "32": 234.535,
    "33": 245.45499999999998,
    "34": 252.5,
    "35": 260.65
}