{
    "0": 0.0,
    "1": 4.215,
    "2": 11.184999999999999,
    "3": 17.814999999999998,
    "4": 24.18,
    "5": 32.375,
    "6": 38.675,
    "7": 45.625,
    "8": 52.795,
    "9": 60.315,
    "10": 66.89500000000001,
    "11": 74.015,
    "12": 79.845,
    "13": 87.095,
    "14": 94.91499999999999,
    "15": 101.595,
    "16": 108.375,
    "17": 116.85499999999999,
    "18": 122.975,
    "19": 130.615,
    "20": 136.935,
    "21": 144.275,
    "22": 151.365,
    "23": 158.215,
    "24": 164.175,
    "25": 172.035,
    "26": 178.79500000000002,
    "27": 185.89499999999998,
    "28": 193.445,
    "29": 200.905,
    "30": 208.095,
    "31": 214.445,
    "32": 220.45499999999998,
    "33": 232.265,
    "34": 241.41000000000003,
    "35": 250.76999999999998
}