{
    "1": 7.923333333333332,
    "2": 8.434999999999999,
    "3": 14.575,
    "4": 20.715,
    "5": 27.34,
    "6": 34.435,
    "7": 40.705,
    "8": 46.855000000000004,
    "9": 54.597500000000004,
    "10": 62.3375,
    "11": 69.4975,
    "12": 76.2475,
    "13": 83.2575,
    "14": 91.2175,
    "15": 97.41,
    "16": 104.4975,
    "17": 113.19,
    "18": 120.465,
    "19": 128.135,
    "20": 134.725,
    "21": 140.88500000000002,
    "22": 149.38500000000002,
    "23": 156.195,
    "24": 162.75000000000003,
    "25": 172.01,
    "26": 180.0725,
    "27": 186.95250000000001,
    "28": 192.82500000000002,
    "29": 199.79749999999999,
    "30": 206.55249999999998,
    "31": 211.89000000000001,
    "32": 217.485,
    "33": 223.2525,
    "34": 236.81750000000002,
    "35": 247.8525,
    "36": 250.9925
}