{
    "1": 2.0545833333333317,
    "2": 2.5799999999999983,
    "3": 8.885,
    "4": 15.190000000000001,
    "5": 20.93,
    "6": 28.02,
    "7": 34.215,
    "8": 41.175,
    "9": 46.44499999999999,
    "10": 53.095,
    "11": 59.995000000000005,
    "12": 65.83500000000001,
    "13": 72.275,
    "14": 78.695,
    "15": 86.315,
    "16": 93.015,
    "17": 98.625,
    "18": 105.275,
    "19": 112.08500000000001,
    "20": 117.95500000000001,
    "21": 124.67500000000001,
    "22": 130.965,
    "23": 138.255,
    "24": 144.845,
    "25": 150.925,
    "26": 158.065,
    "27": 164.54,
    "28": 170.525,
    "29": 177.535,
    "30": 184.585,
    "31": 191.82999999999998,
    "32": 198.255,
    "33": 205.35500000000002,
    "34": 215.565,
    "35": 221.63,
    "36": 229.70999999999998
}