{
    "1": 11.709999999999997,
    "2": 12.354999999999997,
    "3": 20.095,
    "4": 27.835,
    "5": 35.5,
    "6": 44.215,
    "7": 51.425,
    "8": 58.295,
    "9": 65.775,
    "10": 74.11500000000001,
    "11": 82.39500000000001,
    "12": 90.785,
    "13": 97.425,
    "14": 104.815,
    "15": 111.965,
    "16": 118.475,
    "17": 125.505,
    "18": 134.18,
    "19": 142.035,
    "20": 149.315,
    "21": 156.155,
    "22": 163.315,
    "23": 170.115,
    "24": 176.39499999999998,
    "25": 183.745,
    "26": 193.655,
    "27": 201.845,
    "28": 210.70499999999998,
    "29": 220.60500000000002,
    "30": 229.155,
    "31": 237.415,
    "32": 245.075,
    "33": 251.695,
    "34": 262.115,
    "35": 268.73,
    "36": 277.29999999999995
}