{
    "1": 7.923333333333332,
    "2": 8.434999999999999,
    "3": 14.575,
    "4": 20.715,
    "5": 27.34,
    "6": 34.435,
    "7": 40.705,
    "8": 46.855000000000004,
    "9": 53.084999999999994,
    "10": 60.754999999999995,
    "11": 67.595,
    "12": 74.79499999999999,
    "13": 81.57499999999999,
    "14": 89.07499999999999,
    "15": 96.295,
    "16": 103.055,
    "17": 109.775,
    "18": 117.83500000000001,
    "19": 124.695,
    "20": 131.45499999999998,
    "21": 138.57,
    "22": 146.035,
    "23": 153.515,
    "24": 159.89499999999998,
    "25": 166.345,
    "26": 174.925,
    "27": 183.195,
    "28": 188.89499999999998,
    "29": 195.72500000000002,
    "30": 202.445,
    "31": 208.35,
    "32": 213.95499999999998,
    "33": 219.39999999999998,
    "34": 228.495,
    "35": 239.70999999999998,
    "36": 245.3
}