{
    "0": 0.0,
    "1": 2.545,
    "2": 10.2,
    "3": 16.795,
    "4": 23.25,
    "5": 30.615000000000002,
    "6": 37.05,
    "7": 43.275,
    "8": 49.614999999999995,
    "9": 56.675,
    "10": 64.035,
    "11": 70.95500000000001,
    "12": 77.315,
    "13": 84.375,
    "14": 91.185,
    "15": 97.095,
    "16": 103.57499999999999,
    "17": 110.965,
    "18": 118.275,
    "19": 126.215,
    "20": 132.505,
    "21": 138.775,
    "22": 145.055,
    "23": 151.055,
    "24": 157.755,
    "25": 166.475,
    "26": 174.695,
    "27": 182.655,
    "28": 191.075,
    "29": 199.605,
    "30": 206.995,
    "31": 213.945,
    "32": 219.685,
    "33": 228.90499999999997,
    "34": 236.55,
    "35": 247.55
}