{
    "1": 2.8070833333333347,
    "2": 3.4400000000000013,
    "3": 11.035,
    "4": 18.63,
    "5": 25.69,
    "6": 33.644999999999996,
    "7": 40.815,
    "8": 47.295,
    "9": 54.285,
    "10": 62.375,
    "11": 69.815,
    "12": 76.925,
    "13": 84.13499999999999,
    "14": 91.235,
    "15": 98.815,
    "16": 105.695,
    "17": 112.275,
    "18": 120.775,
    "19": 128.02,
    "20": 134.575,
    "21": 142.095,
    "22": 149.465,
    "23": 157.485,
    "24": 164.075,
    "25": 171.325,
    "26": 179.415,
    "27": 187.555,
    "28": 195.775,
    "29": 206.175,
    "30": 214.825,
    "31": 222.265,
    "32": 229.17,
    "33": 235.755,
    "34": 249.735,
    "35": 258.63,
    "36": 271.93
}