{
    "0": 0.0,
    "1": 3.285,
    "2": 11.035,
    "3": 18.63,
    "4": 25.69,
    "5": 33.644999999999996,
    "6": 40.815,
    "7": 47.295,
    "8": 54.285,
    "9": 62.375,
    "10": 69.815,
    "11": 76.925,
    "12": 84.13499999999999,
    "13": 91.235,
    "14": 98.815,
    "15": 105.695,
    "16": 112.275,
    "17": 120.775,
    "18": 128.02,
    "19": 134.575,
    "20": 142.095,
    "21": 149.465,
    "22": 157.485,
    "23": 164.075,
    "24": 171.325,
    "25": 179.415,
    "26": 187.555,
    "27": 195.775,
    "28": 206.175,
    "29": 214.825,
    "30": 222.265,
    "31": 229.17,
    "32": 235.755,
    "33": 249.735,
    "34": 258.63,
    "35": 271.93
}