{
    "0": 0.0,
    "1": 5.015000000000001,
    "2": 12.005,
    "3": 19.37,
    "4": 25.63,
    "5": 33.515,
    "6": 39.75,
    "7": 46.445,
    "8": 52.815,
    "9": 60.875,
    "10": 67.155,
    "11": 74.315,
    "12": 80.61500000000001,
    "13": 86.255,
    "14": 94.13499999999999,
    "15": 101.205,
    "16": 107.395,
    "17": 115.735,
    "18": 121.975,
    "19": 128.475,
    "20": 135.485,
    "21": 141.29500000000002,
    "22": 148.965,
    "23": 155.8,
    "24": 162.01,
    "25": 170.665,
    "26": 177.445,
    "27": 184.335,
    "28": 191.575,
    "29": 199.365,
    "30": 205.53,
    "31": 210.85500000000002,
    "32": 216.075,
    "33": 228.426,
    "34": 235.79000000000002,
    "35": 244.4
}