{
    "1": 4.026250000000001,
    "2": 4.640000000000001,
    "3": 12.005,
    "4": 19.37,
    "5": 25.63,
    "6": 33.515,
    "7": 39.75,
    "8": 46.445,
    "9": 52.815,
    "10": 60.875,
    "11": 67.155,
    "12": 74.315,
    "13": 80.61500000000001,
    "14": 86.255,
    "15": 94.13499999999999,
    "16": 101.205,
    "17": 107.395,
    "18": 115.735,
    "19": 121.975,
    "20": 128.475,
    "21": 135.485,
    "22": 141.29500000000002,
    "23": 148.965,
    "24": 155.8,
    "25": 162.01,
    "26": 170.665,
    "27": 177.445,
    "28": 184.335,
    "29": 191.575,
    "30": 199.365,
    "31": 205.53,
    "32": 210.85500000000002,
    "33": 216.075,
    "34": 228.426,
    "35": 235.79000000000002,
    "36": 244.4
}