{
    "0": 0.0,
    "1": 1.495,
    "2": 36.915,
    "3": 43.955,
    "4": 50.370000000000005,
    "5": 55.295,
    "6": 63.19,
    "7": 69.29499999999999,
    "8": 75.515,
    "9": 81.63499999999999,
    "10": 88.435,
    "11": 94.765,
    "12": 100.875,
    "13": 107.17500000000001,
    "14": 113.595,
    "15": 119.89,
    "16": 126.13499999999999,
    "17": 132.33499999999998,
    "18": 139.115,
    "19": 144.975,
    "20": 151.48000000000002,
    "21": 157.435,
    "22": 163.95,
    "23": 170.075,
    "24": 176.08499999999998,
    "25": 183.015,
    "26": 189.775,
    "27": 195.47500000000002,
    "28": 201.595,
    "29": 207.97,
    "30": 214.065,
    "31": 220.03,
    "32": 226.255,
    "33": 233.695,
    "34": 239.63,
    "35": 245.45
}