{
    "1": 29.288333333333334,
    "2": 29.875,
    "3": 36.915,
    "4": 43.955,
    "5": 50.370000000000005,
    "6": 55.295,
    "7": 63.19,
    "8": 69.29499999999999,
    "9": 75.515,
    "10": 81.63499999999999,
    "11": 88.435,
    "12": 94.765,
    "13": 100.875,
    "14": 107.17500000000001,
    "15": 113.595,
    "16": 119.89,
    "17": 126.13499999999999,
    "18": 132.33499999999998,
    "19": 139.115,
    "20": 144.975,
    "21": 151.48000000000002,
    "22": 157.435,
    "23": 163.95,
    "24": 170.075,
    "25": 176.08499999999998,
    "26": 183.015,
    "27": 189.775,
    "28": 195.47500000000002,
    "29": 201.595,
    "30": 207.97,
    "31": 214.065,
    "32": 220.03,
    "33": 226.255,
    "34": 233.695,
    "35": 239.63,
    "36": 245.45
}