{
    "1": 4.026250000000001,
    "2": 4.640000000000001,
    "3": 12.005,
    "4": 19.37,
    "5": 25.63,
    "6": 33.515,
    "7": 39.75,
    "8": 46.445,
    "9": 54.572500000000005,
    "10": 62.0,
    "11": 68.5575,
    "12": 75.6775,
    "13": 81.2775,
    "14": 89.6175,
    "15": 95.46249999999999,
    "16": 102.4425,
    "17": 111.515,
    "18": 118.52499999999999,
    "19": 125.23499999999999,
    "20": 131.775,
    "21": 138.525,
    "22": 144.625,
    "23": 152.625,
    "24": 158.205,
    "25": 168.5625,
    "26": 175.4125,
    "27": 181.4025,
    "28": 188.645,
    "29": 196.845,
    "30": 203.8125,
    "31": 209.33249999999998,
    "32": 213.81500000000003,
    "33": 222.4125,
    "34": 233.095,
    "35": 245.3725,
    "36": 249.4325
}