{
    "0": 0.0,
    "1": 21.735,
    "2": 28.775,
    "3": 35.795,
    "4": 42.28,
    "5": 50.125,
    "6": 57.155,
    "7": 63.835,
    "8": 71.11500000000001,
    "9": 78.375,
    "10": 85.92,
    "11": 93.64500000000001,
    "12": 100.215,
    "13": 106.495,
    "14": 113.95500000000001,
    "15": 120.95500000000001,
    "16": 128.45499999999998,
    "17": 136.875,
    "18": 144.21499999999997,
    "19": 151.935,
    "20": 158.41000000000003,
    "21": 164.695,
    "22": 171.805,
    "23": 178.695,
    "24": 186.26,
    "25": 196.275,
    "26": 203.875,
    "27": 210.79500000000002,
    "28": 218.95499999999998,
    "29": 226.595,
    "30": 234.10500000000002,
    "31": 240.035,
    "32": 245.505,
    "33": 254.715,
    "34": 264.35,
    "35": 270.64
}