{
    "1": 21.169999999999995,
    "2": 21.754999999999995,
    "3": 28.775,
    "4": 35.795,
    "5": 42.28,
    "6": 50.125,
    "7": 57.155,
    "8": 63.835,
    "9": 71.11500000000001,
    "10": 78.375,
    "11": 85.92,
    "12": 93.64500000000001,
    "13": 100.215,
    "14": 106.495,
    "15": 113.95500000000001,
    "16": 120.95500000000001,
    "17": 128.45499999999998,
    "18": 136.875,
    "19": 144.21499999999997,
    "20": 151.935,
    "21": 158.41000000000003,
    "22": 164.695,
    "23": 171.805,
    "24": 178.695,
    "25": 186.26,
    "26": 196.275,
    "27": 203.875,
    "28": 210.79500000000002,
    "29": 218.95499999999998,
    "30": 226.595,
    "31": 234.10500000000002,
    "32": 240.035,
    "33": 245.505,
    "34": 254.715,
    "35": 264.35,
    "36": 270.64
}