{
    "1": 8.799999999999994,
    "2": 14.019999999999996,
    "3": 19.24,
    "4": 24.46,
    "5": 30.66,
    "6": 35.98,
    "7": 41.44,
    "8": 47.04,
    "9": 53.1,
    "10": 58.62,
    "11": 64.18,
    "12": 69.42,
    "13": 74.98,
    "14": 81.1,
    "15": 86.58,
    "16": 92.18,
    "17": 97.97,
    "18": 103.65,
    "19": 109.11,
    "20": 114.37,
    "21": 119.22,
    "22": 126.28,
    "23": 131.52,
    "24": 136.98,
    "25": 142.8,
    "26": 148.32,
    "27": 153.9,
    "28": 159.84,
    "29": 165.1,
    "30": 170.72,
    "31": 176.56,
    "32": 182.48,
    "33": 188.26,
    "34": 193.9,
    "35": 199.34,
    "36": 205.56,
    "37": 211.74,
    "38": 217.58,
    "39": 224.08,
    "40": 230.14,
    "41": 235.52,
    "42": 241.08,
    "43": 246.44,
    "44": 252.24,
    "45": 257.66,
    "46": 263.0,
    "47": 268.72,
    "48": 274.62,
    "49": 280.64,
    "50": 286.56,
    "51": 292.4,
    "52": 298.1,
    "53": 303.68,
    "54": 309.4,
    "55": 319.66,
    "56": 325.8,
    "57": 331.58,
    "58": 337.06,
    "59": 343.36,
    "60": 348.66,
    "61": 354.0,
    "62": 359.42,
    "63": 365.38,
    "64": 370.96,
    "65": 376.54,
    "66": 382.1,
    "67": 387.72,
    "68": 393.96,
    "69": 399.64,
    "70": 405.2,
    "71": 411.14,
    "72": 416.58,
    "73": 421.56,
    "74": 427.28,
    "75": 433.1,
    "76": 439.02,
    "77": 445.1,
    "78": 450.78,
    "79": 456.1,
    "80": 461.64,
    "81": 468.02,
    "82": 473.86,
    "83": 479.32,
    "84": 485.88,
    "85": 493.24,
    "86": 505.6
}